text,specialist,type
Baaye haath mein ajeeb sa darad hota hai kabhi kabhi,Cardiologist,Spelling Variation of: Baaye haath mein ajeeb sa dard hota hai kabhi kabhi
Baaye haath mein ajeeb sa dard hota hai kabhi kabhi,Cardiologist,Original
Bina kisi lakshan ke cholesterol level high aa raha hai check-up mein.,Cardiologist,"Variation of: Koi symptoms nahi dikhte, lekin cholesterol zyada hai reports mein."
Cardiac daktar,Cardiologist,Spelling Variation of: Cardiac doctor
Cardiac docter,Cardiologist,Spelling Variation of: Cardiac doctor
Cardiac doctor,Cardiologist,Specialist Term
"Chalte waqt pairon mein darad hota hai, rukne se aaraam milta hai",Cardiologist,"Spelling Variation of: Chalte waqt pairon mein dard hota hai, rukne se aaram milta hai"
"Chalte waqt pairon mein dard hota hai, rukne se aaram milta hai",Cardiologist,Original
"Chalte waqt seene mein dabaav sa mehsoos hota hai, rukne se theek ho jata hai",Cardiologist,Original
"Chalte waqt seene mein dabav sa mehsoos hota hai, rukne se theek ho jata hai",Cardiologist,"Spelling Variation of: Chalte waqt seene mein dabaav sa mehsoos hota hai, rukne se theek ho jata hai"
chest mai darad ho raha hai,Cardiologist,Spelling Variation of: chest mai dard ho raha hai
chest mai dard ho raha hai,Cardiologist,Original
Chest me heavypan lagta hai ya achanak tez darad hota hai.,Cardiologist,Spelling Variation of: Chest me heavypan lagta hai ya achanak tez dard hota hai.
Chest me heavypan lagta hai ya achanak tez dard hota hai.,Cardiologist,Original
chest mein bhaari-pan lag raha hai,Cardiologist,Variation of: chest mai dard ho raha hai
dil bechain ho raha hai,Cardiologist,Variation of: dil ghabra raha hai
Dil bina wajah zor zor se dhadakne lagta hai.,Cardiologist,Variation of: Dil ki dhadkan achanak se bahut tez ho jaati hai.
dil ghabra raha hai,Cardiologist,Original
Dil ka daktar,Cardiologist,Spelling Variation of: Dil ka doctor
Dil ka docter,Cardiologist,Spelling Variation of: Dil ka doctor
Dil ka doctor,Cardiologist,Specialist Term
Dil ke docter saab,Cardiologist,Spelling Variation of: Dil ke doctor sahab
Dil ke doctor saab,Cardiologist,Spelling Variation of: Dil ke doctor sahab
Dil ke doctor sahab,Cardiologist,Specialist Term
Dil ki bimaari ka doctor,Cardiologist,Spelling Variation of: Dil ki bimari ka doctor
Dil ki bimari ka docter,Cardiologist,Spelling Variation of: Dil ki bimari ka doctor
Dil ki bimari ka doctor,Cardiologist,Specialist Term
Dil ki dhadkan achanak se bahut tez ho jaati hai.,Cardiologist,Original
Dil ki dhadkan achanak se bohot tez ho jaati hai.,Cardiologist,Spelling Variation of: Dil ki dhadkan achanak se bahut tez ho jaati hai.
dil ki dhadkan tez hai,Cardiologist,Original
Dil ruk ruk ke dhadakta hai kabhi kabhee,Cardiologist,Spelling Variation of: Dil ruk ruk ke dhadakta hai kabhi kabhi
Dil ruk ruk ke dhadakta hai kabhi kabhi,Cardiologist,Original
Evening tak legs mein swelling ban jaati hai,Cardiologist,Variation of: Pairon mein soojan rehti hai shaam tak
"Head heavy rehta hai aur neck ke peeche pain hota hai, blood pressure check karana hai",Cardiologist,"Variation of: Sar bhaari rehta hai aur gardan ke peeche dard hota hai, BP check karwana hai"
Heart ka specialist,Cardiologist,Spelling Variation of: Heart specialist
Heart specialist,Cardiologist,Specialist Term
"Heartbeat kabhi kabhi irregular ho jaati hai, ruk ruk ke chalti hai",Cardiologist,Variation of: Dil ruk ruk ke dhadakta hai kabhi kabhi
heartbeat tez chal rahi hai,Cardiologist,Variation of: dil ki dhadkan tez hai
"Jyada chalne par sans phool jaati hai, dam ghutney jaisa lagta hai.",Cardiologist,"Spelling Variation of: Zyada chalne par saans phool jaati hai, dam ghutne jaisa lagta hai."
"Koi symptoms nahi dikhte, lekin cholesterol jyada hai reports mein.",Cardiologist,"Spelling Variation of: Koi symptoms nahi dikhte, lekin cholesterol zyada hai reports mein."
"Koi symptoms nahi dikhte, lekin cholesterol zyada hai reports mein.",Cardiologist,Original
Left arm mein kabhi kabhi ajeeb dard mehsoos hota hai,Cardiologist,Variation of: Baaye haath mein ajeeb sa dard hota hai kabhi kabhi
Neend mein achanak breathlessness feel hoti hai,Cardiologist,Variation of: Sote waqt achanak saans phoolne lagti hai
Pairon mein soojan rehti hai shaam tak,Cardiologist,Original
Pairon mein sujan rehti hai shaam tak,Cardiologist,Spelling Variation of: Pairon mein soojan rehti hai shaam tak
saans phool jaati hai thodi der chalne se,Cardiologist,Variation of: saans phoolti hai
saans phoolti hai,Cardiologist,Original
sans phool jaati hai thodi der chalne se,Cardiologist,Spelling Variation of: saans phool jaati hai thodi der chalne se
sans phoolti hai,Cardiologist,Spelling Variation of: saans phoolti hai
"Sar bhaari rehta hai aur gardan ke peeche dard hota hai, BP check karwana hai",Cardiologist,Original
"Sar bhari rehta hai aur gardan ke peeche darad hota hai, BP check karwana hai",Cardiologist,"Spelling Variation of: Sar bhaari rehta hai aur gardan ke peeche dard hota hai, BP check karwana hai"
Seedhi chadhte waqt seene mein bhaari-pan lagta hai,Cardiologist,Original
Seedhi chadhte waqt seene mein bhari-pan lagta hai,Cardiologist,Spelling Variation of: Seedhi chadhte waqt seene mein bhaari-pan lagta hai
seenay mai darad hai,Cardiologist,Spelling Variation of: seene mai dard hai
Seenay me achanak jakadan ya teekha darad uthta hai.,Cardiologist,Spelling Variation of: Seene me achanak jakadan ya teekha dard uthta hai.
seenay mein darad ho raha hai,Cardiologist,Spelling Variation of: seene mein dard ho raha hai
seene mai dard hai,Cardiologist,Original
Seene me achanak jakadan ya teekha dard uthta hai.,Cardiologist,Variation of: Chest me heavypan lagta hai ya achanak tez dard hota hai.
seene mein dard ho raha hai,Cardiologist,Variation of: seene mai dard hai
Sote waqt achanak saans phoolne lagti hai,Cardiologist,Original
Sote waqt achanak sans phoolne lagti hai,Cardiologist,Spelling Variation of: Sote waqt achanak saans phoolne lagti hai
Stairs chadhte waqt chest mein heaviness feel hoti hai,Cardiologist,Variation of: Seedhi chadhte waqt seene mein bhaari-pan lagta hai
Thoda sa chalne par bhi saas phoolne lagti hai.,Cardiologist,Original
"Walking ke time chest mein pressure jaisa feel hota hai, rest karne se theek ho jaata hai",Cardiologist,"Variation of: Chalte waqt seene mein dabaav sa mehsoos hota hai, rukne se theek ho jata hai"
"Walking ke time legs mein pain hota hai, resting se relief milta hai",Cardiologist,"Variation of: Chalte waqt pairon mein dard hota hai, rukne se aaram milta hai"
"Zyada chalne par saans phool jaati hai, dam ghutne jaisa lagta hai.",Cardiologist,Variation of: Thoda sa chalne par bhi saas phoolne lagti hai.
Back wala tooth erupt ho raha hai aur bahut pain ho raha hai,Dentist,Variation of: Peeche wala daant nikal raha hai aur bahut dard ho raha hai
cavity ho gayi hai,Dentist,Original
Cold ya hot cheezein khane par daant mein sensitivity hoti hai,Dentist,Variation of: Thande ya garam cheez khane se jhun-jhunahat hoti hai daant mein
daant chatak gaya hai,Dentist,Variation of: dant tuta hua hai
daant dukh raha hai,Dentist,Original
Daant ka doctor,Dentist,Specialist Term
Daant ke neeche soojan hai aur pus jama ho gaya lagta hai,Dentist,Original
daant mein dard ho raha hai,Dentist,Variation of: dant mai dard hai
daant mein keeda lag gaya hai,Dentist,Variation of: cavity ho gayi hai
daant mein takleef hai,Dentist,Variation of: daant dukh raha hai
daant mein zor ka dard hai,Dentist,Variation of: teeth mai bahut dard hai
Daant tedhe-medhe lag rahe hain,Dentist,Original
Daant waale doctor,Dentist,Spelling Variation of: Daant wale doctor
Daant wale doctor,Dentist,Specialist Term
Daanton ka specialist,Dentist,Specialist Term
Daanton wala specialist,Dentist,Spelling Variation of: Daanton ka specialist
dant chatak gaya hai,Dentist,Spelling Variation of: daant chatak gaya hai
dant dukh raha hai,Dentist,Spelling Variation of: daant dukh raha hai
Dant ka docter,Dentist,Spelling Variation of: Daant ka doctor
Dant ka doctor,Dentist,Spelling Variation of: Daant ka doctor
Dant ke niche sujan hai aur pus jama ho gaya lagta hai,Dentist,Spelling Variation of: Daant ke neeche soojan hai aur pus jama ho gaya lagta hai
dant mai darad hai,Dentist,Spelling Variation of: dant mai dard hai
dant mai dard hai,Dentist,Original
dant mein darad ho raha hai,Dentist,Spelling Variation of: daant mein dard ho raha hai
dant mein keeda lag gaya hai,Dentist,Spelling Variation of: daant mein keeda lag gaya hai
dant mein takleef hai,Dentist,Spelling Variation of: daant mein takleef hai
dant mein zor ka darad hai,Dentist,Spelling Variation of: daant mein zor ka dard hai
Dant tedhe-medhe lag rahe hain,Dentist,Spelling Variation of: Daant tedhe-medhe lag rahe hain
dant tuta hua hai,Dentist,Original
Dant wale docter,Dentist,Spelling Variation of: Daant wale doctor
Dental daktar,Dentist,Spelling Variation of: Dental doctor
Dental docter,Dentist,Spelling Variation of: Dental doctor
Dental doctor,Dentist,Specialist Term
gums se bleeding ho rahi hai,Dentist,Variation of: masudo se khoon aa raha hai
Hamesha mooh se smell aati rehti hai,Dentist,Variation of: Munh se badbu aati hai hamesha
Jabde mein clicking ki aawaz aati hai,Dentist,Spelling Variation of: Jabde mein clicking ki awaaz aati hai
Jabde mein clicking ki awaaz aati hai,Dentist,Original
masudo se khoon aa raha hai,Dentist,Original
Mooh kholte waqt jaw se click jaisi sound aati hai,Dentist,Variation of: Jabde mein clicking ki awaaz aati hai
mooh mai chala hai,Dentist,Original
mooh mein ulcer ho gaya hai,Dentist,Variation of: mooh mai chala hai
muh mai chala hai,Dentist,Spelling Variation of: mooh mai chala hai
muh mein ulcer ho gaya hai,Dentist,Spelling Variation of: mooh mein ulcer ho gaya hai
Munh se badboo aati hai hamesha,Dentist,Spelling Variation of: Munh se badbu aati hai hamesha
Munh se badbu aati hai hamesha,Dentist,Original
"Neend mein daant pisne ki aadat hai, subah jabda dukhta hai",Dentist,Original
"Neend mein dant pisne ki aadat hai, subah jabda dukhta hai",Dentist,"Spelling Variation of: Neend mein daant pisne ki aadat hai, subah jabda dukhta hai"
Peeche wala daant nikal raha hai aur bahut dard ho raha hai,Dentist,Original
Peeche wala dant nikal raha hai aur bohot darad ho raha hai,Dentist,Spelling Variation of: Peeche wala daant nikal raha hai aur bahut dard ho raha hai
"Sleep mein teeth grinding hoti hai, morning mein jaw dukhta hai",Dentist,"Variation of: Neend mein daant pisne ki aadat hai, subah jabda dukhta hai"
Teeth ki alignment sahi nahi lagti,Dentist,Variation of: Daant tedhe-medhe lag rahe hain
teeth mai bahut dard hai,Dentist,Original
teeth mai bohot darad hai,Dentist,Spelling Variation of: teeth mai bahut dard hai
Thande ya garam cheez khane se jhun-jhunahat hoti hai daant mein,Dentist,Original
Thande ya garam cheez khane se jhunjhunahat hoti hai dant mein,Dentist,Spelling Variation of: Thande ya garam cheez khane se jhun-jhunahat hoti hai daant mein
Tooth ke roots ke paas swelling hai aur pus collect ho gaya lagta hai,Dentist,Variation of: Daant ke neeche soojan hai aur pus jama ho gaya lagta hai
Baal aur skin ka daktar,Dermatologist,Spelling Variation of: Baal aur skin ka doctor
Baal aur skin ka docter,Dermatologist,Spelling Variation of: Baal aur skin ka doctor
Baal aur skin ka doctor,Dermatologist,Specialist Term
baal jhad rahe hain,Dermatologist,Original
badan mein khujali ho rahi hai,Dermatologist,Spelling Variation of: badan mein khujli ho rahi hai
badan mein khujli ho rahi hai,Dermatologist,Variation of: khaarish ho rahi hai
Bina kisi wajah ke bahut zyada pasina aata hai.,Dermatologist,Original
Bina kisi wajah ke bohot jyada pasina aata hai.,Dermatologist,Spelling Variation of: Bina kisi wajah ke bahut zyada pasina aata hai.
"Bohot jyada hair fall ho raha hai, baal patle ho rahe hain.",Dermatologist,"Spelling Variation of: Bohot zyada hair fall ho raha hai, baal patle ho rahe hain."
"Bohot zyada hair fall ho raha hai, baal patle ho rahe hain.",Dermatologist,Original
Chehre par bohot jyada pimples/acne ho gaye hain aur daag chhod rahe hain.,Dermatologist,Spelling Variation of: Chehre par bohot zyada pimples/acne ho gaye hain aur daag chhod rahe hain.
Chehre par bohot zyada pimples/acne ho gaye hain aur daag chhod rahe hain.,Dermatologist,Original
chehre pe daane nikal aaye hain,Dermatologist,Original
Dhoop mein jaate hi skin pe chakatte ho jaate hain,Dermatologist,Original
Dhup mein jaate hi skin pe chakatte ho jaate hain,Dermatologist,Spelling Variation of: Dhoop mein jaate hi skin pe chakatte ho jaate hain
Ek hi jagah baar baar phunsee ho jaati hai,Dermatologist,Spelling Variation of: Ek hi jagah baar baar phunsi ho jaati hai
Ek hi jagah baar baar phunsi ho jaati hai,Dermatologist,Original
"Face par muhaase bahut ho gaye hain, marks bhi reh jaate hain.",Dermatologist,Variation of: Chehre par bohot zyada pimples/acne ho gaye hain aur daag chhod rahe hain.
"Face par muhaase bohot ho gaye hain, marks bhi reh jaate hain.",Dermatologist,"Spelling Variation of: Face par muhaase bahut ho gaye hain, marks bhi reh jaate hain."
face pe pimples ho gaye hain,Dermatologist,Variation of: chehre pe daane nikal aaye hain
"Groin ya armpits mein red, circular patches ban gaye hain jisme itching hoti hai",Dermatologist,"Variation of: Groin ya underarms mein laal, gol chakatte ho gaye hain jisme khujli hoti hai"
"Groin ya underarms mein laal, gol chakatte ho gaye hain jisme khujli hoti hai",Dermatologist,Original
"Groin ya underarms mein lal, gol chakatte ho gaye hain jisme khujali hoti hai",Dermatologist,"Spelling Variation of: Groin ya underarms mein laal, gol chakatte ho gaye hain jisme khujli hoti hai"
hairfall ho raha hai,Dermatologist,Variation of: baal jhad rahe hain
Kanghi karte waqt bahut baal tootne lagte hain.,Dermatologist,"Variation of: Bohot zyada hair fall ho raha hai, baal patle ho rahe hain."
Kanghi karte waqt bohot baal tootne lagte hain.,Dermatologist,Spelling Variation of: Kanghi karte waqt bahut baal tootne lagte hain.
khaarish ho rahi hai,Dermatologist,Original
Naakhoon peele ya mote ho gaye hain,Dermatologist,Original
Nails ka color yellow ho gaya hai aur thickness badh gayi hai,Dermatologist,Variation of: Naakhoon peele ya mote ho gaye hain
Nakhun peele ya mote ho gaye hain,Dermatologist,Spelling Variation of: Naakhoon peele ya mote ho gaye hain
Normal se kahin jyada pasina aata hai bina garmi ke bhi.,Dermatologist,Spelling Variation of: Normal se kahin zyada pasina aata hai bina garmi ke bhi.
Normal se kahin zyada pasina aata hai bina garmi ke bhi.,Dermatologist,Variation of: Bina kisi wajah ke bahut zyada pasina aata hai.
rash ho gaya hai,Dermatologist,Original
Same spot par recurring pimple ban jaata hai,Dermatologist,Variation of: Ek hi jagah baar baar phunsi ho jaati hai
"Skin bahut dry aur khujali wali ho gayi hai, chilne lagti hai",Dermatologist,"Spelling Variation of: Skin bahut dry aur khujli wali ho gayi hai, chhilne lagti hai"
"Skin bahut dry aur khujli wali ho gayi hai, chhilne lagti hai",Dermatologist,Original
Skin daktar,Dermatologist,Spelling Variation of: Skin doctor
Skin docter,Dermatologist,Spelling Variation of: Skin doctor
Skin doctor,Dermatologist,Specialist Term
"Skin extremely dry aur itchy ho gayi hai, peeling bhi ho rahi hai",Dermatologist,"Variation of: Skin bahut dry aur khujli wali ho gayi hai, chhilne lagti hai"
Skin ka specialist,Dermatologist,Spelling Variation of: Skin specialist
skin lal ho gayi hai,Dermatologist,Original
skin mai khujali ho rahi hai,Dermatologist,Spelling Variation of: skin mai khujli ho rahi hai
skin mai khujli ho rahi hai,Dermatologist,Original
skin mein bahut khujli hoti hai,Dermatologist,Variation of: skin mai khujli ho rahi hai
skin mein bohot khujali hoti hai,Dermatologist,Spelling Variation of: skin mein bahut khujli hoti hai
Skin par achanak se rashes aur bohot khujali ho rahi hai.,Dermatologist,Spelling Variation of: Skin par achanak se rashes aur bohot khujli ho rahi hai.
Skin par achanak se rashes aur bohot khujli ho rahi hai.,Dermatologist,Original
"Skin par laal-laal chakatte pad gaye hain, bahut khujli hoti hai.",Dermatologist,Variation of: Skin par achanak se rashes aur bohot khujli ho rahi hai.
"Skin par laal-laal chakatte pad gaye hain, bohot khujali hoti hai.",Dermatologist,"Spelling Variation of: Skin par laal-laal chakatte pad gaye hain, bahut khujli hoti hai."
Skin par tiny grain jaise raised bumps nikal aaye hain,Dermatologist,Variation of: Skin pe chhote chhote dane jaise ubhaar aa gaye hain
Skin par white layer jaisi build up hoti hai aur itching bhi hoti hai,Dermatologist,Variation of: Skin pe safed parat jaisi jamm jaati hai aur khujli hoti hai
skin pe chakatte ho gaye hain,Dermatologist,Variation of: rash ho gaya hai
Skin pe chhote chhote dane jaise ubhaar aa gaye hain,Dermatologist,Original
Skin pe chote chote dane jaise ubhaar aa gaye hain,Dermatologist,Spelling Variation of: Skin pe chhote chhote dane jaise ubhaar aa gaye hain
skin pe laalpan aa gaya hai,Dermatologist,Variation of: skin lal ho gayi hai
skin pe safed daag ho gaye hain,Dermatologist,Variation of: white patches ho gaye hain skin pe
Skin pe safed daag phailte ja rahe hain,Dermatologist,Original
Skin pe safed parat jaisi jamm jaati hai aur khujli hoti hai,Dermatologist,Original
Skin pe saffed daag phailte ja rahe hain,Dermatologist,Spelling Variation of: Skin pe safed daag phailte ja rahe hain
Skin pe saffed parat jaisi jam jaati hai aur khujali hoti hai,Dermatologist,Spelling Variation of: Skin pe safed parat jaisi jamm jaati hai aur khujli hoti hai
Skin specialist,Dermatologist,Specialist Term
Sun exposure hote hi skin par patches nikal aate hain,Dermatologist,Variation of: Dhoop mein jaate hi skin pe chakatte ho jaate hain
Twacha ka daktar,Dermatologist,Spelling Variation of: Twacha ka doctor
Twacha ka docter,Dermatologist,Spelling Variation of: Twacha ka doctor
Twacha ka doctor,Dermatologist,Specialist Term
white patches ho gaye hain skin pe,Dermatologist,Original
White patches skin par badhte ja rahe hain,Dermatologist,Variation of: Skin pe safed daag phailte ja rahe hain
Baar baar pyaas lagti hai,Endocrinologist,New Suggestion
"Bahut thakaan lagti hai, mood bhi low rehta hai aur pet saaf nahi hota.",Endocrinologist,"Variation of: Hamesha thaka hua aur udaas mehsoos hota hoon, constipation bhi hai."
Bina kisi diet ke achanak se weight bohot badh gaya hai ya ghat gaya hai.,Endocrinologist,Original
Bina kuch kiye dil tez chalta hai aur weight kam ho raha hai,Endocrinologist,Original
Bina kuchh kiye dil tez chalta hai aur weight kam ho raha hai,Endocrinologist,Spelling Variation of: Bina kuch kiye dil tez chalta hai aur weight kam ho raha hai
Bohot jyada pyaas lagti hai aur baar-baar urine aata hai.,Endocrinologist,Spelling Variation of: Bohot zyada pyaas lagti hai aur baar-baar urine aata hai.
"Bohot thakan lagti hai, mood bhi low rehta hai aur pait saaf nahi hota.",Endocrinologist,"Spelling Variation of: Bahut thakaan lagti hai, mood bhi low rehta hai aur pet saaf nahi hota."
Bohot zyada pyaas lagti hai aur baar-baar urine aata hai.,Endocrinologist,Original
Gale me sujan lagti hai aur har waqt thand ya garmi bohot lagti hai.,Endocrinologist,Original
Halki chot mein bhi haddi tootne ka dar rehta hai,Endocrinologist,Original
Halki chot mein bhi haddi tutne ka dar rehta hai,Endocrinologist,Spelling Variation of: Halki chot mein bhi haddi tootne ka dar rehta hai
"Hamesha thaka hua aur udaas mehsoos hota hoon, constipation bhi hai.",Endocrinologist,Original
Harmon ka doctor,Endocrinologist,Spelling Variation of: Hormone ka doctor
Hormone ka docter,Endocrinologist,Spelling Variation of: Hormone ka doctor
Hormone ka doctor,Endocrinologist,Specialist Term
Hormone specialist,Endocrinologist,Specialist Term
Hormones ka specialist,Endocrinologist,Spelling Variation of: Hormone specialist
Khaan-paan wahi hai phir bhi weight achanak se ghat-badh gaya hai.,Endocrinologist,Variation of: Bina kisi diet ke achanak se weight bohot badh gaya hai ya ghat gaya hai.
Minor injury mein bhi bone fracture hone ka risk rehta hai,Endocrinologist,Variation of: Halki chot mein bhi haddi tootne ka dar rehta hai
Neck me swelling si lagti hai aur temperature tolerate nahi hota.,Endocrinologist,Variation of: Gale me sujan lagti hai aur har waqt thand ya garmi bohot lagti hai.
Periods iregular hain aur chehre pe baal ugne lage hain,Endocrinologist,Spelling Variation of: Periods irregular hain aur chehre pe baal ugne lage hain
Periods irregular hain aur chehre pe baal ugne lage hain,Endocrinologist,Original
Periods ka cycle set nahi hai aur face pe hair growth ho rahi hai,Endocrinologist,Variation of: Periods irregular hain aur chehre pe baal ugne lage hain
Pyaas bujhti hi nahi aur baar-baar washroom jaana padta hai.,Endocrinologist,Variation of: Bohot zyada pyaas lagti hai aur baar-baar urine aata hai.
Sugar badh gaya hai,Endocrinologist,New Suggestion
Sugar ka daktar,Endocrinologist,Spelling Variation of: Sugar ka doctor
Sugar ka docter,Endocrinologist,Spelling Variation of: Sugar ka doctor
Sugar ka doctor,Endocrinologist,Specialist Term
Thyroid ka daktar,Endocrinologist,Spelling Variation of: Thyroid ka doctor
Thyroid ka docter,Endocrinologist,Spelling Variation of: Thyroid ka doctor
Thyroid ka doctor,Endocrinologist,Specialist Term
Weight kam nahi ho raha aur periods bhi irregular ho gaye hain.,Endocrinologist,Original
Weight loss nahi ho pa raha aur periods ka cycle bigad gaya hai.,Endocrinologist,Variation of: Weight kam nahi ho raha aur periods bhi irregular ho gaye hain.
Without doing anything heartbeat fast rehti hai aur weight loss ho raha hai,Endocrinologist,Variation of: Bina kuch kiye dil tez chalta hai aur weight kam ho raha hai
"Aankhein khujali karti hain aur paani bhi aata hai, saath mein skin sookhi lagti hai.",ENT Specialist,"Spelling Variation of: Aankhein khujli karti hain aur paani bhi aata hai, saath mein skin sookhi lagti hai."
"Aankhein khujli karti hain aur paani bhi aata hai, saath mein skin sookhi lagti hai.",ENT Specialist,"Variation of: Aankhon mein khujli aur paani aata hai, skin bhi dry lagti hai."
"Aankhon mein khujali aur paani aata hai, skin bhi dry lagti hai.",ENT Specialist,"Spelling Variation of: Aankhon mein khujli aur paani aata hai, skin bhi dry lagti hai."
"Aankhon mein khujli aur paani aata hai, skin bhi dry lagti hai.",ENT Specialist,Original
Baar baar chhink aati hai aur naak mein khujali hoti hai.,ENT Specialist,Spelling Variation of: Baar baar chhink aati hai aur naak mein khujli hoti hai.
Baar baar chhink aati hai aur naak mein khujli hoti hai.,ENT Specialist,Variation of: Chhinkein aati hain aur naak khujli karti hai.
"Chehre mein bhaari-pan aur sar dard hai, khaas kar jhukne par",ENT Specialist,Original
"Chehre mein bhari-pan aur sar darad hai, khaas kar jhukne par",ENT Specialist,"Spelling Variation of: Chehre mein bhaari-pan aur sar dard hai, khaas kar jhukne par"
Chhikein bahut aa rahi hain,ENT Specialist,New Suggestion
Chhikein bohot aa rahi hain,ENT Specialist,Spelling Variation of: Chhikein bahut aa rahi hain
Chhinkein aati hain aur naak khujali karti hai.,ENT Specialist,Spelling Variation of: Chhinkein aati hain aur naak khujli karti hai.
Chhinkein aati hain aur naak khujli karti hai.,ENT Specialist,Original
E.N.T doctor,ENT Specialist,Spelling Variation of: ENT doctor
Ears mein continuous ringing sound sunayi deti hai,ENT Specialist,Variation of: Kaan mein hamesha ghanti bajti rehti hai
Ek nostril se breathe karna hamesha difficult hota hai,ENT Specialist,Variation of: Ek taraf se saans lena mushkil hota hai hamesha
Ek taraf se saans lena mushkil hota hai hamesha,ENT Specialist,Original
Ek taraf se sans lena mushkil hota hai hamesha,ENT Specialist,Spelling Variation of: Ek taraf se saans lena mushkil hota hai hamesha
ENT docter,ENT Specialist,Spelling Variation of: ENT doctor
ENT doctor,ENT Specialist,Specialist Term
"Face mein heaviness aur headache hai, especially bending par",ENT Specialist,"Variation of: Chehre mein bhaari-pan aur sar dard hai, khaas kar jhukne par"
gaala dukh raha hai,ENT Specialist,Spelling Variation of: gala dukh raha hai
Gaala mein kuch atka hua mehsoos hota hai hamesha,ENT Specialist,Spelling Variation of: Gale mein kuch atka hua mehsoos hota hai hamesha
Gaala sookha aur khujali jaisa lagta hai.,ENT Specialist,Spelling Variation of: Gala sookha aur khujli jaisa lagta hai.
gala dukh raha hai,ENT Specialist,Original
Gala sookha aur khujli jaisa lagta hai.,ENT Specialist,Original
gale mein darad hai,ENT Specialist,Spelling Variation of: gale mein dard hai
gale mein dard hai,ENT Specialist,Variation of: gala dukh raha hai
Gale mein kharaash si mehsoos hoti hai.,ENT Specialist,Variation of: Gala sookha aur khujli jaisa lagta hai.
Gale mein kuch atka hua mehsoos hota hai hamesha,ENT Specialist,Original
Gale mein soojan hai aur nigalte waqt bahut dard hota hai,ENT Specialist,Original
Gale mein sujan hai aur nigalte waqt bohot darad hota hai,ENT Specialist,Spelling Variation of: Gale mein soojan hai aur nigalte waqt bahut dard hota hai
K.N.G daktar,ENT Specialist,Spelling Variation of: KNG doctor
Kaan ke bahar laalpan hai aur bahut khujli hoti hai.,ENT Specialist,Original
Kaan ke upar wale hisse mein khujli aur laal-pan hai.,ENT Specialist,Variation of: Kaan ke bahar laalpan hai aur bahut khujli hoti hai.
kaan mai dard hai,ENT Specialist,Original
Kaan mein dard hai aur pus nikal raha hai.,ENT Specialist,Original
kaan mein dard ho raha hai,ENT Specialist,Variation of: kaan mai dard hai
Kaan mein hamesha ghanti bajti rehti hai,ENT Specialist,Original
Kaan naak gala ka daktar,ENT Specialist,Spelling Variation of: Kaan-naak-gala ka doctor
kaan se discharge ho raha hai,ENT Specialist,Variation of: kaan se pani aa raha hai
kaan se pani aa raha hai,ENT Specialist,Original
"Kaan se pilaapan ya pus jaisa discharge aa raha hai, dard bhi hai.",ENT Specialist,Variation of: Kaan mein dard hai aur pus nikal raha hai.
Kaan-naak-gala ka doctor,ENT Specialist,Specialist Term
Kan ke bahar laalpan hai aur bohot khujali hoti hai.,ENT Specialist,Spelling Variation of: Kaan ke bahar laalpan hai aur bahut khujli hoti hai.
Kan ke upar wale hisse mein khujali aur laal-pan hai.,ENT Specialist,Spelling Variation of: Kaan ke upar wale hisse mein khujli aur laal-pan hai.
kan mai darad hai,ENT Specialist,Spelling Variation of: kaan mai dard hai
Kan mein darad hai aur pus nikal raha hai.,ENT Specialist,Spelling Variation of: Kaan mein dard hai aur pus nikal raha hai.
kan mein darad ho raha hai,ENT Specialist,Spelling Variation of: kaan mein dard ho raha hai
Kan mein hamesha ghanti bajti rehti hai,ENT Specialist,Spelling Variation of: Kaan mein hamesha ghanti bajti rehti hai
kan se discharge ho raha hai,ENT Specialist,Spelling Variation of: kaan se discharge ho raha hai
kan se pani aa raha hai,ENT Specialist,Spelling Variation of: kaan se pani aa raha hai
"Kan se pilaapan ya pus jaisa discharge aa raha hai, darad bhi hai.",ENT Specialist,"Spelling Variation of: Kaan se pilaapan ya pus jaisa discharge aa raha hai, dard bhi hai."
Kan-naak-gaala ka docter,ENT Specialist,Spelling Variation of: Kaan-naak-gala ka doctor
khaansi bohot aa rahi hai,ENT Specialist,Spelling Variation of: khansi bahut aa rahi hai
"Khaansi kaafi din se ho rahi hai, jaati nahi",ENT Specialist,"Spelling Variation of: Khansi kaafi din se ho rahi hai, jaati nahi"
khaansi rukti nahi hai,ENT Specialist,Spelling Variation of: khansi rukti nahi hai
khansi bahut aa rahi hai,ENT Specialist,Original
"Khansi kaafi din se ho rahi hai, jaati nahi",ENT Specialist,New Suggestion
khansi rukti nahi hai,ENT Specialist,Variation of: khansi bahut aa rahi hai
KNG docter,ENT Specialist,Spelling Variation of: KNG doctor
KNG doctor,ENT Specialist,Specialist Term
naak band ho gayi hai,ENT Specialist,Variation of: nose block hai
Naak kaan gala specialist,ENT Specialist,Spelling Variation of: Naak-kaan-gala specialist
Naak se khoon aata hai kabhi kabhi,ENT Specialist,Original
Naak se khun aata hai kabhi kabhi,ENT Specialist,Spelling Variation of: Naak se khoon aata hai kabhi kabhi
Naak se paani beh raha hai,ENT Specialist,New Suggestion
Naak-kaan-gala specialist,ENT Specialist,Specialist Term
Naak-kan-gaala specialist,ENT Specialist,Spelling Variation of: Naak-kaan-gala specialist
Neend mein loud snoring hoti hai,ENT Specialist,Variation of: Sote waqt bahut zor se kharate aate hain
nose block hai,ENT Specialist,Original
Occasionally nosebleed ho jata hai,ENT Specialist,Variation of: Naak se khoon aata hai kabhi kabhi
Sote waqt bahut zor se kharate aate hain,ENT Specialist,Original
Sote waqt bohot zor se kharate aate hain,ENT Specialist,Spelling Variation of: Sote waqt bahut zor se kharate aate hain
sunayi kam de raha hai,ENT Specialist,Original
sunne mein dikkat hoti hai,ENT Specialist,Variation of: sunayi kam de raha hai
Throat mein hamesha kuch stuck jaisa lagta hai,ENT Specialist,Variation of: Gale mein kuch atka hua mehsoos hota hai hamesha
Throat mein swelling hai aur swallowing ke time bahut pain hota hai,ENT Specialist,Variation of: Gale mein soojan hai aur nigalte waqt bahut dard hota hai
"Bahut din se halka bukhar hai, utar hi nahi raha.",General Physician,Original
"Body me bilkul energy nahi lagti, har waqt thakan rehti hai.",General Physician,Original
"Bohot din se halka bukhaar hai, utar hi nahi raha.",General Physician,"Spelling Variation of: Bahut din se halka bukhar hai, utar hi nahi raha."
Halka fever bana hua hai kayi dinon se.,General Physician,"Variation of: Bahut din se halka bukhar hai, utar hi nahi raha."
Mausam badalte hi cold aur cough ho jata hai.,General Physician,Original
Poore din kamzoori aur sustee mehsoos hoti hai.,General Physician,Spelling Variation of: Poore din kamzori aur sustee mehsoos hoti hai.
Poore din kamzori aur sustee mehsoos hoti hai.,General Physician,"Variation of: Body me bilkul energy nahi lagti, har waqt thakan rehti hai."
Season change hote hi zukam-khaansi shuru ho jaati hai.,General Physician,Spelling Variation of: Season change hote hi zukam-khansi shuru ho jaati hai.
Season change hote hi zukam-khansi shuru ho jaati hai.,General Physician,Variation of: Mausam badalte hi cold aur cough ho jata hai.
"Aankhein aur skin peeli lag rahi hai, urine ka rang bhi dark hai",Gastroenterologist,Original
"Aankhein aur skin pili lag rahi hai, urine ka rang bhi dark hai",Gastroenterologist,"Spelling Variation of: Aankhein aur skin peeli lag rahi hai, urine ka rang bhi dark hai"
acidity bahut ho rahi hai,Gastroenterologist,Original
acidity bohot ho rahi hai,Gastroenterologist,Spelling Variation of: acidity bahut ho rahi hai
badhazmi ho rahi hai,Gastroenterologist,Original
Chest mein jalan si mehsoos hoti hai khana khane ke baad.,Gastroenterologist,Variation of: Seene mein jalan hoti hai jise heartburn kehte hain.
Daast aur ulty dono ho rahe hain saath mein bukhaar bhi hai.,Gastroenterologist,Spelling Variation of: Dast aur ulti dono ho rahe hain saath mein bukhar bhi hai.
daast lag gaye hain,Gastroenterologist,Spelling Variation of: dast lag gaye hain
Dast aur ulti dono ho rahe hain saath mein bukhar bhi hai.,Gastroenterologist,Original
dast lag gaye hain,Gastroenterologist,Variation of: loose motion ho raha hai
Digestion ka doctor,Gastroenterologist,Spelling Variation of: Digestive specialist
Digestive specialist,Gastroenterologist,Specialist Term
Eating ke turant baad washroom ki urgency hoti hai,Gastroenterologist,Variation of: Khana khate hi turant washroom jaana padta hai
Empty stomach mein burning hoti hai jo eating ke baad kam ho jaati hai,Gastroenterologist,Variation of: Khaali pet mein jalan hoti hai jo khane se kam hoti hai
"Empty stomach mein pain zyada hota hai, eating ke baad kam ho jaata hai",Gastroenterologist,"Variation of: Khaali pet dard zyada hota hai, khane ke baad kam ho jata hai"
"Eyes aur skin mein yellowish tinge hai, urine ka colour bhi dark hai",Gastroenterologist,"Variation of: Aankhein aur skin peeli lag rahi hai, urine ka rang bhi dark hai"
gas ki problem hai,Gastroenterologist,Original
Kafi dino se constipation hai ya baar-baar loose motions ho rahe hain.,Gastroenterologist,Original
"Khaali pet dard zyada hota hai, khane ke baad kam ho jata hai",Gastroenterologist,Original
Khaali pet mein jalan hoti hai jo khane se kam hoti hai,Gastroenterologist,Original
Khaana khate hi turant khatta dakaar aur jalan hoti hai.,Gastroenterologist,Variation of: Khana khate hi severe acidity aur seene me jalan hoti hai.
"Khali pet darad zyada hota hai, khane ke baad kam ho jata hai",Gastroenterologist,"Spelling Variation of: Khaali pet dard zyada hota hai, khane ke baad kam ho jata hai"
Khali pet mein jalan hoti hai jo khane se kam hoti hai,Gastroenterologist,Spelling Variation of: Khaali pet mein jalan hoti hai jo khane se kam hoti hai
khana hazam nahi ho raha,Gastroenterologist,Variation of: khana nahi paach raha
Khana khate hi severe acidity aur seenay me jalan hoti hai.,Gastroenterologist,Spelling Variation of: Khana khate hi severe acidity aur seene me jalan hoti hai.
Khana khate hi severe acidity aur seene me jalan hoti hai.,Gastroenterologist,Original
Khana khate hi turant washroom jaana padta hai,Gastroenterologist,Original
Khana khate hi turant washroom jana padta hai,Gastroenterologist,Spelling Variation of: Khana khate hi turant washroom jaana padta hai
khana nahi paach raha,Gastroenterologist,Original
"Khana nigalne mein dikkat hoti hai, gale mein kuch atka lagta hai.",Gastroenterologist,Original
"Loose motion aur vomiting ho rahi hai, bukhaar bhi hai.",Gastroenterologist,"Spelling Variation of: Loose motion aur vomiting ho rahi hai, bukhar bhi hai."
"Loose motion aur vomiting ho rahi hai, bukhar bhi hai.",Gastroenterologist,Variation of: Dast aur ulti dono ho rahe hain saath mein bukhar bhi hai.
loose motion ho raha hai,Gastroenterologist,Original
Motion mein blood ya dark colour nazar aata hai,Gastroenterologist,Variation of: Stool mein khoon ya kaala rang dikhta hai
motion nahi ho raha,Gastroenterologist,Original
Pait baar baar kharab hota hai stress lene par,Gastroenterologist,Spelling Variation of: Pet baar baar kharab hota hai stress lene par
pait darad kar raha hai,Gastroenterologist,Spelling Variation of: pet dard kar raha hai
pait dukh raha hai,Gastroenterologist,Spelling Variation of: pet dukh raha hai
Pait dukh raha hai aur poore badan mein darad hai.,Gastroenterologist,Spelling Variation of: Pet dukh raha hai aur poore badan mein dard hai.
Pait ka docter,Gastroenterologist,Spelling Variation of: Pet ka doctor
pait mai darad hai,Gastroenterologist,Spelling Variation of: pet mai dard hai
Pait me har waqt bloating aur bhari-bhari lagta hai.,Gastroenterologist,Spelling Variation of: Pet me har waqt bloating aur bhari-bhari lagta hai.
pait mein bhaari lagta hai khane ke baad,Gastroenterologist,Spelling Variation of: pet mein bhaari lagta hai khane ke baad
pait mein bhaari-pan lag raha hai,Gastroenterologist,Spelling Variation of: pet mein bhaari-pan lag raha hai
Pait mein darad hai aur badan darad bhi ho raha hai.,Gastroenterologist,Spelling Variation of: Pet mein dard hai aur badan dard bhi ho raha hai.
pait mein gas bharta hai,Gastroenterologist,Spelling Variation of: pet mein gas bharta hai
Pait mein ghar-ghar ki awaaz aati hai,Gastroenterologist,Spelling Variation of: Pet mein ghar-ghar ki awaaz aati hai
pait mein takleef ho rahi hai,Gastroenterologist,Spelling Variation of: pet mein takleef ho rahi hai
pait phool gaya hai,Gastroenterologist,Spelling Variation of: pet phool gaya hai
"Pait phoola-phoola rehta hai, gas bharti rehti hai.",Gastroenterologist,"Spelling Variation of: Pet phoola-phoola rehta hai, gas bharti rehti hai."
pait saaf nahi ho raha,Gastroenterologist,Spelling Variation of: pet saaf nahi ho raha
"Pait saaf nahi hota theek se, ya daast baar-baar lag jaate hain.",Gastroenterologist,"Spelling Variation of: Pet saaf nahi hota theek se, ya dast baar-baar lag jaate hain."
Pait-aant ka docter,Gastroenterologist,Spelling Variation of: Pet-aant ka doctor
Pet aant ka doctor,Gastroenterologist,Spelling Variation of: Pet-aant ka doctor
Pet baar baar kharab hota hai stress lene par,Gastroenterologist,Original
pet dard kar raha hai,Gastroenterologist,Variation of: pet mai dard hai
pet dukh raha hai,Gastroenterologist,Original
Pet dukh raha hai aur poore badan mein dard hai.,Gastroenterologist,Variation of: Pet mein dard hai aur badan dard bhi ho raha hai.
Pet ka daktar,Gastroenterologist,Spelling Variation of: Pet ka doctor
Pet ka doctor,Gastroenterologist,Specialist Term
Pet ka specialist,Gastroenterologist,Spelling Variation of: Stomach specialist
pet mai dard hai,Gastroenterologist,Original
Pet me har waqt bloating aur bhari-bhari lagta hai.,Gastroenterologist,Original
pet mein bhaari lagta hai khane ke baad,Gastroenterologist,Variation of: badhazmi ho rahi hai
pet mein bhaari-pan lag raha hai,Gastroenterologist,Variation of: pet phool gaya hai
Pet mein dard hai aur badan dard bhi ho raha hai.,Gastroenterologist,Original
pet mein gas bharta hai,Gastroenterologist,Variation of: gas ki problem hai
Pet mein ghar-ghar ki awaaz aati hai,Gastroenterologist,Original
pet mein takleef ho rahi hai,Gastroenterologist,Variation of: pet dukh raha hai
pet phool gaya hai,Gastroenterologist,Original
"Pet phoola-phoola rehta hai, gas bharti rehti hai.",Gastroenterologist,Variation of: Pet me har waqt bloating aur bhari-bhari lagta hai.
pet saaf nahi ho raha,Gastroenterologist,Variation of: motion nahi ho raha
"Pet saaf nahi hota theek se, ya dast baar-baar lag jaate hain.",Gastroenterologist,Variation of: Kafi dino se constipation hai ya baar-baar loose motions ho rahe hain.
Pet-aant ka doctor,Gastroenterologist,Specialist Term
seenay mein jalan ho rahi hai (acidity),Gastroenterologist,Spelling Variation of: seene mein jalan ho rahi hai (acidity)
Seenay mein jalan hoti hai jise heartburn kehte hain.,Gastroenterologist,Spelling Variation of: Seene mein jalan hoti hai jise heartburn kehte hain.
seene mein jalan ho rahi hai (acidity),Gastroenterologist,Variation of: acidity bahut ho rahi hai
Seene mein jalan hoti hai jise heartburn kehte hain.,Gastroenterologist,Original
stomach bahut zor se dard kar raha hai,Gastroenterologist,Variation of: stomach mai bahut dard ho raha hai
stomach bohot zor se darad kar raha hai,Gastroenterologist,Spelling Variation of: stomach bahut zor se dard kar raha hai
stomach mai bahut dard ho raha hai,Gastroenterologist,Original
stomach mai bohot darad ho raha hai,Gastroenterologist,Spelling Variation of: stomach mai bahut dard ho raha hai
Stomach se gurgling sound sunayi deti hai,Gastroenterologist,Variation of: Pet mein ghar-ghar ki awaaz aati hai
Stomach specialist,Gastroenterologist,Specialist Term
Stool mein khoon ya kaala rang dikhta hai,Gastroenterologist,Original
Stool mein khun ya kala rang dikhta hai,Gastroenterologist,Spelling Variation of: Stool mein khoon ya kaala rang dikhta hai
Stress lene par stomach frequently upset ho jaata hai,Gastroenterologist,Variation of: Pet baar baar kharab hota hai stress lene par
"Swallow karte waqt takleef hoti hai, gale mein rukawat mehsoos hoti hai.",Gastroenterologist,"Variation of: Khana nigalne mein dikkat hoti hai, gale mein kuch atka lagta hai."
"Aise hi rehta hai, kabhi kam kabhi jyada",General (Duration),"Spelling Variation of: Aise hi rehta hai, kabhi kam kabhi zyada"
"Aise hi rehta hai, kabhi kam kabhi zyada",General (Duration),New Suggestion
Do-teen din se aisa hi hai,General (Duration),New Suggestion
Kal se ho raha hai,General (Duration),New Suggestion
Aam daaktar,General Physician,Spelling Variation of: Aam doctor
Aam docter,General Physician,Spelling Variation of: Aam doctor
Aam doctor,General Physician,Specialist Term
Badan darad ho raha hai,General Physician,Spelling Variation of: Badan dard ho raha hai
Badan dard ho raha hai,General Physician,New Suggestion
Bahar ka khana khane ke baad ulti aur pet dard shuru ho gaya,General Physician,Original
Bahar ka khana khane ke baad ulty aur pet darad shuru ho gaya,General Physician,Spelling Variation of: Bahar ka khana khane ke baad ulti aur pet dard shuru ho gaya
Bahut pasina aa raha hai,General Physician,New Suggestion
Bahut pasina aa raha hai aur neend zyada aati hai.,General Physician,Original
bahut tez bukhar hai,General Physician,Variation of: tez bukhar aa raha hai
Bhookh nahi lag rahi,General Physician,New Suggestion
Body mein jagah jagah chubhan si mehsoos hoti hai,General Physician,Variation of: Shareer mein sui chubhne jaisa lagta hai
body mein kamzoori mehsoos ho rahi hai,General Physician,Spelling Variation of: body mein kamzori mehsoos ho rahi hai
body mein kamzori mehsoos ho rahi hai,General Physician,Variation of: kamzori lag rahi hai
Body temperature normal se jyada hai aur thand lag rahi hai.,General Physician,Spelling Variation of: Body temperature normal se zyada hai aur thand lag rahi hai.
Body temperature normal se zyada hai aur thand lag rahi hai.,General Physician,Original
Bohot pasina aa raha hai,General Physician,Spelling Variation of: Bahut pasina aa raha hai
Bohot pasina aa raha hai aur nind jyada aati hai.,General Physician,Spelling Variation of: Bahut pasina aa raha hai aur neend zyada aati hai.
bohot tez bukhaar hai,General Physician,Spelling Variation of: bahut tez bukhar hai
Bones mein constant pain rehta hai aur fatigue bhi hamesha mehsoos hoti hai,General Physician,Variation of: Haddiyon mein dard rehta hai aur hamesha thakaan lagti hai
bukhaar aa raha hai,General Physician,Spelling Variation of: bukhar aa raha hai
bukhaar hai,General Physician,Spelling Variation of: bukhar hai
Bukhaar ke saath kaanpna aur thand mehsoos hoti hai.,General Physician,Spelling Variation of: Bukhar ke saath kaanpna aur thand mehsoos hoti hai.
Bukhaar ke saath thand lagke kanpna aur phir tez garmi lagna,General Physician,Spelling Variation of: Bukhar ke saath thand lagke kaanpna aur phir tez garmi lagna
bukhar aa raha hai,General Physician,Variation of: bukhar hai
bukhar hai,General Physician,Original
Bukhar ke saath jodo aur aankhon ke peeche dard hota hai,General Physician,Original
Bukhar ke saath jodon aur aankho ke peeche darad hota hai,General Physician,Spelling Variation of: Bukhar ke saath jodo aur aankhon ke peeche dard hota hai
Bukhar ke saath kaanpna aur thand mehsoos hoti hai.,General Physician,Variation of: Body temperature normal se zyada hai aur thand lag rahi hai.
Bukhar ke saath thand lagke kaanpna aur phir tez garmi lagna,General Physician,Original
Chehra peela lagta hai aur thodi si mehnat mein sans phoolti hai,General Physician,Spelling Variation of: Chehra pila lagta hai aur thodi si mehnat mein saans phoolti hai
Chehra pila lagta hai aur thodi si mehnat mein saans phoolti hai,General Physician,Original
"Ek hafte se zyada fever chal raha hai jo evening mein zyada hota hai, weakness bhi hai",General Physician,"Variation of: Hafte se zyada bukhar hai jo shaam ko badh jata hai, kamzori bhi hai"
Face pale dikhta hai aur halki si activity mein bhi breathlessness hoti hai,General Physician,Variation of: Chehra pila lagta hai aur thodi si mehnat mein saans phoolti hai
Family daktar,General Physician,Spelling Variation of: Family doctor
Family docter,General Physician,Spelling Variation of: Family doctor
Family doctor,General Physician,Specialist Term
Fever ke dauran pehle thand se kaanpna hota hai phir tez garmi chadhti hai,General Physician,Variation of: Bukhar ke saath thand lagke kaanpna aur phir tez garmi lagna
Fever ke saath joint pain aur eyes ke peeche bhi dard hota hai,General Physician,Variation of: Bukhar ke saath jodo aur aankhon ke peeche dard hota hai
General daktar,General Physician,Spelling Variation of: General doctor
General docter,General Physician,Spelling Variation of: General doctor
General doctor,General Physician,Specialist Term
Ghar ke paas waala doctor,General Physician,Spelling Variation of: Ghar ke paas wala doctor
Ghar ke paas wala doctor,General Physician,Specialist Term
Ghar ke pas wala docter,General Physician,Spelling Variation of: Ghar ke paas wala doctor
Haddiyon mein darad rehta hai aur hamesha thakan lagti hai,General Physician,Spelling Variation of: Haddiyon mein dard rehta hai aur hamesha thakaan lagti hai
Haddiyon mein dard rehta hai aur hamesha thakaan lagti hai,General Physician,Original
"Hafte se jyada bukhar hai jo shaam ko badh jata hai, kamzoori bhi hai",General Physician,"Spelling Variation of: Hafte se zyada bukhar hai jo shaam ko badh jata hai, kamzori bhi hai"
"Hafte se zyada bukhar hai jo shaam ko badh jata hai, kamzori bhi hai",General Physician,Original
hamesha thaka thaka lagta hai,General Physician,Variation of: thakaan mahsoos ho rahi hai
kamzoori lag rahi hai,General Physician,Spelling Variation of: kamzori lag rahi hai
kamzori lag rahi hai,General Physician,Original
Khaansi ho rahi hai aur seenay mein jamaav lagta hai.,General Physician,Spelling Variation of: Khansi ho rahi hai aur seene mein jamaav lagta hai.
Khaansi ke saath chest mein congestion mehsoos hoti hai.,General Physician,Spelling Variation of: Khansi ke saath chest mein congestion mehsoos hoti hai.
Khada hone par aankho ke aage andhera cha jata hai,General Physician,Spelling Variation of: Khada hone par aankhon ke aage andhera chha jata hai
Khada hone par aankhon ke aage andhera chha jata hai,General Physician,Original
Khansi ho rahi hai aur seene mein jamaav lagta hai.,General Physician,Original
Khansi ke saath chest mein congestion mehsoos hoti hai.,General Physician,Variation of: Khansi ho rahi hai aur seene mein jamaav lagta hai.
Local daktar,General Physician,Spelling Variation of: Local doctor
Local docter,General Physician,Spelling Variation of: Local doctor
Local doctor,General Physician,Specialist Term
M.B.B.S doctor,General Physician,Spelling Variation of: MBBS doctor
MBBS docter,General Physician,Spelling Variation of: MBBS doctor
MBBS doctor,General Physician,Specialist Term
Mooh mein kadwahat si rehti hai,General Physician,Variation of: Muh ka swaad kadwa lagta hai
Muh ka swaad kadwa lagta hai,General Physician,Original
Muh ka swad kadwa lagta hai,General Physician,Spelling Variation of: Muh ka swaad kadwa lagta hai
"Naak bahti hai ya band rehti hai, gaala bhi kharab hai.",General Physician,"Spelling Variation of: Naak bahti hai ya band rehti hai, gala bhi kharab hai."
"Naak bahti hai ya band rehti hai, gala bhi kharab hai.",General Physician,Original
Neend nahi aati raat mein,General Physician,New Suggestion
Nind nahi aati raat mein,General Physician,Spelling Variation of: Neend nahi aati raat mein
Outside khana khane ke baad vomiting aur stomach pain start ho gaya,General Physician,Variation of: Bahar ka khana khane ke baad ulti aur pet dard shuru ho gaya
Pasina bhi bahut aa raha hai aur neend jaisa lagta hai humesha.,General Physician,Variation of: Bahut pasina aa raha hai aur neend zyada aati hai.
Pasina bhi bohot aa raha hai aur nind jaisa lagta hai humesha.,General Physician,Spelling Variation of: Pasina bhi bahut aa raha hai aur neend jaisa lagta hai humesha.
Raat ko paseena bahut aata hai,General Physician,Original
Raat ko pasina bahut aata hai,General Physician,Spelling Variation of: Raat ko paseena bahut aata hai
Shareer mein sui chubhne jaisa lagta hai,General Physician,Original
Sharir mein suee chubhne jaisa lagta hai,General Physician,Spelling Variation of: Shareer mein sui chubhne jaisa lagta hai
Sote waqt bahut zyada pasina chhoot jata hai,General Physician,Variation of: Raat ko paseena bahut aata hai
tez bukhaar aa raha hai,General Physician,Spelling Variation of: tez bukhar aa raha hai
tez bukhar aa raha hai,General Physician,Original
thakaan mahsoos ho rahi hai,General Physician,Original
thakan mahsoos ho rahi hai,General Physician,Spelling Variation of: thakaan mahsoos ho rahi hai
Ulti jaisa lag raha hai,General Physician,New Suggestion
Ulty jaisa lag raha hai,General Physician,Spelling Variation of: Ulti jaisa lag raha hai
Uthte waqt nazar ke saamne kuch der ke liye kuch nahi dikhta,General Physician,Variation of: Khada hone par aankhon ke aage andhera chha jata hai
weight kam ho raha hai,General Physician,Original
weight loss ho raha hai,General Physician,Variation of: weight kam ho raha hai
"Zukam ho gaya hai, naak se paani beh raha hai.",General Physician,"Variation of: Naak bahti hai ya band rehti hai, gala bhi kharab hai."
"Andkosh mein soojan hai, dard nahi hota",General Surgeon,Original
"Andkosh mein sujan hai, darad nahi hota",General Surgeon,"Spelling Variation of: Andkosh mein soojan hai, dard nahi hota"
Anus ke aas paas se continuously discharge hota rehta hai,General Surgeon,Variation of: Mal dwar ke paas se pus ya pani nikalta rehta hai
Bowel movement ke time bleeding hoti hai aur anus ke paas lump jaisa mehsoos hota hai,General Surgeon,Variation of: Motion ke waqt khoon aata hai aur mal dwar mein gaanth jaisa lagta hai
Bowel movement mein severe pain hota hai aur halka sa bleeding bhi hoti hai,General Surgeon,Variation of: Motion ke waqt bahut dard hota hai aur thoda khoon bhi aata hai
Burn wali jagah par blisters ban gaye hain,General Surgeon,Variation of: Jalne ki jagah pe chhale pad gaye hain
"Chot ki jagah laal ho gayi hai aur garam lagti hai, sujan bhi badh rahi hai",General Surgeon,"Spelling Variation of: Chot ki jagah lal ho gayi hai aur garam lagti hai, sujan bhi badh rahi hai"
"Chot ki jagah lal ho gayi hai aur garam lagti hai, sujan bhi badh rahi hai",General Surgeon,Original
"Ek jagah pe soojan hai jisme pus bhara hua lagta hai, chhoone se dard hota hai",General Surgeon,Original
"Ek jagah pe sujan hai jisme pus bhara hua lagta hai, chhune se darad hota hai",General Surgeon,"Spelling Variation of: Ek jagah pe soojan hai jisme pus bhara hua lagta hai, chhoone se dard hota hai"
"Ek spot par swelling hai jisme pus filled lagta hai, touch karne se pain hota hai",General Surgeon,"Variation of: Ek jagah pe soojan hai jisme pus bhara hua lagta hai, chhoone se dard hota hai"
Gale ke aage ki taraf soojan hai jo nigalte waqt upar-neeche hoti hai,General Surgeon,Original
Gale ke aage ki taraf sujan hai jo nigalte waqt upar-niche hoti hai,General Surgeon,Spelling Variation of: Gale ke aage ki taraf soojan hai jo nigalte waqt upar-neeche hoti hai
Gale ya gardan mein gaanth ban gayi hai,General Surgeon,Original
Gale ya gardan mein ganth ban gayi hai,General Surgeon,Spelling Variation of: Gale ya gardan mein gaanth ban gayi hai
Ghaav bhar nahi raha kaafi din se,General Surgeon,Original
Ghaav bhar nahi raha kafi din se,General Surgeon,Spelling Variation of: Ghaav bhar nahi raha kaafi din se
"Injury site red aur warm ho gayi hai, swelling bhi increase ho rahi hai",General Surgeon,"Variation of: Chot ki jagah lal ho gayi hai aur garam lagti hai, sujan bhi badh rahi hai"
Jalne ki jagah pe chale pad gaye hain,General Surgeon,Spelling Variation of: Jalne ki jagah pe chhale pad gaye hain
Jalne ki jagah pe chhale pad gaye hain,General Surgeon,Original
Khana khane ke baad daayi paslee ke neeche dard hota hai,General Surgeon,Original
Khana khane ke baad daayi pasli ke neeche darad hota hai,General Surgeon,Spelling Variation of: Khana khane ke baad daayi paslee ke neeche dard hota hai
Khansi ke waqt navel ke aas paas ek ubhaar nazar aata hai,General Surgeon,Variation of: Naabhi ke paas ubhaar sa dikhta hai jab khansta hoon
Legs ki veins swollen aur bluish dikhti hain,General Surgeon,Variation of: Pairon ki naso mein soojan aur neeli-neeli nasein dikhti hain
Mal dwar ke paas se pus ya pani nikalta rehta hai,General Surgeon,Original
Mal dwar ke pas se pus ya paani nikalta rehta hai,General Surgeon,Spelling Variation of: Mal dwar ke paas se pus ya pani nikalta rehta hai
Motion ke waqt bahut dard hota hai aur thoda khoon bhi aata hai,General Surgeon,Original
Motion ke waqt bohot darad hota hai aur thoda khun bhi aata hai,General Surgeon,Spelling Variation of: Motion ke waqt bahut dard hota hai aur thoda khoon bhi aata hai
Motion ke waqt khoon aata hai aur mal dwar mein gaanth jaisa lagta hai,General Surgeon,Original
Motion ke waqt khun aata hai aur mal dwar mein ganth jaisa lagta hai,General Surgeon,Spelling Variation of: Motion ke waqt khoon aata hai aur mal dwar mein gaanth jaisa lagta hai
Naabhi ke paas ubhaar sa dikhta hai jab khansta hoon,General Surgeon,Original
Nabhi ke pas ubhaar sa dikhta hai jab khansta hoon,General Surgeon,Spelling Variation of: Naabhi ke paas ubhaar sa dikhta hai jab khansta hoon
Neck ke area mein ek lump mehsoos ho raha hai,General Surgeon,Variation of: Gale ya gardan mein gaanth ban gayi hai
Neck ke front part mein swelling hai jo swallowing ke time move karti hai,General Surgeon,Variation of: Gale ke aage ki taraf soojan hai jo nigalte waqt upar-neeche hoti hai
Oily khana khane ke baad right rib ke neeche pain hota hai,General Surgeon,Variation of: Khana khane ke baad daayi paslee ke neeche dard hota hai
Operation wali jagah se paani ya pus aa raha hai,General Surgeon,Spelling Variation of: Operation wali jagah se pani ya pus aa raha hai
Operation wali jagah se pani ya pus aa raha hai,General Surgeon,Original
Pairon ki naso mein soojan aur neeli-neeli nasein dikhti hain,General Surgeon,Original
Pairon ki naso mein sujan aur neeli-neeli nasein dikhti hain,General Surgeon,Spelling Variation of: Pairon ki naso mein soojan aur neeli-neeli nasein dikhti hain
"Pet ke daayi taraf niche dard hota hai, chalne se aur badh jata hai",General Surgeon,Original
"Pet ke dayi taraf niche darad hota hai, chalne se aur badh jata hai",General Surgeon,"Spelling Variation of: Pet ke daayi taraf niche dard hota hai, chalne se aur badh jata hai"
Right side lower abdomen mein dard hota hai jo walking se increase hota hai,General Surgeon,"Variation of: Pet ke daayi taraf niche dard hota hai, chalne se aur badh jata hai"
Scrotum mein swelling hai lekin koi pain nahi hota,General Surgeon,"Variation of: Andkosh mein soojan hai, dard nahi hota"
Skin ke andar ek movable round lump hai,General Surgeon,Variation of: Skin ke neeche ek gol gaanth hai jo hilti hai
Skin ke neeche ek gol gaanth hai jo hilti hai,General Surgeon,Original
Skin ke niche ek gol ganth hai jo hilti hai,General Surgeon,Spelling Variation of: Skin ke neeche ek gol gaanth hai jo hilti hai
Surgery ki jagah se discharge ho raha hai,General Surgeon,Variation of: Operation wali jagah se pani ya pus aa raha hai
Zakhm kaafi dinon se theek nahi ho raha,General Surgeon,Variation of: Ghaav bhar nahi raha kaafi din se
Achanak garmi lagna aur mood mein utaar-chadhaav bahut hota hai,Gynecologist,Variation of: Hot flashes aur mood swings bahut ho rahe hain
baby ki movement kam feel ho rahi hai,Gynecologist,Variation of: pet mai baby movement kam hai
Breast mein gaanth jaisa mehsoos hota hai,Gynecologist,Original
Breast mein ganth jaisa mehsoos hota hai,Gynecologist,Spelling Variation of: Breast mein gaanth jaisa mehsoos hota hai
Chest ke ek hisse mein lump jaisa feel hota hai,Gynecologist,Variation of: Breast mein gaanth jaisa mehsoos hota hai
Ek saal se conceive karne ki koshish kar rahe hain lekin success nahi mil raha,Gynecologist,Variation of: Saal bhar se try kar rahe hain lekin pregnancy nahi ho rahi
Gynae docter,Gynecologist,Spelling Variation of: Gynae doctor
Gynae doctor,Gynecologist,Specialist Term
Gynee doctor,Gynecologist,Spelling Variation of: Gynae doctor
Hot flashes aur mood swings bahut ho rahe hain,Gynecologist,Original
Hot flashes aur mood swings bohot ho rahe hain,Gynecologist,Spelling Variation of: Hot flashes aur mood swings bahut ho rahe hain
Intercourse ke baad spoting hoti hai,Gynecologist,Spelling Variation of: Intercourse ke baad spotting hoti hai
Intercourse ke baad spotting hoti hai,Gynecologist,Original
Kamar mein dard hota hai jo pairon tak jata hai periods ke waqt.,Gynecologist,Original
Kamr mein darad hota hai jo pairon tak jata hai periods ke waqt.,Gynecologist,Spelling Variation of: Kamar mein dard hota hai jo pairon tak jata hai periods ke waqt.
Ladi doctor,Gynecologist,Spelling Variation of: Lady doctor
Ladies daktar,Gynecologist,Spelling Variation of: Ladies doctor
Ladies docter,Gynecologist,Spelling Variation of: Ladies doctor
Ladies doctor,Gynecologist,Specialist Term
Lady docter,Gynecologist,Spelling Variation of: Lady doctor
Lady doctor,Gynecologist,Specialist Term
Lower abdomen mein heaviness rehti hai periods na hone par bhi,Gynecologist,"Variation of: Pet ke nichle hisse mein bhaari-pan lagta hai, periods ke bina bhi"
Mahila rog visheshagya,Gynecologist,Specialist Term
Mahila rog visheshagya (Mahila doctor),Gynecologist,Spelling Variation of: Mahila rog visheshagya
Mahine ke dauran pait mein zor ka darad hota hai.,Gynecologist,Spelling Variation of: Mahine ke dauran pet mein zor ka dard hota hai.
Mahine ke dauran pet mein zor ka dard hota hai.,Gynecologist,Variation of: Periods ke time pet ke niche wale hisse mein cramps hote hain.
pait mai baby movement kam hai,Gynecologist,Spelling Variation of: pet mai baby movement kam hai
Periods band ho gaye hain aur hot flashes hote hain,Gynecologist,Original
Periods bandh ho gaye hain aur hot flashes hote hain,Gynecologist,Spelling Variation of: Periods band ho gaye hain aur hot flashes hote hain
Periods completely stop ho gaye hain aur sudden garmi lagne lagti hai,Gynecologist,Variation of: Periods band ho gaye hain aur hot flashes hote hain
periods irregular hain,Gynecologist,Original
"Periods ka koi fixed time nahi hai, bahut irregular ho gaye hain.",Gynecologist,"Variation of: Periods time par nahi aate, bohot irregular ho gaye hain."
"Periods ka koi fixed time nahi hai, bohot irregular ho gaye hain.",Gynecologist,"Spelling Variation of: Periods ka koi fixed time nahi hai, bahut irregular ho gaye hain."
Periods ke dauran heavy bleeding hoti hai aur abdomen bloated rehta hai,Gynecologist,Variation of: Periods mein bahut zyada bleeding hoti hai aur pet phoola rehta hai
Periods ke dauran normal se kahin jyada severe cramps aur darad hota hai.,Gynecologist,Spelling Variation of: Periods ke dauran normal se kahin zyada severe cramps aur dard hota hai.
Periods ke dauran normal se kahin zyada severe cramps aur dard hota hai.,Gynecologist,Original
Periods ke time pait ke niche wale hisse mein cramps hote hain.,Gynecologist,Spelling Variation of: Periods ke time pet ke niche wale hisse mein cramps hote hain.
Periods ke time pait me asahniya cramps hote hain.,Gynecologist,Spelling Variation of: Periods ke time pet me asahniya cramps hote hain.
Periods ke time pet ke niche wale hisse mein cramps hote hain.,Gynecologist,Original
Periods ke time pet me asahniya cramps hote hain.,Gynecologist,Variation of: Periods ke dauran normal se kahin zyada severe cramps aur dard hota hai.
Periods mein bahut dard hota hai,Gynecologist,New Suggestion
Periods mein bahut zyada bleeding hoti hai aur pet phoola rehta hai,Gynecologist,Original
Periods mein bohot darad hota hai,Gynecologist,Spelling Variation of: Periods mein bahut dard hota hai
Periods mein bohot zyada bleeding hoti hai aur pet phoola rehta hai,Gynecologist,Spelling Variation of: Periods mein bahut zyada bleeding hoti hai aur pet phoola rehta hai
Periods mein kamar ka dard pair tak kheenchta hai.,Gynecologist,Variation of: Kamar mein dard hota hai jo pairon tak jata hai periods ke waqt.
Periods mein kamr ka darad pair tak kheenchta hai.,Gynecologist,Spelling Variation of: Periods mein kamar ka dard pair tak kheenchta hai.
Periods miss ho gaye hain,Gynecologist,New Suggestion
"Periods time par nahi aate, bohot irregular ho gaye hain.",Gynecologist,Original
periods time pe nahi aate,Gynecologist,Variation of: periods irregular hain
"Pet ke nichle hisse mein bhaari-pan lagta hai, periods ke bina bhi",Gynecologist,Original
"Pet ke nichle hisse mein bhari-pan lagta hai, periods ke bina bhi",Gynecologist,"Spelling Variation of: Pet ke nichle hisse mein bhaari-pan lagta hai, periods ke bina bhi"
pet mai baby movement kam hai,Gynecologist,Original
pregnancy mai problem ho rahi hai,Gynecologist,Original
pregnancy mein complications ho rahi hain,Gynecologist,Variation of: pregnancy mai problem ho rahi hai
Saal bhar se try kar rahe hain lekin pregnancy nahi ho rahi,Gynecologist,Original
Saal bhar se try kar rahe hain lekin pregnency nahi ho rahi,Gynecologist,Spelling Variation of: Saal bhar se try kar rahe hain lekin pregnancy nahi ho rahi
Sambandh banane ke baad halka khoon aata hai,Gynecologist,Variation of: Intercourse ke baad spotting hoti hai
White discharge bohot jyada ho raha hai aur sath me itching hai.,Gynecologist,Spelling Variation of: White discharge bohot zyada ho raha hai aur sath me itching hai.
White discharge bohot zyada ho raha hai aur sath me itching hai.,Gynecologist,Original
White discharge ho raha hai,Gynecologist,New Suggestion
White discharge jyada aa raha hai aur khujali bhi ho rahi hai.,Gynecologist,Spelling Variation of: White discharge zyada aa raha hai aur khujli bhi ho rahi hai.
White discharge zyada aa raha hai aur khujli bhi ho rahi hai.,Gynecologist,Variation of: White discharge bohot zyada ho raha hai aur sath me itching hai.
Zanana daktar,Gynecologist,Spelling Variation of: Zanana doctor
Zanana docter,Gynecologist,Spelling Variation of: Zanana doctor
Zanana doctor,Gynecologist,Specialist Term
Aadhe sar me dhak-dhak karta hua tez dard hota hai.,Neurologist,Variation of: Sir ke ek side me bohot tez migraine ka dard hota hai.
aadhe sar mein dard hai,Neurologist,Variation of: migraine ho raha hai
Aadhe sir me dhak-dhak karta hua tez darad hota hai.,Neurologist,Spelling Variation of: Aadhe sar me dhak-dhak karta hua tez dard hota hai.
aadhe sir mein darad hai,Neurologist,Spelling Variation of: aadhe sar mein dard hai
Achanak se chakar aane lagte hain aur aankhon ke aage andhera chha jata hai.,Neurologist,Spelling Variation of: Achanak se chakkar aane lagte hain aur aankhon ke aage andhera chha jata hai.
Achanak se chakkar aane lagte hain aur aankhon ke aage andhera chha jata hai.,Neurologist,Original
Bhookh nahi lagti aur chakar aate hain sir darad ke saath.,Neurologist,Spelling Variation of: Bhookh nahi lagti aur chakkar aate hain sar dard ke saath.
Bhookh nahi lagti aur chakkar aate hain sar dard ke saath.,Neurologist,Original
Brain ka doctor,Neurologist,Spelling Variation of: Brain specialist
Brain specialist,Neurologist,Specialist Term
chakar aa rahe hain,Neurologist,Spelling Variation of: chakkar aa rahe hain
chakkar aa rahe hain,Neurologist,Original
cheezein bhool jaata hoon aajkal,Neurologist,Variation of: yaddasht kamzor ho gayi hai
Chehre ka ek taraf achanak tedha ho gaya hai,Neurologist,Original
Chehre ka ek taraf achanak tedhaa ho gaya hai,Neurologist,Spelling Variation of: Chehre ka ek taraf achanak tedha ho gaya hai
daura pada tha,Neurologist,Variation of: seizure aaya tha
Dimaag ka docter,Neurologist,Spelling Variation of: Dimaag ka doctor
Dimaag ka doctor,Neurologist,Specialist Term
Dimag ka doctor,Neurologist,Spelling Variation of: Dimaag ka doctor
Face ka ek side suddenly droop/tedha ho gaya hai,Neurologist,Variation of: Chehre ka ek taraf achanak tedha ho gaya hai
Haath kaanpte hain jab kuch nahi kar rahe hote,Neurologist,Original
Haath kanpte hain jab kuch nahi kar rahe hote,Neurologist,Spelling Variation of: Haath kaanpte hain jab kuch nahi kar rahe hote
haath mein jhunjhunahat hoti hai,Neurologist,Variation of: haath sunn ho jata hai
haath sunn ho jata hai,Neurologist,Original
"Haath ya pair sote-sote sunn pad jaate hain, sui chubhne jaisa lagta hai.",Neurologist,Variation of: Haath-pair me sunn-pan ya jhanjhanahat hoti hai.
Haath-pair me sunn-pan ya jhanjhanahat hoti hai.,Neurologist,Original
head bahut dukh raha hai,Neurologist,Original
head bohot dukh raha hai,Neurologist,Spelling Variation of: head bahut dukh raha hai
Kamar se lekar pair tak jhanjhanahat aur dard jaata hai,Neurologist,Original
Kamar se lekar pair tak jhunjhunahat aur darad jaata hai,Neurologist,Spelling Variation of: Kamar se lekar pair tak jhanjhanahat aur dard jaata hai
"Khada hote hi sar ghoomne lagta hai, aankhon ke saamne kuch nahi dikhta.",Neurologist,Variation of: Achanak se chakkar aane lagte hain aur aankhon ke aage andhera chha jata hai.
"Khada hote hi sir ghoomne lagta hai, aankhon ke saamne kuch nahi dikhta.",Neurologist,"Spelling Variation of: Khada hote hi sar ghoomne lagta hai, aankhon ke saamne kuch nahi dikhta."
"Khana khane ka mann nahi karta jab sar dard hota hai, chakkar bhi aate hain.",Neurologist,Variation of: Bhookh nahi lagti aur chakkar aate hain sar dard ke saath.
"Khana khane ka mann nahi karta jab sir darad hota hai, chakar bhi aate hain.",Neurologist,"Spelling Variation of: Khana khane ka mann nahi karta jab sar dard hota hai, chakkar bhi aate hain."
Lower back se leg tak tingling aur pain radiate karta hai,Neurologist,Variation of: Kamar se lekar pair tak jhanjhanahat aur dard jaata hai
migraine ho raha hai,Neurologist,Original
Naaso ka doctor,Neurologist,Spelling Variation of: Nason ka doctor
Nason ka docter,Neurologist,Spelling Variation of: Nason ka doctor
Nason ka doctor,Neurologist,Specialist Term
Nervous system ka daktar,Neurologist,Spelling Variation of: Nervous system ka doctor
Nervous system ka docter,Neurologist,Spelling Variation of: Nervous system ka doctor
Nervous system ka doctor,Neurologist,Specialist Term
Resting ke time bhi hands tremor karte hain,Neurologist,Variation of: Haath kaanpte hain jab kuch nahi kar rahe hote
Roshni bardaasht nahi hoti aur sar mein dard rehta hai.,Neurologist,Original
Roshni bardaasht nahi hoti aur sir mein darad rehta hai.,Neurologist,Spelling Variation of: Roshni bardaasht nahi hoti aur sar mein dard rehta hai.
sar bahut dukh raha hai,Neurologist,Variation of: sir dard ho raha hai
sar ghoom raha hai,Neurologist,Variation of: chakkar aa rahe hain
sar mai dard hai,Neurologist,Original
sar mein bhari dard hai,Neurologist,Variation of: head bahut dukh raha hai
sar mein dard ho raha hai,Neurologist,Variation of: sar mai dard hai
seizure aaya tha,Neurologist,Original
sir bohot dukh raha hai,Neurologist,Spelling Variation of: sar bahut dukh raha hai
sir darad ho raha hai,Neurologist,Spelling Variation of: sir dard ho raha hai
sir dard ho raha hai,Neurologist,Original
sir ghoom raha hai,Neurologist,Spelling Variation of: sar ghoom raha hai
Sir ke ek side me bohot tez migraine ka darad hota hai.,Neurologist,Spelling Variation of: Sir ke ek side me bohot tez migraine ka dard hota hai.
Sir ke ek side me bohot tez migraine ka dard hota hai.,Neurologist,Original
sir mai darad hai,Neurologist,Spelling Variation of: sar mai dard hai
sir mein bhari darad hai,Neurologist,Spelling Variation of: sar mein bhari dard hai
sir mein darad ho raha hai,Neurologist,Spelling Variation of: sar mein dard ho raha hai
Tez light dekhte hi sar dukhne lagta hai.,Neurologist,Variation of: Roshni bardaasht nahi hoti aur sar mein dard rehta hai.
Tez light dekhte hi sir dukhne lagta hai.,Neurologist,Spelling Variation of: Tez light dekhte hi sar dukhne lagta hai.
yaddasht kamzor ho gayi hai,Neurologist,Original
Aankh ka specialist,Ophthalmologist,Spelling Variation of: Aankh ke specialist
Aankh ke specialist,Ophthalmologist,Specialist Term
Aankh laal ho gayi hai aur usme se gunda-sa nikal raha hai.,Ophthalmologist,Variation of: Aankhein ekdum lal ho gayi hain aur paani/kichad discharge aa raha hai.
aankh mai dard hai,Ophthalmologist,Original
aankh mein dard ho raha hai,Ophthalmologist,Variation of: aankh mai dard hai
Aankh mein kirkiri jaisa mehsoos hota hai,Ophthalmologist,Original
Aankh mein laalpan aur irritation feel ho rahi hai.,Ophthalmologist,Variation of: Aankhein laal ho gayi hain aur bahut khujli hoti hai.
aankh mein laalpan hai,Ophthalmologist,Variation of: aankhein lal ho gayi hain
aankh se aansu aate rehte hain,Ophthalmologist,Variation of: aankh se pani aa raha hai
Aankh se paani ya discharge aa raha hai.,Ophthalmologist,Original
aankh se pani aa raha hai,Ophthalmologist,Original
Aankhein ekdum lal ho gayi hain aur paani/kichad discharge aa raha hai.,Ophthalmologist,Original
Aankhein hamesha sookhi aur thaki hui lagti hain,Ophthalmologist,Original
Aankhein hamesha sukhi aur thaki hui lagti hain,Ophthalmologist,Spelling Variation of: Aankhein hamesha sookhi aur thaki hui lagti hain
Aankhein laal ho gayi hain aur bahut khujli hoti hai.,Ophthalmologist,Original
Aankhein laal ho gayi hain aur bohot khujali hoti hai.,Ophthalmologist,Spelling Variation of: Aankhein laal ho gayi hain aur bahut khujli hoti hai.
aankhein lal ho gayi hain,Ophthalmologist,Original
Aankho ka doctor,Ophthalmologist,Spelling Variation of: Aankhon ka doctor
Aankho ke saamne makhi jaisi cheez tairti dikhti hai,Ophthalmologist,Spelling Variation of: Aankhon ke saamne makhi jaisi cheez tairti dikhti hai
Aankhon ka docter,Ophthalmologist,Spelling Variation of: Aankhon ka doctor
Aankhon ka doctor,Ophthalmologist,Specialist Term
Aankhon ke saamne makhi jaisi cheez tairti dikhti hai,Ophthalmologist,Original
Aankhon se blurry dikhai dene laga hai.,Ophthalmologist,Original
Aankhon se lagataar aansu ya gunda nikal raha hai.,Ophthalmologist,Variation of: Aankh se paani ya discharge aa raha hai.
Ankh ke specialist,Ophthalmologist,Spelling Variation of: Aankh ke specialist
Ankh laal ho gayi hai aur usme se gunda-sa nikal raha hai.,Ophthalmologist,Spelling Variation of: Aankh laal ho gayi hai aur usme se gunda-sa nikal raha hai.
ankh mai darad hai,Ophthalmologist,Spelling Variation of: aankh mai dard hai
ankh mein darad ho raha hai,Ophthalmologist,Spelling Variation of: aankh mein dard ho raha hai
Ankh mein kirkiri jaisa mehsoos hota hai,Ophthalmologist,Spelling Variation of: Aankh mein kirkiri jaisa mehsoos hota hai
Ankh mein laalpan aur irritation feel ho rahi hai.,Ophthalmologist,Spelling Variation of: Aankh mein laalpan aur irritation feel ho rahi hai.
ankh mein laalpan hai,Ophthalmologist,Spelling Variation of: aankh mein laalpan hai
ankh se aansu aate rehte hain,Ophthalmologist,Spelling Variation of: aankh se aansu aate rehte hain
Ankh se paani ya discharge aa raha hai.,Ophthalmologist,Spelling Variation of: Aankh se paani ya discharge aa raha hai.
ankh se pani aa raha hai,Ophthalmologist,Spelling Variation of: aankh se pani aa raha hai
chashma lagana pad raha hai,Ophthalmologist,Variation of: najar kamzor ho gayi hai
Computer screen dekhne par aankhon me bohot jalan aur dryness hoti hai.,Ophthalmologist,Original
dikhna kam ho gaya hai,Ophthalmologist,Original
Eye daktar,Ophthalmologist,Spelling Variation of: Eye doctor
Eye docter,Ophthalmologist,Spelling Variation of: Eye doctor
Eye doctor,Ophthalmologist,Specialist Term
Eye mein sandy ya gritty feeling hoti hai,Ophthalmologist,Variation of: Aankh mein kirkiri jaisa mehsoos hota hai
Eyes hamesha dry aur tired feel hoti hain,Ophthalmologist,Variation of: Aankhein hamesha sookhi aur thaki hui lagti hain
"Jaise dhundh ke peeche se dekh rahe hon, dheere dheere dikhna kam ho raha hai",Ophthalmologist,Original
"Jaise dhundh ke peeche se dekh rahe hon, dhire dhire dikhna kam ho raha hai",Ophthalmologist,"Spelling Variation of: Jaise dhundh ke peeche se dekh rahe hon, dheere dheere dikhna kam ho raha hai"
najar kamzor ho gayi hai,Ophthalmologist,Original
"Nazar dhundhli-dhundhli si ho gayi hai, saaf nahi dikhta.",Ophthalmologist,Variation of: Aankhon se blurry dikhai dene laga hai.
Nazar ka daktar,Ophthalmologist,Spelling Variation of: Nazar ka doctor
Nazar ka docter,Ophthalmologist,Spelling Variation of: Nazar ka doctor
Nazar ka doctor,Ophthalmologist,Specialist Term
Night driving ke waqt visibility kam ho jaati hai,Ophthalmologist,Variation of: Raat mein gaadi chalate waqt dikhna mushkil hota hai
Padhte vaqt lines mix ho jaati hain,Ophthalmologist,Spelling Variation of: Padhte waqt lines mix ho jaati hain
Padhte waqt lines mix ho jaati hain,Ophthalmologist,Original
Peripheral vision gradually kam hoti ja rahi hai,Ophthalmologist,Variation of: Side ki cheezein dikhna kam ho gaya hai
Raat mein gaadi chalate waqt dikhna mushkil hota hai,Ophthalmologist,Original
Raat mein gadi chalate waqt dikhna mushkil hota hai,Ophthalmologist,Spelling Variation of: Raat mein gaadi chalate waqt dikhna mushkil hota hai
Reading karte waqt words blur ho jaate hain,Ophthalmologist,Variation of: Padhte waqt lines mix ho jaati hain
saaf dikhayi nahi deta,Ophthalmologist,Variation of: dikhna kam ho gaya hai
Screen time jyada hone par aankhen sookhi aur jalti hui feel hoti hain.,Ophthalmologist,Spelling Variation of: Screen time zyada hone par aankhen sookhi aur jalti hui feel hoti hain.
Screen time zyada hone par aankhen sookhi aur jalti hui feel hoti hain.,Ophthalmologist,Variation of: Computer screen dekhne par aankhon me bohot jalan aur dryness hoti hai.
Side ki cheeze dikhna kam ho gaya hai,Ophthalmologist,Spelling Variation of: Side ki cheezein dikhna kam ho gaya hai
Side ki cheezein dikhna kam ho gaya hai,Ophthalmologist,Original
Vision gradually foggy ho rahi hai jaise mist ke peeche se dekh rahe hon,Ophthalmologist,"Variation of: Jaise dhundh ke peeche se dekh rahe hon, dheere dheere dikhna kam ho raha hai"
Vision mein floaters jaisi cheez tairti nazar aati hai,Ophthalmologist,Variation of: Aankhon ke saamne makhi jaisi cheez tairti dikhti hai
Bhaari cheez uthate waqt back mein sudden jhatka mehsoos hua,Orthopedic Surgeon,Variation of: Weight uthane par kamar mein jhatka sa laga
Big toe mein suddenly severe pain aur swelling ho gayi,Orthopedic Surgeon,Variation of: Pair ke angoothe mein achanak zor ka dard aur soojan hui
Bone daktar,Orthopedic Surgeon,Spelling Variation of: Bone doctor
Bone docter,Orthopedic Surgeon,Spelling Variation of: Bone doctor
Bone doctor,Orthopedic Surgeon,Specialist Term
Bruising ho gayi hai aur pair rakhne mein takleef hoti hai.,Orthopedic Surgeon,Variation of: Neel pad gaya hai aur chalne mein dikkat ho rahi hai.
Chalte waqt lagta hai jaise ek leg doosri se short hai,Orthopedic Surgeon,Variation of: Ek pair doosre se chhota lagta hai chalte waqt
"Chot lagne ke baad haath bahut soojh gaya hai, hilaya nahi ja raha.",Orthopedic Surgeon,"Variation of: Girne ki wajah se haath/pair me severe swelling hai, lagta hai fracture hai."
"Chot lagne ke baad haath bohot soojh gaya hai, hilaya nahi ja raha.",Orthopedic Surgeon,"Spelling Variation of: Chot lagne ke baad haath bahut soojh gaya hai, hilaya nahi ja raha."
Chot lagne ke jagah pe neela-kaala daag ban gaya hai.,Orthopedic Surgeon,Variation of: Skin pe kaale-neele nishaan pad gaye hain.
Ek pair doosre se chhota lagta hai chalte waqt,Orthopedic Surgeon,Original
Ek pair dusre se chhota lagta hai chalte waqt,Orthopedic Surgeon,Spelling Variation of: Ek pair doosre se chhota lagta hai chalte waqt
Ghutno me chalte waqt ya stairs chadhne me bohot darad hota hai.,Orthopedic Surgeon,Spelling Variation of: Ghutno me chalte waqt ya stairs chadhne me bohot dard hota hai.
Ghutno me chalte waqt ya stairs chadhne me bohot dard hota hai.,Orthopedic Surgeon,Original
"Girne ki wajah se haath/pair me severe swelling hai, lagta hai fracture hai.",Orthopedic Surgeon,Original
Haddi jodo ka doctor,Orthopedic Surgeon,Spelling Variation of: Haddi-jodo ka doctor
Haddi ka daktar,Orthopedic Surgeon,Spelling Variation of: Haddi ka doctor
Haddi ka doctor,Orthopedic Surgeon,Specialist Term
Haddi-jodo ka doctor,Orthopedic Surgeon,Specialist Term
Hadi ka docter,Orthopedic Surgeon,Spelling Variation of: Haddi ka doctor
Hadi-jodon ka docter,Orthopedic Surgeon,Spelling Variation of: Haddi-jodo ka doctor
Jahan chot lagi hai wahan chhoone se darad hota hai.,Orthopedic Surgeon,Spelling Variation of: Jahan chot lagi hai wahan chhoone se dard hota hai.
Jahan chot lagi hai wahan chhoone se dard hota hai.,Orthopedic Surgeon,Original
"Jodo mein akadan hai, hilana mushkil hai.",Orthopedic Surgeon,Original
"Jodo mein dard aur soojan hai, hila nahi pa raha.",Orthopedic Surgeon,Original
Jodo mein soojan aur dard bhi hai.,Orthopedic Surgeon,Original
"Jodon mein akadan hai, hilana mushkil hai.",Orthopedic Surgeon,"Spelling Variation of: Jodo mein akadan hai, hilana mushkil hai."
"Jodon mein darad aur soojan hai, hila nahi pa raha.",Orthopedic Surgeon,"Spelling Variation of: Jodo mein dard aur soojan hai, hila nahi pa raha."
Jodon mein soojan aur darad bhi hai.,Orthopedic Surgeon,Spelling Variation of: Jodo mein soojan aur dard bhi hai.
Joint mein swelling ke saath movement bhi limited ho gaya hai.,Orthopedic Surgeon,"Variation of: Jodo mein dard aur soojan hai, hila nahi pa raha."
Joints mein swelling ke saath darad bhi mehsoos hota hai.,Orthopedic Surgeon,Spelling Variation of: Joints mein swelling ke saath dard bhi mehsoos hota hai.
Joints mein swelling ke saath dard bhi mehsoos hota hai.,Orthopedic Surgeon,Variation of: Jodo mein soojan aur dard bhi hai.
"Joints stiff ho gaye hain, movement mein dikkat hoti hai.",Orthopedic Surgeon,"Variation of: Jodo mein akadan hai, hilana mushkil hai."
Kaam karte waqt fingers mein numbness feel hoti hai,Orthopedic Surgeon,Variation of: Ungliyan sunn ho jaati hain kaam karte waqt
"Kamar ka dard pair tak kheenchta hai, uthna-baithna mushkil hai.",Orthopedic Surgeon,Variation of: Lower back me constant dard rehta hai jo pair tak jata hai.
"Kamar se pair tak zor ka darad jaata hai, jhukne mein dikkat hoti hai",Orthopedic Surgeon,"Spelling Variation of: Kamar se pair tak zor ka dard jaata hai, jhukne mein dikkat hoti hai"
"Kamar se pair tak zor ka dard jaata hai, jhukne mein dikkat hoti hai",Orthopedic Surgeon,Original
"Kamr ka darad pair tak kheenchta hai, uthna-baithna mushkil hai.",Orthopedic Surgeon,"Spelling Variation of: Kamar ka dard pair tak kheenchta hai, uthna-baithna mushkil hai."
"Kandha uthane mein bahut dard hota hai, movement kam ho gayi hai",Orthopedic Surgeon,Original
"Kandha uthane mein bohot darad hota hai, movement kam ho gayi hai",Orthopedic Surgeon,"Spelling Variation of: Kandha uthane mein bahut dard hota hai, movement kam ho gayi hai"
Lower back me constant darad rehta hai jo pair tak jata hai.,Orthopedic Surgeon,Spelling Variation of: Lower back me constant dard rehta hai jo pair tak jata hai.
Lower back me constant dard rehta hai jo pair tak jata hai.,Orthopedic Surgeon,Original
"Lower back se leg tak sharp pain jaata hai, bending mein problem hoti hai",Orthopedic Surgeon,"Variation of: Kamar se pair tak zor ka dard jaata hai, jhukne mein dikkat hoti hai"
Morning stiffness hoti hai joints mein jo thodi der mein kam ho jaati hai,Orthopedic Surgeon,Variation of: Subah uthte hi jodo mein akadan lagti hai jo dheere theek hoti hai
Neel pad gaya hai aur chalne mein dikkat ho rahi hai.,Orthopedic Surgeon,Original
Ortho doctor,Orthopedic Surgeon,Spelling Variation of: Orthopedic specialist
Orthopedic specialist,Orthopedic Surgeon,Specialist Term
Pair ke angoothe mein achanak zor ka darad aur sujan hui,Orthopedic Surgeon,Spelling Variation of: Pair ke angoothe mein achanak zor ka dard aur soojan hui
Pair ke angoothe mein achanak zor ka dard aur soojan hui,Orthopedic Surgeon,Original
Seedhi chadhte waqt ghutno me chubhan si hoti hai.,Orthopedic Surgeon,Variation of: Ghutno me chalte waqt ya stairs chadhne me bohot dard hota hai.
"Shoulder lift karte waqt severe pain hota hai, range of motion kam ho gayi hai",Orthopedic Surgeon,"Variation of: Kandha uthane mein bahut dard hota hai, movement kam ho gayi hai"
Skin pe kaale-neele nishaan pad gaye hain.,Orthopedic Surgeon,Original
Subah uthte hi jodo mein akadan lagti hai jo dheere theek hoti hai,Orthopedic Surgeon,Original
Subah uthte hi jodon mein akdan lagti hai jo dheere theek hoti hai,Orthopedic Surgeon,Spelling Variation of: Subah uthte hi jodo mein akadan lagti hai jo dheere theek hoti hai
Ungliya sunn ho jaati hain kaam karte waqt,Orthopedic Surgeon,Spelling Variation of: Ungliyan sunn ho jaati hain kaam karte waqt
Ungliyan sunn ho jaati hain kaam karte waqt,Orthopedic Surgeon,Original
Us jagah ko touch karne se takleef hoti hai.,Orthopedic Surgeon,Variation of: Jahan chot lagi hai wahan chhoone se dard hota hai.
Weight uthane par kamar mein jhatka sa laga,Orthopedic Surgeon,Original
Weight uthane par kamr mein jhatka sa laga,Orthopedic Surgeon,Spelling Variation of: Weight uthane par kamar mein jhatka sa laga
ghutne mai dard hai,Orthopedic Surgeon,Original
ghutney mai darad hai,Orthopedic Surgeon,Spelling Variation of: ghutne mai dard hai
ghutno mein darad rehta hai,Orthopedic Surgeon,Spelling Variation of: ghutno mein dard rehta hai
ghutno mein dard rehta hai,Orthopedic Surgeon,Variation of: ghutne mai dard hai
haath fracture ho gaya hai,Orthopedic Surgeon,Variation of: haath tut gaya hai
haath tut gaya hai,Orthopedic Surgeon,Original
haddi mai dard hai,Orthopedic Surgeon,Original
haddi mein takleef hai,Orthopedic Surgeon,Variation of: haddi mai dard hai
hadi mai darad hai,Orthopedic Surgeon,Spelling Variation of: haddi mai dard hai
hadi mein takleef hai,Orthopedic Surgeon,Spelling Variation of: haddi mein takleef hai
jodo mai dard hai,Orthopedic Surgeon,Original
jodon mai darad hai,Orthopedic Surgeon,Spelling Variation of: jodo mai dard hai
joints mein darad hota hai,Orthopedic Surgeon,Spelling Variation of: joints mein dard hota hai
joints mein dard hota hai,Orthopedic Surgeon,Variation of: jodo mai dard hai
kamar dukh rahi hai,Orthopedic Surgeon,Original
kamar mein dard hai,Orthopedic Surgeon,Variation of: kamar dukh rahi hai
kamr dukh rahi hai,Orthopedic Surgeon,Spelling Variation of: kamar dukh rahi hai
kamr mein darad hai,Orthopedic Surgeon,Spelling Variation of: kamar mein dard hai
peeth mai darad hai,Orthopedic Surgeon,Spelling Variation of: peeth mai dard hai
peeth mai dard hai,Orthopedic Surgeon,Original
peeth mein darad ho raha hai,Orthopedic Surgeon,Spelling Variation of: peeth mein dard ho raha hai
peeth mein dard ho raha hai,Orthopedic Surgeon,Variation of: peeth mai dard hai
Gaala khich-khich karta hai aur nigalte waqt takleef hoti hai.,ENT Specialist,Spelling Variation of: Gala khich-khich karta hai aur nigalte waqt takleef hoti hai.
Gala khich-khich karta hai aur nigalte waqt takleef hoti hai.,ENT Specialist,Variation of: Gale me kharash hai aur kuch bhi swallow karne me dard hota hai.
Gale me kharash hai aur kuch bhi swallow karne me darad hota hai.,ENT Specialist,Spelling Variation of: Gale me kharash hai aur kuch bhi swallow karne me dard hota hai.
Gale me kharash hai aur kuch bhi swallow karne me dard hota hai.,ENT Specialist,Original
Kaan me constant dard hai ya sunai kam de raha hai.,ENT Specialist,Original
Kaan me dard bana rehta hai aur sunne me thodi dikkat hoti hai.,ENT Specialist,Variation of: Kaan me constant dard hai ya sunai kam de raha hai.
Kan me constant darad hai ya sunai kam de raha hai.,ENT Specialist,Spelling Variation of: Kaan me constant dard hai ya sunai kam de raha hai.
Kan me darad bana rehta hai aur sunne me thodi dikkat hoti hai.,ENT Specialist,Spelling Variation of: Kaan me dard bana rehta hai aur sunne me thodi dikkat hoti hai.
Morning me uthte hi naak band ho jaati hai aur chheenkein lagi rehti hain.,ENT Specialist,Variation of: Subah uthte hi lagatar chinke aati hain aur naak band rehti hai.
Subah uthte hi lagatar chinke aati hain aur naak band rehti hai.,ENT Specialist,Original
Baal chikitsak,Pediatrician,Spelling Variation of: Bal chikitsak
baby roti rehti hai,Pediatrician,Original
Baccha baar baar kaan khichta hai,Pediatrician,Spelling Variation of: Bachha baar baar kaan khinchta hai
Baccha khelte khelte achanak thak jata hai,Pediatrician,Spelling Variation of: Bachha khelte khelte achanak thak jata hai
Bacche ka pait phool gaya hai,Pediatrician,Spelling Variation of: Bacche ka pet phool gaya hai
Bacche ka pet phool gaya hai,Pediatrician,New Suggestion
Bacche ke pet mein gas bharne se phoolapan lagta hai,Pediatrician,"Variation of: Bachhe ka pet phoola hua lagta hai, gas jyada banti hai"
Bacche ki skin thodi peeli lag rahi hai,Pediatrician,Variation of: Bachhe ki twacha pe peela-pan hai
Bacche ko baar baar apna kaan pakadte dekha hai,Pediatrician,Variation of: Bachha baar baar kaan khinchta hai
bacche ko khaansi ho rahi hai,Pediatrician,Spelling Variation of: bacche ko khansi ho rahi hai
bacche ko khansi ho rahi hai,Pediatrician,Variation of: bache ko khansi hai
bacchi ko bukhaar hai,Pediatrician,Spelling Variation of: bacchi ko bukhar hai
bacchi ko bukhar hai,Pediatrician,Original
Bacchon ka doctor,Pediatrician,Specialist Term
Bachche ka docter,Pediatrician,Spelling Variation of: Bacchon ka doctor
"Bachche ka pet phoola hua lagta hai, gas jyada banti hai",Pediatrician,"Spelling Variation of: Bachhe ka pet phoola hua lagta hai, gas jyada banti hai"
Bachche ka pet phoola rehta hai aur motion mein keede dikhte hain,Pediatrician,Spelling Variation of: Bachhe ka pet phoola rehta hai aur motion mein keede dikhte hain
Bachche ke masudo mein sujan hai aur lar zyada aati hai,Pediatrician,Spelling Variation of: Bachhe ke masuudo mein soojan hai aur lar zyada aati hai
Bachche ke pure badan pe paani bhare daane nikal aaye hain,Pediatrician,Spelling Variation of: Bachhe ke pure badan pe pani bhare daane nikal aaye hain
Bachcho ka specialist,Pediatrician,Spelling Variation of: Child specialist
bache ka rona band nahi hota,Pediatrician,Variation of: baby roti rehti hai
bache ko khaansi hai,Pediatrician,Spelling Variation of: bache ko khansi hai
bache ko khansi hai,Pediatrician,Original
Bache ko ulti ho rahi hai,Pediatrician,New Suggestion
Bache ko ulty ho rahi hai,Pediatrician,Spelling Variation of: Bache ko ulti ho rahi hai
Bachha baar baar kaan khinchta hai,Pediatrician,Original
Bachha khelte khelte achanak thak jata hai,Pediatrician,Original
"Bachhe ka pet phoola hua lagta hai, gas jyada banti hai",Pediatrician,Original
Bachhe ka pet phoola rehta hai aur motion mein keede dikhte hain,Pediatrician,Original
Bachhe ke masuudo mein soojan hai aur lar zyada aati hai,Pediatrician,Original
Bachhe ke pure badan pe pani bhare daane nikal aaye hain,Pediatrician,Original
Bachhe ki twacha pe peela-pan hai,Pediatrician,Original
Bachhe ki twacha pe peelapan hai,Pediatrician,Spelling Variation of: Bachhe ki twacha pe peela-pan hai
Bachon ka doctor,Pediatrician,Spelling Variation of: Bacchon ka doctor
Bal chikitsak,Pediatrician,Specialist Term
Child ka stomach bloated rehta hai aur stool mein worms dikhte hain,Pediatrician,Variation of: Bachhe ka pet phoola rehta hai aur motion mein keede dikhte hain
Child ke gums mein swelling hai aur drooling zyada ho rahi hai,Pediatrician,Variation of: Bachhe ke masuudo mein soojan hai aur lar zyada aati hai
Child ke poore body par fluid filled daane nikal aaye hain,Pediatrician,Variation of: Bachhe ke pure badan pe pani bhare daane nikal aaye hain
Child specialist,Pediatrician,Specialist Term
Khelte waqt bacche ki energy achanak khatam ho jaati hai,Pediatrician,Variation of: Bachha khelte khelte achanak thak jata hai
Kids ka doctor,Pediatrician,Spelling Variation of: Kids' doctor
Kids' docter,Pediatrician,Spelling Variation of: Kids' doctor
Kids' doctor,Pediatrician,Specialist Term
ladki ko bukhaar hai,Pediatrician,Spelling Variation of: ladki ko bukhar hai
ladki ko bukhar hai,Pediatrician,Variation of: bacchi ko bukhar hai
naye bache ko loose motion ho rahe hain,Pediatrician,Variation of: newborn ko dast ho rahe hain
newborn ko daast ho rahe hain,Pediatrician,Spelling Variation of: newborn ko dast ho rahe hain
newborn ko dast ho rahe hain,Pediatrician,Original
akela mehsoos hota hai,Psychiatrist,Original
bahut tension rehti hai,Psychiatrist,Original
Bheed mein jaane se dar lagta hai,Psychiatrist,Original
Bhid mein jaane se dar lagta hai,Psychiatrist,Spelling Variation of: Bheed mein jaane se dar lagta hai
Bina baat ke ghabrahat hoti hai aur dil baithne lagta hai.,Psychiatrist,Original
"Bina kisi wajah ke anxiety ho jaati hai, dil dubta-sa lagta hai.",Psychiatrist,Variation of: Bina baat ke ghabrahat hoti hai aur dil baithne lagta hai.
bohot tension rehti hai,Psychiatrist,Spelling Variation of: bahut tension rehti hai
Cheez chhodna chahta hoon lekin baar baar craving hoti hai,Psychiatrist,Original
Cheez chhodna chahta hoon lekin baar baar kreving hoti hai,Psychiatrist,Spelling Variation of: Cheez chhodna chahta hoon lekin baar baar craving hoti hai
Chhoti chhoti baaton par bahut zyada react karta hoon,Psychiatrist,Original
Chhoti chhoti baaton par bohot zyada react karta hoon,Psychiatrist,Spelling Variation of: Chhoti chhoti baaton par bahut zyada react karta hoon
Concentration nahi ho pa raha,Psychiatrist,New Suggestion
Counsellor,Psychiatrist,Specialist Term
Counselor,Psychiatrist,Spelling Variation of: Counsellor
Crowded jagah par jaane se anxiety hoti hai,Psychiatrist,Variation of: Bheed mein jaane se dar lagta hai
Dil ghabrata hai bina wajah,Psychiatrist,New Suggestion
Dimaagi docter,Psychiatrist,Spelling Variation of: Dimaagi doctor
Dimaagi doctor,Psychiatrist,Specialist Term
Dimagi doctor,Psychiatrist,Spelling Variation of: Dimaagi doctor
gussa bahut aata hai,Psychiatrist,Original
gussa bohot aata hai,Psychiatrist,Spelling Variation of: gussa bahut aata hai
Har raat sleep aane mein hours lag jaate hain,Psychiatrist,Variation of: Neend aane mein ghante lag jaate hain roz
irritation bahut hoti hai,Psychiatrist,Variation of: gussa bahut aata hai
irritation bohot hoti hai,Psychiatrist,Spelling Variation of: irritation bahut hoti hai
isolated feel hota hai,Psychiatrist,Variation of: akela mehsoos hota hai
Kabhee kabhee lagta hai jaise sab kuch dream jaisa hai,Psychiatrist,Spelling Variation of: Kabhi kabhi lagta hai jaise sab kuch dream jaisa hai
Kabhi bahut energetic mehsoos karta hoon kabhi bilkul low,Psychiatrist,Original
Kabhi bohot energetic mehsoos karta hoon kabhi bilkul low,Psychiatrist,Spelling Variation of: Kabhi bahut energetic mehsoos karta hoon kabhi bilkul low
Kabhi kabhi ek unreal feeling hoti hai jaise sab kuch sapna ho,Psychiatrist,Variation of: Kabhi kabhi lagta hai jaise sab kuch dream jaisa hai
Kabhi kabhi lagta hai jaise sab kuch dream jaisa hai,Psychiatrist,Original
"Khud ko baar baar cheak karna padta hai, satisfaction nahi milta",Psychiatrist,"Spelling Variation of: Khud ko baar baar check karna padta hai, satisfaction nahi milta"
"Khud ko baar baar check karna padta hai, satisfaction nahi milta",Psychiatrist,Original
"Kisi bhi kaam me mann nahi lagta, har waqt udaasi aur akelepan ka ehsaas hota hai.",Psychiatrist,Original
"Kisi kaam me interest nahi rehta, humesha akela aur udaas mehsoos hota hai.",Psychiatrist,"Variation of: Kisi bhi kaam me mann nahi lagta, har waqt udaasi aur akelepan ka ehsaas hota hai."
Man ka doctor,Psychiatrist,Spelling Variation of: Mann ka doctor
Mann ka docter,Psychiatrist,Spelling Variation of: Mann ka doctor
Mann ka doctor,Psychiatrist,Specialist Term
mann udaas rehta hai,Psychiatrist,Original
Mental health daktar,Psychiatrist,Spelling Variation of: Mental health doctor
Mental health docter,Psychiatrist,Spelling Variation of: Mental health doctor
Mental health doctor,Psychiatrist,Specialist Term
mood baar baar badalta hai,Psychiatrist,Variation of: mood swings ho rahe hain
mood down rehta hai,Psychiatrist,Variation of: mann udaas rehta hai
"Mood swings extreme hote hain, kabhi high energy kabhi bilkul down",Psychiatrist,Variation of: Kabhi bahut energetic mehsoos karta hoon kabhi bilkul low
mood swings ho rahe hain,Psychiatrist,Original
Neend aane mein ghante lag jaate hain roj,Psychiatrist,Spelling Variation of: Neend aane mein ghante lag jaate hain roz
Neend aane mein ghante lag jaate hain roz,Psychiatrist,Original
neend nahi aati,Psychiatrist,Original
nind nahi aati,Psychiatrist,Spelling Variation of: neend nahi aati
Panic attacks aate hain,Psychiatrist,New Suggestion
"Poori raat neend nahi aati, dimaag me ulte-seedhe khayal ghoomte rehte hain.",Psychiatrist,"Variation of: Raat bhar neend nahi aati, dimaag me har waqt negative thoughts chalte hain."
"Poori raat nind nahi aati, dimaag me ulte-seedhe khayal ghoomte rehte hain.",Psychiatrist,"Spelling Variation of: Poori raat neend nahi aati, dimaag me ulte-seedhe khayal ghoomte rehte hain."
Quit karna chahta hoon lekin repeatedly urge hoti hai,Psychiatrist,Variation of: Cheez chhodna chahta hoon lekin baar baar craving hoti hai
"Raat bhar neend nahi aati, dimaag me har waqt negative thoughts chalte hain.",Psychiatrist,Original
"Raat bhar nind nahi aati, dimaag me har waqt negative thoughts chalte hain.",Psychiatrist,"Spelling Variation of: Raat bhar neend nahi aati, dimaag me har waqt negative thoughts chalte hain."
raaton ko neend nahi aati,Psychiatrist,Variation of: neend nahi aati
raaton ko nind nahi aati,Psychiatrist,Spelling Variation of: raaton ko neend nahi aati
"Repeatedly khud ko verify karna padta hai, mann nahi bharta",Psychiatrist,"Variation of: Khud ko baar baar check karna padta hai, satisfaction nahi milta"
Small small cheezon par overreact ho jaata hoon,Psychiatrist,Variation of: Chhoti chhoti baaton par bahut zyada react karta hoon
stress bahut rehta hai,Psychiatrist,Variation of: bahut tension rehti hai
stress bohot rehta hai,Psychiatrist,Spelling Variation of: stress bahut rehta hai
Aawaz mein ghar-ghar jaisi aawaz aati hai sans lete waqt,Pulmonologist,Spelling Variation of: Awaaz mein ghar-ghar jaisi awaaz aati hai saans lete waqt
Asthma ki wajah se seenay me jakadan mehsoos hoti hai.,Pulmonologist,Spelling Variation of: Asthma ki wajah se seene me jakadan mehsoos hoti hai.
Asthma ki wajah se seene me jakadan mehsoos hoti hai.,Pulmonologist,Original
Awaaz badal gayi hai aur saans lene mein takleef hoti hai.,Pulmonologist,Original
Awaaz badal gayi hai aur sans lene mein takleef hoti hai.,Pulmonologist,Spelling Variation of: Awaaz badal gayi hai aur saans lene mein takleef hoti hai.
Awaaz baithi hui hai aur saans phoolti hai.,Pulmonologist,Variation of: Awaaz badal gayi hai aur saans lene mein takleef hoti hai.
Awaaz baithi hui hai aur sans phoolti hai.,Pulmonologist,Spelling Variation of: Awaaz baithi hui hai aur saans phoolti hai.
Awaaz mein ghar-ghar jaisi awaaz aati hai saans lete waqt,Pulmonologist,Original
Bahut zyada khansi aati hai aur balgam bhi nikalta hai.,Pulmonologist,Original
Bohot jyada khaansi aati hai aur balgam bhi nikalta hai.,Pulmonologist,Spelling Variation of: Bahut zyada khansi aati hai aur balgam bhi nikalta hai.
Breathing ke waqt wheezing sound sunayi deti hai,Pulmonologist,Variation of: Awaaz mein ghar-ghar jaisi awaaz aati hai saans lete waqt
Chest ka doctor,Pulmonologist,Spelling Variation of: Chest specialist
"Chest mein darad mehsoos hota hai, sir bhi bhaari lagta hai.",Pulmonologist,"Spelling Variation of: Chest mein dard mehsoos hota hai, sar bhi bhaari lagta hai."
"Chest mein dard mehsoos hota hai, sar bhi bhaari lagta hai.",Pulmonologist,Variation of: Seene mein dard hai aur sar bhi dukh raha hai.
Chest specialist,Pulmonologist,Specialist Term
Cold weather mein seena jakad jata hai,Pulmonologist,Original
Cold weather mein sina jakad jata hai,Pulmonologist,Spelling Variation of: Cold weather mein seena jakad jata hai
High fever ke saath chest pain aur breathlessness hoti hai,Pulmonologist,Variation of: Tez bukhar ke saath seene mein dard aur saans phoolna
Kaafi weeks se khansi hai jisme khoon bhi aata hai kabhi kabhi,Pulmonologist,Original
Kafi hafton se continuous khaansi hai jo theek nahi ho rahi.,Pulmonologist,Spelling Variation of: Kafi hafton se continuous khansi hai jo theek nahi ho rahi.
Kafi hafton se continuous khansi hai jo theek nahi ho rahi.,Pulmonologist,Original
Kafi weeks se khansi hai jisme khun bhi aata hai kabhi kabhi,Pulmonologist,Spelling Variation of: Kaafi weeks se khansi hai jisme khoon bhi aata hai kabhi kabhi
Khaansi badhti ja rahi hai aur gale mein soojan hai.,Pulmonologist,Spelling Variation of: Khansi badhti ja rahi hai aur gale mein soojan hai.
"Khaansi hafton se lagi hui hai, kisi dawa se theek nahi ho rahi.",Pulmonologist,"Spelling Variation of: Khansi hafton se lagi hui hai, kisi dawa se theek nahi ho rahi."
"Khaansi kam nahi ho rahi, gaala bhi sooja hua lagta hai.",Pulmonologist,"Spelling Variation of: Khansi kam nahi ho rahi, gala bhi sooja hua lagta hai."
Khaansi ke saath kaafi mucus/balgam bahar aata hai.,Pulmonologist,Spelling Variation of: Khansi ke saath kaafi mucus/balgam bahar aata hai.
Khansi badhti ja rahi hai aur gale mein soojan hai.,Pulmonologist,Original
"Khansi hafton se lagi hui hai, kisi dawa se theek nahi ho rahi.",Pulmonologist,Variation of: Kafi hafton se continuous khansi hai jo theek nahi ho rahi.
"Khansi kam nahi ho rahi, gala bhi sooja hua lagta hai.",Pulmonologist,Variation of: Khansi badhti ja rahi hai aur gale mein soojan hai.
Khansi ke saath kaafi mucus/balgam bahar aata hai.,Pulmonologist,Variation of: Bahut zyada khansi aati hai aur balgam bhi nikalta hai.
Lung specialist,Pulmonologist,Specialist Term
Lungs ka doctor,Pulmonologist,Spelling Variation of: Lung specialist
Lying down par breathing mein dikkat hoti hai raat ko,Pulmonologist,Variation of: Raat ko lait kar saans lena mushkil hota hai
Phepdo ka doctor,Pulmonologist,Spelling Variation of: Phephdo ka doctor
Phephdo ka docter,Pulmonologist,Spelling Variation of: Phephdo ka doctor
Phephdo ka doctor,Pulmonologist,Specialist Term
Raat ko lait kar saans lena mushkil hota hai,Pulmonologist,Original
Raat ko lait kar sans lena mushkil hota hai,Pulmonologist,Spelling Variation of: Raat ko lait kar saans lena mushkil hota hai
Saans ka daktar,Pulmonologist,Spelling Variation of: Saans ka doctor
Saans ka doctor,Pulmonologist,Specialist Term
Saans lene mein takleef ho rahi hai,Pulmonologist,New Suggestion
Saans lete waqt cheez-cheez ki awaaz aati hai chest se.,Pulmonologist,Variation of: Saas lete waqt seene se seeti jaisi aawaz aati hai.
Saas lete waqt seenay se seeti jaisi aawaz aati hai.,Pulmonologist,Spelling Variation of: Saas lete waqt seene se seeti jaisi aawaz aati hai.
Saas lete waqt seene se seeti jaisi aawaz aati hai.,Pulmonologist,Original
Sans ka docter,Pulmonologist,Spelling Variation of: Saans ka doctor
Sans lene mein takleef ho rahi hai,Pulmonologist,Spelling Variation of: Saans lene mein takleef ho rahi hai
Sans lete waqt cheez-cheez ki awaaz aati hai chest se.,Pulmonologist,Spelling Variation of: Saans lete waqt cheez-cheez ki awaaz aati hai chest se.
"Seena bahut tight lagta hai, saans lena bhaari mehsoos hota hai.",Pulmonologist,Variation of: Asthma ki wajah se seene me jakadan mehsoos hoti hai.
"Seena bohot tight lagta hai, sans lena bhaari mehsoos hota hai.",Pulmonologist,"Spelling Variation of: Seena bahut tight lagta hai, saans lena bhaari mehsoos hota hai."
Seenay mein darad hai aur sir bhi dukh raha hai.,Pulmonologist,Spelling Variation of: Seene mein dard hai aur sar bhi dukh raha hai.
Seene mein dard hai aur sar bhi dukh raha hai.,Pulmonologist,Original
Several weeks se persistent cough hai jisme occasionally blood bhi aata hai,Pulmonologist,Variation of: Kaafi weeks se khansi hai jisme khoon bhi aata hai kabhi kabhi
"Sleep ke dauran breathing temporarily ruk jaati hai, morning mein fatigue hoti hai",Pulmonologist,"Variation of: Sote waqt saans ruk jaati hai, subah thakaan lagti hai"
Slight dust exposure se bhi coughing start ho jaati hai,Pulmonologist,Variation of: Thodi si dhool se bhi khansi shuru ho jaati hai
"Sote waqt saans ruk jaati hai, subah thakaan lagti hai",Pulmonologist,Original
"Sote waqt sans ruk jaati hai, subah thakan lagti hai",Pulmonologist,"Spelling Variation of: Sote waqt saans ruk jaati hai, subah thakaan lagti hai"
Tez bukhar ke saath seene mein darad aur sans phoolna,Pulmonologist,Spelling Variation of: Tez bukhar ke saath seene mein dard aur saans phoolna
Tez bukhar ke saath seene mein dard aur saans phoolna,Pulmonologist,Original
Thand ke mausam mein chest tight ho jaata hai,Pulmonologist,Variation of: Cold weather mein seena jakad jata hai
Thodi si dhool se bhi khansi shuru ho jaati hai,Pulmonologist,Original
Thodi si dhul se bhi khansi shuru ho jaati hai,Pulmonologist,Spelling Variation of: Thodi si dhool se bhi khansi shuru ho jaati hai
Baar baar peshaab aata hai,Urologist,Spelling Variation of: Baar baar peshab aata hai
Baar baar peshaab jaana padta hai aur pait ke niche darad hota hai.,Urologist,Spelling Variation of: Baar baar peshab jaana padta hai aur pet ke niche dard hota hai.
Baar baar peshab aata hai,Urologist,New Suggestion
Baar baar peshab jaana padta hai aur pet ke niche dard hota hai.,Urologist,Original
Back mein suddenly severe pain uthta hai jo abdomen tak radiate karta hai,Urologist,Variation of: Peeth mein achanak zor ka dard uthta hai jo pet tak jata hai
Kidney ka daktar,Urologist,Spelling Variation of: Kidney ka doctor
Kidney ka docter,Urologist,Spelling Variation of: Kidney ka doctor
Kidney ka doctor,Urologist,Specialist Term
Lower back ya side me severe darad hai (Kidney stone ka shak).,Urologist,Spelling Variation of: Lower back ya side me severe dard hai (Kidney stone ka shak).
Lower back ya side me severe dard hai (Kidney stone ka shak).,Urologist,Original
"Peeth ke ek side me asahniya darad hota hai, stone lagta hai.",Urologist,"Spelling Variation of: Peeth ke ek side me asahniya dard hota hai, stone lagta hai."
"Peeth ke ek side me asahniya dard hota hai, stone lagta hai.",Urologist,Variation of: Lower back ya side me severe dard hai (Kidney stone ka shak).
Peeth mein achanak zor ka darad uthta hai jo pet tak jata hai,Urologist,Spelling Variation of: Peeth mein achanak zor ka dard uthta hai jo pet tak jata hai
Peeth mein achanak zor ka dard uthta hai jo pet tak jata hai,Urologist,Original
Peshaab ka docter,Urologist,Spelling Variation of: Peshab ka doctor
Peshaab ka doctor,Urologist,Spelling Variation of: Peshab ka doctor
Peshaab karte waqt bohot jalan hoti hai.,Urologist,Spelling Variation of: Peshab karte waqt bahut jalan hoti hai.
Peshaab karte waqt jalan hoti hai aur rang bhi ajeeb hai.,Urologist,Spelling Variation of: Peshab karte waqt jalan hoti hai aur rang bhi ajeeb hai.
Peshaab ki dhar kamzor ho gayi hai aur baar baar jana padta hai,Urologist,Spelling Variation of: Peshab ki dhar kamzor ho gayi hai aur baar baar jaana padta hai
Peshaab mein jalan ho rahi hai,Urologist,Spelling Variation of: Peshab mein jalan ho rahi hai
Peshaab mein khoon aa raha hai,Urologist,Spelling Variation of: Peshab mein khoon aa raha hai
"Peshaab rok nahi paata, achanak zoron ka pressure aata hai.",Urologist,"Spelling Variation of: Peshab rok nahi paata, achanak zoron ka pressure aata hai."
Peshab ka doctor,Urologist,Specialist Term
Peshab karte waqt bahut jalan hoti hai.,Urologist,Variation of: Urine paas karte waqt bohot tez jalan ya dard hota hai.
Peshab karte waqt jalan hoti hai aur rang bhi ajeeb hai.,Urologist,Original
Peshab ki dhar kamzor ho gayi hai aur baar baar jaana padta hai,Urologist,Original
Peshab mein jalan ho rahi hai,Urologist,New Suggestion
Peshab mein khoon aa raha hai,Urologist,New Suggestion
"Peshab rok nahi paata, achanak zoron ka pressure aata hai.",Urologist,"Variation of: Urine ko hold karne me problem hoti hai, achanak se pressure banta hai."
"Thodi thodi der mein washroom jaana padta hai, pelvic area mein bhi darad hai.",Urologist,"Spelling Variation of: Thodi thodi der mein washroom jaana padta hai, pelvic area mein bhi dard hai."
"Thodi thodi der mein washroom jaana padta hai, pelvic area mein bhi dard hai.",Urologist,Variation of: Baar baar peshab jaana padta hai aur pet ke niche dard hota hai.
Urinary specialist,Urologist,Specialist Term
Urine ka doctor,Urologist,Spelling Variation of: Urinary specialist
"Urine ko hold karne me problem hoti hai, achanak se pressure banta hai.",Urologist,Original
Urine paas karte waqt bohot tez jalan ya dard hota hai.,Urologist,Original
Urine pas karte waqt bohot tez jalan ya darad hota hai.,Urologist,Spelling Variation of: Urine paas karte waqt bohot tez jalan ya dard hota hai.
Urine pass karte waqt bahut jalan hoti hai aur smell bhi aati hai.,Urologist,Variation of: Peshab karte waqt jalan hoti hai aur rang bhi ajeeb hai.
Urine pass karte waqt bohot jalan hoti hai aur smell bhi aati hai.,Urologist,Spelling Variation of: Urine pass karte waqt bahut jalan hoti hai aur smell bhi aati hai.
Urine stream weak ho gayi hai aur frequently washroom jaana padta hai,Urologist,Variation of: Peshab ki dhar kamzor ho gayi hai aur baar baar jaana padta hai
bakri ko daast ho rahe hain,Veterinarian,Spelling Variation of: bakri ko dast ho rahe hain
bakri ko dast ho rahe hain,Veterinarian,Original
bakri ko loose motion ho raha hai,Veterinarian,Variation of: bakri ko dast ho rahe hain
billi ko chot lag gayi hai,Veterinarian,Original
billi ulti kar rahi hai,Veterinarian,Variation of: cat ko ulti ho rahi hai
billi ulty kar rahi hai,Veterinarian,Spelling Variation of: billi ulti kar rahi hai
cat injured ho gayi hai,Veterinarian,Variation of: billi ko chot lag gayi hai
cat ko ulti ho rahi hai,Veterinarian,Original
cat ko ulty ho rahi hai,Veterinarian,Spelling Variation of: cat ko ulti ho rahi hai
cow bimar hai,Veterinarian,Original
dog ko bukhaar hai,Veterinarian,Spelling Variation of: dog ko bukhar hai
dog ko bukhar hai,Veterinarian,Original
dog limping kar raha hai,Veterinarian,Original
dog ne khana chodh diya hai,Veterinarian,Variation of: kutta khana nahi kha raha
dog theek se chal nahi pa raha,Veterinarian,Variation of: dog limping kar raha hai
gaay ki tabiyat kharab hai,Veterinarian,Variation of: cow bimar hai
Janwar ka daktar,Veterinarian,Spelling Variation of: Janwar ka doctor
Janwar ka docter,Veterinarian,Spelling Variation of: Janwar ka doctor
Janwar ka doctor,Veterinarian,Specialist Term
kutta khana nahi kha raha,Veterinarian,Original
kutte ko bukhaar aa raha hai,Veterinarian,Spelling Variation of: kutte ko bukhar aa raha hai
kutte ko bukhar aa raha hai,Veterinarian,Variation of: dog ko bukhar hai
pait ka docter chahiye,Veterinarian,Spelling Variation of: pet ka doctor chahiye
pait ke liye docter dikhana hai,Veterinarian,Spelling Variation of: pet ke liye doctor dikhana hai
pait ke pair mai darad hai,Veterinarian,Spelling Variation of: pet ke pair mai dard hai
pait ki tabiyat kharab hai,Veterinarian,Spelling Variation of: pet ki tabiyat kharab hai
pait limp kar raha hai,Veterinarian,Spelling Variation of: pet limp kar raha hai
pait sust ho gaya hai,Veterinarian,Spelling Variation of: pet sust ho gaya hai
Pashu daktar,Veterinarian,Spelling Variation of: Pashu doctor
Pashu docter,Veterinarian,Spelling Variation of: Pashu doctor
Pashu doctor,Veterinarian,Specialist Term
pet ka doctor chahiye,Veterinarian,Original
Pet ke badan pe baal jhad rahe hain aur skin laal hai,Veterinarian,Original
Pet ke badan pe baal jhad rahe hain aur skin lal hai,Veterinarian,Spelling Variation of: Pet ke badan pe baal jhad rahe hain aur skin laal hai
Pet ke body par hair loss ho raha hai aur skin red hai,Veterinarian,Variation of: Pet ke badan pe baal jhad rahe hain aur skin laal hai
pet ke liye doctor dikhana hai,Veterinarian,Variation of: pet ka doctor chahiye
pet ke pair mai dard hai,Veterinarian,Original
pet ki tabiyat kharab hai,Veterinarian,Original
pet limp kar raha hai,Veterinarian,Variation of: pet ke pair mai dard hai
"Pet ne kuch khaya tha bahar se, ab ulti kar raha hai",Veterinarian,Original
"Pet ne kuch khaya tha bahar se, ab ulty kar raha hai",Veterinarian,"Spelling Variation of: Pet ne kuch khaya tha bahar se, ab ulti kar raha hai"
"Pet ne outside kuch consume kiya tha, ab vomiting kar raha hai",Veterinarian,"Variation of: Pet ne kuch khaya tha bahar se, ab ulti kar raha hai"
pet sust ho gaya hai,Veterinarian,Variation of: pet ki tabiyat kharab hai
Vet,Veterinarian,Specialist Term
Veterinary doctor,Veterinarian,Spelling Variation of: Vet
