text,specialist,type
Operation se pehle anesthesia ke baare mein doctor se baat karni hai.,Anaesthesiologist,Original
Operation se pehle anesthesia ke baare mein daktar se baat karni hai.,Anaesthesiologist,Spelling Variation of: Operation se pehle anesthesia ke baare mein doctor se baat karni hai.
Operation se pehle anesthesia ke baare mein docter se baat karni hai.,Anaesthesiologist,Spelling Variation of: Operation se pehle anesthesia ke baare mein doctor se baat karni hai.
"Pichli baar anesthesia se ulti hui thi, is baar precaution leni hai.",Anaesthesiologist,Original
Surgery ke doraan behosh karne wale doctor se milna hai pehle.,Anaesthesiologist,Original
Surgery ke doraan behosh karne wale daktar se milna hai pehle.,Anaesthesiologist,Spelling Variation of: Surgery ke doraan behosh karne wale doctor se milna hai pehle.
Surgery ke doraan behosh karne wale docter se milna hai pehle.,Anaesthesiologist,Spelling Variation of: Surgery ke doraan behosh karne wale doctor se milna hai pehle.
"Anesthesia ka asar utarne mein bahut time lagta hai mujhe, batana hai unko.",Anaesthesiologist,Original
"Anesthesia ka asar utarne mein bohot time lagta hai mujhe, batana hai unko.",Anaesthesiologist,"Spelling Variation of: Anesthesia ka asar utarne mein bahut time lagta hai mujhe, batana hai unko."
"Anesthesia ka asar utarne mein bahot time lagta hai mujhe, batana hai unko.",Anaesthesiologist,"Spelling Variation of: Anesthesia ka asar utarne mein bahut time lagta hai mujhe, batana hai unko."
"Anesthesia ka asar utarne mein kaafi time lagta hai mujhe, batana hai unko.",Anaesthesiologist,"Variation of: Anesthesia ka asar utarne mein bahut time lagta hai mujhe, batana hai unko."
"Delivery ke liye epidural lena hai ya nahi, samajh nahi aa raha.",Anaesthesiologist,Original
"Delivery ke liye epidural lena hai ya nahin, samajh nahi aa raha.",Anaesthesiologist,"Spelling Variation of: Delivery ke liye epidural lena hai ya nahi, samajh nahi aa raha."
"Delivery ke liye epidural lena hai ya nhi, samajh nahi aa raha.",Anaesthesiologist,"Spelling Variation of: Delivery ke liye epidural lena hai ya nahi, samajh nahi aa raha."
"Kamar mein spinal anesthesia dena hai operation ke liye, doubts hain kuch.",Anaesthesiologist,Original
"Kamar me spinal anesthesia dena hai operation ke liye, doubts hain kuch.",Anaesthesiologist,"Spelling Variation of: Kamar mein spinal anesthesia dena hai operation ke liye, doubts hain kuch."
Anesthesia se allergy hai kya check karna hai operation se pehle.,Anaesthesiologist,Original
Local anesthesia mein hi chhota operation ho sakta hai kya poochna hai.,Anaesthesiologist,Original
Local anesthesia me hi chhota operation ho sakta hai kya poochna hai.,Anaesthesiologist,Spelling Variation of: Local anesthesia mein hi chhota operation ho sakta hai kya poochna hai.
Pain management ke liye anesthesia specialist se consultation chahiye.,Anaesthesiologist,Original
Pain management ke liye anesthesia specialist se consultation chaiye.,Anaesthesiologist,Spelling Variation of: Pain management ke liye anesthesia specialist se consultation chahiye.
Pain management ke liye anesthesia specialist se consultation chahye.,Anaesthesiologist,Spelling Variation of: Pain management ke liye anesthesia specialist se consultation chahiye.
Pain management ke liye anesthesia specialist se consultation zaroorat hai.,Anaesthesiologist,Variation of: Pain management ke liye anesthesia specialist se consultation chahiye.
"General anesthesia diya jayega ya sirf sunn karenge, ye janna hai operation se pehle.",Anaesthesiologist,Original
"Meri maa ko heart ki problem hai, unhe anesthesia dena safe hoga kya operation mein.",Anaesthesiologist,Original
"Meri maa ko heart ki problem hai, unhe anesthesia dena safe hoga kya operation me.",Anaesthesiologist,"Spelling Variation of: Meri maa ko heart ki problem hai, unhe anesthesia dena safe hoga kya operation mein."
"Bache ko chhote operation ke liye anesthesia denge, kitna risk hota hai puchna hai.",Anaesthesiologist,Original
Anesthesia lene ke kitne ghante pehle khana peena band karna hai.,Anaesthesiologist,Original
"Operation ke baad dard kam karne ke liye kaunsi anesthesia use hogi, discuss karna hai.",Anaesthesiologist,Original
"Operation ke baad darad kam karne ke liye kaunsi anesthesia use hogi, discuss karna hai.",Anaesthesiologist,"Spelling Variation of: Operation ke baad dard kam karne ke liye kaunsi anesthesia use hogi, discuss karna hai."
"Operation ke baad takleef kam karne ke liye kaunsi anesthesia use hogi, discuss karna hai.",Anaesthesiologist,"Variation of: Operation ke baad dard kam karne ke liye kaunsi anesthesia use hogi, discuss karna hai."
"Pichli surgery mein anesthesia se saans lene mein dikkat hui thi, is baar dar lag raha hai.",Anaesthesiologist,Original
"Pichli surgery me anesthesia se saans lene mein dikkat hui thi, is baar dar lag raha hai.",Anaesthesiologist,"Spelling Variation of: Pichli surgery mein anesthesia se saans lene mein dikkat hui thi, is baar dar lag raha hai."
"Pichli surgery mein anesthesia se saans lene mein dikkat hui thi, is baar dar lag rha hai.",Anaesthesiologist,"Spelling Variation of: Pichli surgery mein anesthesia se saans lene mein dikkat hui thi, is baar dar lag raha hai."
anesthesia doctor se milna hai,Anaesthesiologist,Specialist Term
anesthesia daktar se milna hai,Anaesthesiologist,Spelling Variation of: anesthesia doctor se milna hai
anesthesia docter se milna hai,Anaesthesiologist,Spelling Variation of: anesthesia doctor se milna hai
anaesthesiologist ko dikhana hai,Anaesthesiologist,Specialist Term
behoshi wale doctor se baat karni hai,Anaesthesiologist,Specialist Term
behoshi wale daktar se baat karni hai,Anaesthesiologist,Spelling Variation of: behoshi wale doctor se baat karni hai
behoshi wale docter se baat karni hai,Anaesthesiologist,Spelling Variation of: behoshi wale doctor se baat karni hai
pain management specialist chahiye,Anaesthesiologist,Specialist Term
pain management specialist chaiye,Anaesthesiologist,Spelling Variation of: pain management specialist chahiye
pain management specialist chahye,Anaesthesiologist,Spelling Variation of: pain management specialist chahiye
operation se pehle anesthesia consult chahiye,Anaesthesiologist,Specialist Term
operation se pehle anesthesia consult chaiye,Anaesthesiologist,Spelling Variation of: operation se pehle anesthesia consult chahiye
operation se pehle anesthesia consult chahye,Anaesthesiologist,Spelling Variation of: operation se pehle anesthesia consult chahiye
anesthesia,Anaesthesiologist,Keyword Phrase
operation se pehle,Anaesthesiologist,Keyword Phrase
behosh karna,Anaesthesiologist,Keyword Phrase
pre-op consultation,Anaesthesiologist,Keyword Phrase
epidural,Anaesthesiologist,Keyword Phrase
spinal block,Anaesthesiologist,Keyword Phrase
Operation se pehle mujhe behosh karne wale doctor (sedation) se milna hai.,Anaesthesiologist,Original
Purane back pain ke liye mujhe nerve block ka injection lagwana hai.,Anaesthesiologist,Original
Meri spinal cord surgery honi hai aur mujhe lower body sunn karne ke process ko samajhna hai.,Anaesthesiologist,Original
Meri spine surgery honi hai aur mujhe lower body sunn karne ke process ko samajhna hai.,Anaesthesiologist,Spelling Variation of: Meri spinal cord surgery honi hai aur mujhe lower body sunn karne ke process ko samajhna hai.
Operation theatre me le jane se pehle mujhe general anesthesia ka risk discuss karna hai.,Anaesthesiologist,Variation of: Meri spinal cord surgery honi hai aur mujhe lower body sunn karne ke process ko samajhna hai.
Baccha operation se pehle bohot dar raha hai aur ghabrahat me ro raha hai.,Anaesthesiologist,Original
"Delivery ke time pe asahniya dard ho raha hai, kamar me sunn karne wala (epidural) injection chahiye.",Anaesthesiologist,Original
Operation ke baad dadaji behoshi se theek se bahar nahi aa rahe aur behki baatein kar rahe hain.,Anaesthesiologist,Original
Behoshi wale doctor.,Anaesthesiologist,Original
Sunn karne wale doctor.,Anaesthesiologist,Original
Operation se pehle sui dene wale doctor.,Anaesthesiologist,Original
Seene ke bich mein bhaari-pan sa mehsoos hota hai jab tez chalta hoon.,Cardiologist (Heart),Original
Seene ke bich me bhaari-pan sa mehsoos hota hai jab tez chalta hoon.,Cardiologist (Heart),Spelling Variation of: Seene ke bich mein bhaari-pan sa mehsoos hota hai jab tez chalta hoon.
"Achanak dil bahut zor se dhadakne lagta hai, phir apne aap theek ho jata hai.",Cardiologist (Heart),Original
"Achanak dil bohot zor se dhadakne lagta hai, phir apne aap theek ho jata hai.",Cardiologist (Heart),"Spelling Variation of: Achanak dil bahut zor se dhadakne lagta hai, phir apne aap theek ho jata hai."
"Achanak dil bahot zor se dhadakne lagta hai, phir apne aap theek ho jata hai.",Cardiologist (Heart),"Spelling Variation of: Achanak dil bahut zor se dhadakne lagta hai, phir apne aap theek ho jata hai."
"Achanak dil kaafi zor se dhadakne lagta hai, phir apne aap theek ho jata hai.",Cardiologist (Heart),"Variation of: Achanak dil bahut zor se dhadakne lagta hai, phir apne aap theek ho jata hai."
Left arm mein ajeeb sa dard hota hai jo chest se shuru hota hai.,Cardiologist (Heart),Original
Left arm mein ajeeb sa darad hota hai jo chest se shuru hota hai.,Cardiologist (Heart),Spelling Variation of: Left arm mein ajeeb sa dard hota hai jo chest se shuru hota hai.
Left arm me ajeeb sa dard hota hai jo chest se shuru hota hai.,Cardiologist (Heart),Spelling Variation of: Left arm mein ajeeb sa dard hota hai jo chest se shuru hota hai.
Left arm mein ajeeb sa takleef hota hai jo chest se shuru hota hai.,Cardiologist (Heart),Variation of: Left arm mein ajeeb sa dard hota hai jo chest se shuru hota hai.
Sidhi seedhi chadhte hi saans phoolne lagti hai aur chest tight lagta hai.,Cardiologist (Heart),Original
Raat ko sote waqt achanak ghabrahat ho jaati hai aur dil tez chalta hai.,Cardiologist (Heart),Original
"Doctor ne bataya BP bahut high hai, sar bhi bhaari rehta hai.",Cardiologist (Heart),Original
"daktar ne bataya BP bahut high hai, sar bhi bhaari rehta hai.",Cardiologist (Heart),"Spelling Variation of: Doctor ne bataya BP bahut high hai, sar bhi bhaari rehta hai."
"docter ne bataya BP bahut high hai, sar bhi bhaari rehta hai.",Cardiologist (Heart),"Spelling Variation of: Doctor ne bataya BP bahut high hai, sar bhi bhaari rehta hai."
"Doctor ne bataya BP bahut high hai, head bhi bhaari rehta hai.",Cardiologist (Heart),"Variation of: Doctor ne bataya BP bahut high hai, sar bhi bhaari rehta hai."
Thodi si mehnat karte hi thakaan aur chest mein jakadan feel hoti hai.,Cardiologist (Heart),Original
Thodi si mehnat karte hi thakaan aur chest me jakadan feel hoti hai.,Cardiologist (Heart),Spelling Variation of: Thodi si mehnat karte hi thakaan aur chest mein jakadan feel hoti hai.
"Ankle aur pairon mein soojan aa gayi hai, saans bhi phool jaati hai lete waqt.",Cardiologist (Heart),Original
"Ankle aur pairon me soojan aa gayi hai, saans bhi phool jaati hai lete waqt.",Cardiologist (Heart),"Spelling Variation of: Ankle aur pairon mein soojan aa gayi hai, saans bhi phool jaati hai lete waqt."
"Cholesterol report mein sab values high aayi hain, koi symptom nahi tha pehle.",Cardiologist (Heart),Original
"Cholesterol report mein sab values high aayi hain, koi symptom nahin tha pehle.",Cardiologist (Heart),"Spelling Variation of: Cholesterol report mein sab values high aayi hain, koi symptom nahi tha pehle."
"Cholesterol report mein sab values high aayi hain, koi symptom nhi tha pehle.",Cardiologist (Heart),"Spelling Variation of: Cholesterol report mein sab values high aayi hain, koi symptom nahi tha pehle."
"Chest mein jalan si hoti hai jo lagta hai gas nahi hai, kuch aur hai.",Cardiologist (Heart),Original
"Chest mein jalan si hoti hai jo lagta hai gas nahin hai, kuch aur hai.",Cardiologist (Heart),"Spelling Variation of: Chest mein jalan si hoti hai jo lagta hai gas nahi hai, kuch aur hai."
"Chest mein jalan si hoti hai jo lagta hai gas nhi hai, kuch aur hai.",Cardiologist (Heart),"Spelling Variation of: Chest mein jalan si hoti hai jo lagta hai gas nahi hai, kuch aur hai."
"Palpitations hoti hain, jaise dil ek beat miss kar deta hai.",Cardiologist (Heart),Original
"Family mein heart disease history hai, mujhe bhi checkup karana hai.",Cardiologist (Heart),Original
"Family me heart disease history hai, mujhe bhi checkup karana hai.",Cardiologist (Heart),"Spelling Variation of: Family mein heart disease history hai, mujhe bhi checkup karana hai."
Chalte chalte pairo mein dard hota hai jo rukne se turant theek ho jata hai.,Cardiologist (Heart),Original
Chalte chalte pairo mein darad hota hai jo rukne se turant theek ho jata hai.,Cardiologist (Heart),Spelling Variation of: Chalte chalte pairo mein dard hota hai jo rukne se turant theek ho jata hai.
Chalte chalte pairo me dard hota hai jo rukne se turant theek ho jata hai.,Cardiologist (Heart),Spelling Variation of: Chalte chalte pairo mein dard hota hai jo rukne se turant theek ho jata hai.
Chalte chalte pairo mein takleef hota hai jo rukne se turant theek ho jata hai.,Cardiologist (Heart),Variation of: Chalte chalte pairo mein dard hota hai jo rukne se turant theek ho jata hai.
"Bahut pasina aa raha tha aur chest mein bhari darad, ghabra gaya tha.",Cardiologist (Heart),Original
"Bahut pasina aa raha tha aur chest mein bhari dard, ghabra gaya tha.",Cardiologist (Heart),"Spelling Variation of: Bahut pasina aa raha tha aur chest mein bhari darad, ghabra gaya tha."
"bohot pasina aa raha tha aur chest mein bhari darad, ghabra gaya tha.",Cardiologist (Heart),"Spelling Variation of: Bahut pasina aa raha tha aur chest mein bhari darad, ghabra gaya tha."
"kaafi pasina aa raha tha aur chest mein bhari darad, ghabra gaya tha.",Cardiologist (Heart),"Variation of: Bahut pasina aa raha tha aur chest mein bhari darad, ghabra gaya tha."
dil ka doctor chahiye,Cardiologist (Heart),Specialist Term
dil ka daktar chahiye,Cardiologist (Heart),Spelling Variation of: dil ka doctor chahiye
dil ka docter chahiye,Cardiologist (Heart),Spelling Variation of: dil ka doctor chahiye
heart specialist se milna hai,Cardiologist (Heart),Specialist Term
cardiac doctor ko dikhana hai,Cardiologist (Heart),Specialist Term
cardiac daktar ko dikhana hai,Cardiologist (Heart),Spelling Variation of: cardiac doctor ko dikhana hai
cardiac docter ko dikhana hai,Cardiologist (Heart),Spelling Variation of: cardiac doctor ko dikhana hai
dil ki bimari ka daktar,Cardiologist (Heart),Specialist Term
dil ki bimaari ka daktar,Cardiologist (Heart),Spelling Variation of: dil ki bimari ka daktar
heart checkup karwana hai,Cardiologist (Heart),Specialist Term
seene mein dard,Cardiologist (Heart),Keyword Phrase
seene mein darad,Cardiologist (Heart),Spelling Variation of: seene mein dard
seene me dard,Cardiologist (Heart),Spelling Variation of: seene mein dard
chest pain,Cardiologist (Heart),Keyword Phrase
dil ki dhadkan tez,Cardiologist (Heart),Keyword Phrase
heart attack jaisa,Cardiologist (Heart),Keyword Phrase
saans phoolna,Cardiologist (Heart),Keyword Phrase
BP high,Cardiologist (Heart),Keyword Phrase
cholesterol zyada,Cardiologist (Heart),Keyword Phrase
cholesterol jyada,Cardiologist (Heart),Spelling Variation of: cholesterol zyada
cholesterol jyaada,Cardiologist (Heart),Spelling Variation of: cholesterol zyada
dil ghabrana,Cardiologist (Heart),Keyword Phrase
Baaye haath mein ajeeb sa darad hota hai kabhi kabhi,Cardiologist (Heart),Spelling Variation of: Baaye haath mein ajeeb sa dard hota hai kabhi kabhi
Baaye haath mein ajeeb sa dard hota hai kabhi kabhi,Cardiologist (Heart),Original
Bina kisi lakshan ke cholesterol level high aa raha hai check-up mein.,Cardiologist (Heart),"Variation of: Koi symptoms nahi dikhte, lekin cholesterol zyada hai reports mein."
Cardiac daktar,Cardiologist (Heart),Spelling Variation of: Cardiac doctor
Cardiac docter,Cardiologist (Heart),Spelling Variation of: Cardiac doctor
Cardiac doctor,Cardiologist (Heart),Specialist Term
"Chalte waqt pairon mein darad hota hai, rukne se aaraam milta hai",Cardiologist (Heart),"Spelling Variation of: Chalte waqt pairon mein dard hota hai, rukne se aaram milta hai"
"Chalte waqt pairon mein dard hota hai, rukne se aaram milta hai",Cardiologist (Heart),Original
"Chalte waqt seene mein dabaav sa mehsoos hota hai, rukne se theek ho jata hai",Cardiologist (Heart),Original
"Chalte waqt seene mein dabav sa mehsoos hota hai, rukne se theek ho jata hai",Cardiologist (Heart),"Spelling Variation of: Chalte waqt seene mein dabaav sa mehsoos hota hai, rukne se theek ho jata hai"
chest mai darad ho raha hai,Cardiologist (Heart),Spelling Variation of: chest mai dard ho raha hai
chest mai dard ho raha hai,Cardiologist (Heart),Original
Chest me heavypan lagta hai ya achanak tez darad hota hai.,Cardiologist (Heart),Spelling Variation of: Chest me heavypan lagta hai ya achanak tez dard hota hai.
Chest me heavypan lagta hai ya achanak tez dard hota hai.,Cardiologist (Heart),Original
chest mein bhaari-pan lag raha hai,Cardiologist (Heart),Variation of: chest mai dard ho raha hai
dil bechain ho raha hai,Cardiologist (Heart),Variation of: dil ghabra raha hai
Dil bina wajah zor zor se dhadakne lagta hai.,Cardiologist (Heart),Variation of: Dil ki dhadkan achanak se bahut tez ho jaati hai.
dil ghabra raha hai,Cardiologist (Heart),Original
Dil ka daktar,Cardiologist (Heart),Spelling Variation of: Dil ka doctor
Dil ka docter,Cardiologist (Heart),Spelling Variation of: Dil ka doctor
Dil ka doctor,Cardiologist (Heart),Specialist Term
Dil ke docter saab,Cardiologist (Heart),Spelling Variation of: Dil ke doctor sahab
Dil ke doctor saab,Cardiologist (Heart),Spelling Variation of: Dil ke doctor sahab
Dil ke doctor sahab,Cardiologist (Heart),Specialist Term
Dil ki bimaari ka doctor,Cardiologist (Heart),Spelling Variation of: Dil ki bimari ka doctor
Dil ki bimari ka docter,Cardiologist (Heart),Spelling Variation of: Dil ki bimari ka doctor
Dil ki bimari ka doctor,Cardiologist (Heart),Specialist Term
Dil ki dhadkan achanak se bahut tez ho jaati hai.,Cardiologist (Heart),Original
Dil ki dhadkan achanak se bohot tez ho jaati hai.,Cardiologist (Heart),Spelling Variation of: Dil ki dhadkan achanak se bahut tez ho jaati hai.
dil ki dhadkan tez hai,Cardiologist (Heart),Original
Dil ruk ruk ke dhadakta hai kabhi kabhee,Cardiologist (Heart),Spelling Variation of: Dil ruk ruk ke dhadakta hai kabhi kabhi
Dil ruk ruk ke dhadakta hai kabhi kabhi,Cardiologist (Heart),Original
Evening tak legs mein swelling ban jaati hai,Cardiologist (Heart),Variation of: Pairon mein soojan rehti hai shaam tak
"Head heavy rehta hai aur neck ke peeche pain hota hai, blood pressure check karana hai",Cardiologist (Heart),"Variation of: Sar bhaari rehta hai aur gardan ke peeche dard hota hai, BP check karwana hai"
Heart ka specialist,Cardiologist (Heart),Spelling Variation of: Heart specialist
Heart specialist,Cardiologist (Heart),Specialist Term
"Heartbeat kabhi kabhi irregular ho jaati hai, ruk ruk ke chalti hai",Cardiologist (Heart),Variation of: Dil ruk ruk ke dhadakta hai kabhi kabhi
heartbeat tez chal rahi hai,Cardiologist (Heart),Variation of: dil ki dhadkan tez hai
"Jyada chalne par sans phool jaati hai, dam ghutney jaisa lagta hai.",Cardiologist (Heart),"Spelling Variation of: Zyada chalne par saans phool jaati hai, dam ghutne jaisa lagta hai."
"Koi symptoms nahi dikhte, lekin cholesterol jyada hai reports mein.",Cardiologist (Heart),"Spelling Variation of: Koi symptoms nahi dikhte, lekin cholesterol zyada hai reports mein."
"Koi symptoms nahi dikhte, lekin cholesterol zyada hai reports mein.",Cardiologist (Heart),Original
Left arm mein kabhi kabhi ajeeb dard mehsoos hota hai,Cardiologist (Heart),Variation of: Baaye haath mein ajeeb sa dard hota hai kabhi kabhi
Neend mein achanak breathlessness feel hoti hai,Cardiologist (Heart),Variation of: Sote waqt achanak saans phoolne lagti hai
Pairon mein soojan rehti hai shaam tak,Cardiologist (Heart),Original
Pairon mein sujan rehti hai shaam tak,Cardiologist (Heart),Spelling Variation of: Pairon mein soojan rehti hai shaam tak
saans phool jaati hai thodi der chalne se,Cardiologist (Heart),Variation of: saans phoolti hai
saans phoolti hai,Cardiologist (Heart),Original
sans phool jaati hai thodi der chalne se,Cardiologist (Heart),Spelling Variation of: saans phool jaati hai thodi der chalne se
sans phoolti hai,Cardiologist (Heart),Spelling Variation of: saans phoolti hai
"Sar bhaari rehta hai aur gardan ke peeche dard hota hai, BP check karwana hai",Cardiologist (Heart),Original
"Sar bhari rehta hai aur gardan ke peeche darad hota hai, BP check karwana hai",Cardiologist (Heart),"Spelling Variation of: Sar bhaari rehta hai aur gardan ke peeche dard hota hai, BP check karwana hai"
Seedhi chadhte waqt seene mein bhaari-pan lagta hai,Cardiologist (Heart),Original
Seedhi chadhte waqt seene mein bhari-pan lagta hai,Cardiologist (Heart),Spelling Variation of: Seedhi chadhte waqt seene mein bhaari-pan lagta hai
seenay mai darad hai,Cardiologist (Heart),Spelling Variation of: seene mai dard hai
Seenay me achanak jakadan ya teekha darad uthta hai.,Cardiologist (Heart),Spelling Variation of: Seene me achanak jakadan ya teekha dard uthta hai.
seenay mein darad ho raha hai,Cardiologist (Heart),Spelling Variation of: seene mein dard ho raha hai
seene mai dard hai,Cardiologist (Heart),Original
Seene me achanak jakadan ya teekha dard uthta hai.,Cardiologist (Heart),Variation of: Chest me heavypan lagta hai ya achanak tez dard hota hai.
seene mein dard ho raha hai,Cardiologist (Heart),Variation of: seene mai dard hai
Sote waqt achanak saans phoolne lagti hai,Cardiologist (Heart),Original
Sote waqt achanak sans phoolne lagti hai,Cardiologist (Heart),Spelling Variation of: Sote waqt achanak saans phoolne lagti hai
Stairs chadhte waqt chest mein heaviness feel hoti hai,Cardiologist (Heart),Variation of: Seedhi chadhte waqt seene mein bhaari-pan lagta hai
Thoda sa chalne par bhi saas phoolne lagti hai.,Cardiologist (Heart),Original
"Walking ke time chest mein pressure jaisa feel hota hai, rest karne se theek ho jaata hai",Cardiologist (Heart),"Variation of: Chalte waqt seene mein dabaav sa mehsoos hota hai, rukne se theek ho jata hai"
"Walking ke time legs mein pain hota hai, resting se relief milta hai",Cardiologist (Heart),"Variation of: Chalte waqt pairon mein dard hota hai, rukne se aaram milta hai"
"Zyada chalne par saans phool jaati hai, dam ghutne jaisa lagta hai.",Cardiologist (Heart),Variation of: Thoda sa chalne par bhi saas phoolne lagti hai.
Seene me achanak tez dard aur ghutan mehsoos ho rahi hai.,Cardiologist (Heart),Original
Thoda sa chalne par hi saans phoolne lagti hai aur dil tez dhadakta hai.,Cardiologist (Heart),Original
Bacche ke honth neele pad jate hain aur doodh peete waqt thak kar saans phoolne lagti hai.,Cardiologist (Heart),Original
Thoda chalne par hi chhati me bhari-pan lagta hai aur saans phoolne lagti hai.,Cardiologist (Heart),Original
Dil achanak se bohot tez dhadakne lagta hai (palpitations) aur chakkar aa jate hain.,Cardiologist (Heart),Original
Dil wale doctor.,Cardiologist (Heart),Original
Heart specialist.,Cardiologist (Heart),Original
Dil ki bimari wale doctor.,Cardiologist (Heart),Original
"Doctor ne bataya heart ki ek valve kharab hai, operation ki baat kar rahe hain.",Cardiothoracic Surgeon,Original
"daktar ne bataya heart ki ek valve kharab hai, operation ki baat kar rahe hain.",Cardiothoracic Surgeon,"Spelling Variation of: Doctor ne bataya heart ki ek valve kharab hai, operation ki baat kar rahe hain."
"docter ne bataya heart ki ek valve kharab hai, operation ki baat kar rahe hain.",Cardiothoracic Surgeon,"Spelling Variation of: Doctor ne bataya heart ki ek valve kharab hai, operation ki baat kar rahe hain."
"Bypass surgery karwani hai, angiography mein blockage nikla hai.",Cardiothoracic Surgeon,Original
"Bypass surgery karwani hai, angiography me blockage nikla hai.",Cardiothoracic Surgeon,"Spelling Variation of: Bypass surgery karwani hai, angiography mein blockage nikla hai."
Heart operation ke baad recovery ke baare mein baat karni hai.,Cardiothoracic Surgeon,Original
Heart operation ke baad recovery ke baare me baat karni hai.,Cardiothoracic Surgeon,Spelling Variation of: Heart operation ke baad recovery ke baare mein baat karni hai.
"Bache ko janam se dil mein ched hai, surgery karni padegi bola hai.",Cardiothoracic Surgeon,Original
"Bache ko janam se dil me ched hai, surgery karni padegi bola hai.",Cardiothoracic Surgeon,"Spelling Variation of: Bache ko janam se dil mein ched hai, surgery karni padegi bola hai."
"Angioplasty se theek nahi hua, ab open heart surgery bata rahe hain.",Cardiothoracic Surgeon,Original
"Angioplasty se theek nahin hua, ab open heart surgery bata rahe hain.",Cardiothoracic Surgeon,"Spelling Variation of: Angioplasty se theek nahi hua, ab open heart surgery bata rahe hain."
"Angioplasty se theek nhi hua, ab open heart surgery bata rahe hain.",Cardiothoracic Surgeon,"Spelling Variation of: Angioplasty se theek nahi hua, ab open heart surgery bata rahe hain."
"Lungs mein tumor hai jo operation se nikalna padega, chest surgeon chahiye.",Cardiothoracic Surgeon,Original
"Lungs mein tumor hai jo operation se nikalna padega, chest surgeon chaiye.",Cardiothoracic Surgeon,"Spelling Variation of: Lungs mein tumor hai jo operation se nikalna padega, chest surgeon chahiye."
"Lungs mein tumor hai jo operation se nikalna padega, chest surgeon chahye.",Cardiothoracic Surgeon,"Spelling Variation of: Lungs mein tumor hai jo operation se nikalna padega, chest surgeon chahiye."
"Lungs mein tumor hai jo operation se nikalna padega, chest surgeon zaroorat hai.",Cardiothoracic Surgeon,"Variation of: Lungs mein tumor hai jo operation se nikalna padega, chest surgeon chahiye."
"Heart transplant ke baare mein jaankari chahiye, doctor ne refer kiya hai.",Cardiothoracic Surgeon,Original
"Heart transplant ke baare mein jaankari chahiye, daktar ne refer kiya hai.",Cardiothoracic Surgeon,"Spelling Variation of: Heart transplant ke baare mein jaankari chahiye, doctor ne refer kiya hai."
"Heart transplant ke baare mein jaankari chahiye, docter ne refer kiya hai.",Cardiothoracic Surgeon,"Spelling Variation of: Heart transplant ke baare mein jaankari chahiye, doctor ne refer kiya hai."
"Heart transplant ke baare mein jaankari zaroorat hai, doctor ne refer kiya hai.",Cardiothoracic Surgeon,"Variation of: Heart transplant ke baare mein jaankari chahiye, doctor ne refer kiya hai."
"Chest ke andar fluid bhar gaya hai bola hai, operation se nikalna padega.",Cardiothoracic Surgeon,Original
"Heart ki teeno arteries mein blockage hai, bypass ki taiyari karni hai.",Cardiothoracic Surgeon,Original
"Heart ki teeno arteries me blockage hai, bypass ki taiyari karni hai.",Cardiothoracic Surgeon,"Spelling Variation of: Heart ki teeno arteries mein blockage hai, bypass ki taiyari karni hai."
heart surgeon se milna hai,Cardiothoracic Surgeon,Specialist Term
cardiothoracic surgeon ko dikhana hai,Cardiothoracic Surgeon,Specialist Term
chest aur heart surgery specialist chahiye,Cardiothoracic Surgeon,Specialist Term
chest aur heart surgery specialist chaiye,Cardiothoracic Surgeon,Spelling Variation of: chest aur heart surgery specialist chahiye
chest aur heart surgery specialist chahye,Cardiothoracic Surgeon,Spelling Variation of: chest aur heart surgery specialist chahiye
bypass surgery specialist chahiye,Cardiothoracic Surgeon,Specialist Term
bypass surgery specialist chaiye,Cardiothoracic Surgeon,Spelling Variation of: bypass surgery specialist chahiye
bypass surgery specialist chahye,Cardiothoracic Surgeon,Spelling Variation of: bypass surgery specialist chahiye
heart surgery,Cardiothoracic Surgeon,Keyword Phrase
bypass surgery,Cardiothoracic Surgeon,Keyword Phrase
valve replace,Cardiothoracic Surgeon,Keyword Phrase
heart operation,Cardiothoracic Surgeon,Keyword Phrase
congenital heart defect,Cardiothoracic Surgeon,Keyword Phrase
chest surgery lungs,Cardiothoracic Surgeon,Keyword Phrase
"Doctor ne heart ke bypass operation (CABG) ke liye bola hai, blockage zyada hai.",Cardiothoracic Surgeon,Original
Heart ke valves me blockage aa gayi hai aur doctor ne bypass (CABG) suggest kiya hai.,Cardiothoracic Surgeon,Original
Heart ke valve me blockage aa gayi hai aur doctor ne bypass (CABG) suggest kia hai.,Cardiothoracic Surgeon,Spelling Variation of: Heart ke valves me blockage aa gayi hai aur doctor ne bypass (CABG) suggest kiya hai.
Dil ki do nasen band hain aur open heart surgery ya bypass hona zaruri bataya gaya hai.,Cardiothoracic Surgeon,Variation of: Heart ke valves me blockage aa gayi hai aur doctor ne bypass (CABG) suggest kiya hai.
Bacche ka dil bohot tez dhadakta hai aur usko bar-bar seene me infection/pneumonia hota hai.,Cardiothoracic Surgeon,Original
Seene me bohot jakdan hai aur lagatar khansi me thoda khoon aa raha hai.,Cardiothoracic Surgeon,Original
Seene aur peeth me achanak se phatne (tearing) jaisa asahniya dard utha hai.,Cardiothoracic Surgeon,Original
Dil ke operation wale doctor.,Cardiothoracic Surgeon,Original
Heart ka bypass karne wale surgeon.,Cardiothoracic Surgeon,Original
Seene ke surgeon.,Cardiothoracic Surgeon,Original
"Daant mein bahut dard hai kai dino se, thanda garam lagta hai turant.",Dentist,Original
"Daant mein bahut darad hai kai dino se, thanda garam lagta hai turant.",Dentist,"Spelling Variation of: Daant mein bahut dard hai kai dino se, thanda garam lagta hai turant."
"Daant mein bohot dard hai kai dino se, thanda garam lagta hai turant.",Dentist,"Spelling Variation of: Daant mein bahut dard hai kai dino se, thanda garam lagta hai turant."
"Daant mein bahut takleef hai kai dino se, thanda garam lagta hai turant.",Dentist,"Variation of: Daant mein bahut dard hai kai dino se, thanda garam lagta hai turant."
Masudo se khoon aata hai brush karte waqt.,Dentist,Original
Ek daant hilne laga hai bina kisi chot ke.,Dentist,Original
Muh mein baar baar ulcer ho jata hai jo jaldi theek nahi hota.,Dentist,Original
Muh mein baar baar ulcer ho jata hai jo jaldi theek nahin hota.,Dentist,Spelling Variation of: Muh mein baar baar ulcer ho jata hai jo jaldi theek nahi hota.
Muh mein baar baar ulcer ho jata hai jo jaldi theek nhi hota.,Dentist,Spelling Variation of: Muh mein baar baar ulcer ho jata hai jo jaldi theek nahi hota.
Back wala daant nikal raha hai aur bahut dard ho raha hai.,Dentist,Original
Back wala daant nikal raha hai aur bahut darad ho raha hai.,Dentist,Spelling Variation of: Back wala daant nikal raha hai aur bahut dard ho raha hai.
Back wala daant nikal raha hai aur bohot dard ho raha hai.,Dentist,Spelling Variation of: Back wala daant nikal raha hai aur bahut dard ho raha hai.
Back wala daant nikal raha hai aur bahut takleef ho raha hai.,Dentist,Variation of: Back wala daant nikal raha hai aur bahut dard ho raha hai.
"Daanto mein cavity ho gayi lagti hai, khane mein fasta hai kuch.",Dentist,Original
"Daanto me cavity ho gayi lagti hai, khane mein fasta hai kuch.",Dentist,"Spelling Variation of: Daanto mein cavity ho gayi lagti hai, khane mein fasta hai kuch."
"Muh se badbu aati hai hamesha, brush karne ke baad bhi.",Dentist,Original
dentist ko dikhana hai,Dentist,Specialist Term
daanto ka doctor chahiye,Dentist,Specialist Term
daanto ka daktar chahiye,Dentist,Spelling Variation of: daanto ka doctor chahiye
daanto ka docter chahiye,Dentist,Spelling Variation of: daanto ka doctor chahiye
dant chikitsak se milna hai,Dentist,Specialist Term
daant mein dard,Dentist,Keyword Phrase
daant mein darad,Dentist,Spelling Variation of: daant mein dard
daant me dard,Dentist,Spelling Variation of: daant mein dard
muh mein ulcer,Dentist,Keyword Phrase
muh me ulcer,Dentist,Spelling Variation of: muh mein ulcer
masudo se khoon,Dentist,Keyword Phrase
daant hilna,Dentist,Keyword Phrase
cavity,Dentist,Keyword Phrase
Back wala tooth erupt ho raha hai aur bahut pain ho raha hai,Dentist,Variation of: Peeche wala daant nikal raha hai aur bahut dard ho raha hai
cavity ho gayi hai,Dentist,Original
Cold ya hot cheezein khane par daant mein sensitivity hoti hai,Dentist,Variation of: Thande ya garam cheez khane se jhun-jhunahat hoti hai daant mein
daant chatak gaya hai,Dentist,Variation of: dant tuta hua hai
daant dukh raha hai,Dentist,Original
Daant ka doctor,Dentist,Specialist Term
Daant ke neeche soojan hai aur pus jama ho gaya lagta hai,Dentist,Original
daant mein dard ho raha hai,Dentist,Variation of: dant mai dard hai
daant mein keeda lag gaya hai,Dentist,Variation of: cavity ho gayi hai
daant mein takleef hai,Dentist,Variation of: daant dukh raha hai
daant mein zor ka dard hai,Dentist,Variation of: teeth mai bahut dard hai
Daant tedhe-medhe lag rahe hain,Dentist,Original
Daant waale doctor,Dentist,Spelling Variation of: Daant wale doctor
Daant wale doctor,Dentist,Specialist Term
Daanton ka specialist,Dentist,Specialist Term
Daanton wala specialist,Dentist,Spelling Variation of: Daanton ka specialist
dant chatak gaya hai,Dentist,Spelling Variation of: daant chatak gaya hai
dant dukh raha hai,Dentist,Spelling Variation of: daant dukh raha hai
Dant ka docter,Dentist,Spelling Variation of: Daant ka doctor
Dant ka doctor,Dentist,Spelling Variation of: Daant ka doctor
Dant ke niche sujan hai aur pus jama ho gaya lagta hai,Dentist,Spelling Variation of: Daant ke neeche soojan hai aur pus jama ho gaya lagta hai
dant mai darad hai,Dentist,Spelling Variation of: dant mai dard hai
dant mai dard hai,Dentist,Original
dant mein darad ho raha hai,Dentist,Spelling Variation of: daant mein dard ho raha hai
dant mein keeda lag gaya hai,Dentist,Spelling Variation of: daant mein keeda lag gaya hai
dant mein takleef hai,Dentist,Spelling Variation of: daant mein takleef hai
dant mein zor ka darad hai,Dentist,Spelling Variation of: daant mein zor ka dard hai
Dant tedhe-medhe lag rahe hain,Dentist,Spelling Variation of: Daant tedhe-medhe lag rahe hain
dant tuta hua hai,Dentist,Original
Dant wale docter,Dentist,Spelling Variation of: Daant wale doctor
Dental daktar,Dentist,Spelling Variation of: Dental doctor
Dental docter,Dentist,Spelling Variation of: Dental doctor
Dental doctor,Dentist,Specialist Term
gums se bleeding ho rahi hai,Dentist,Variation of: masudo se khoon aa raha hai
Hamesha mooh se smell aati rehti hai,Dentist,Variation of: Munh se badbu aati hai hamesha
Jabde mein clicking ki aawaz aati hai,Dentist,Spelling Variation of: Jabde mein clicking ki awaaz aati hai
Jabde mein clicking ki awaaz aati hai,Dentist,Original
masudo se khoon aa raha hai,Dentist,Original
Mooh kholte waqt jaw se click jaisi sound aati hai,Dentist,Variation of: Jabde mein clicking ki awaaz aati hai
mooh mai chala hai,Dentist,Original
mooh mein ulcer ho gaya hai,Dentist,Variation of: mooh mai chala hai
muh mai chala hai,Dentist,Spelling Variation of: mooh mai chala hai
muh mein ulcer ho gaya hai,Dentist,Spelling Variation of: mooh mein ulcer ho gaya hai
Munh se badboo aati hai hamesha,Dentist,Spelling Variation of: Munh se badbu aati hai hamesha
Munh se badbu aati hai hamesha,Dentist,Original
"Neend mein daant pisne ki aadat hai, subah jabda dukhta hai",Dentist,Original
"Neend mein dant pisne ki aadat hai, subah jabda dukhta hai",Dentist,"Spelling Variation of: Neend mein daant pisne ki aadat hai, subah jabda dukhta hai"
Peeche wala daant nikal raha hai aur bahut dard ho raha hai,Dentist,Original
Peeche wala dant nikal raha hai aur bohot darad ho raha hai,Dentist,Spelling Variation of: Peeche wala daant nikal raha hai aur bahut dard ho raha hai
"Sleep mein teeth grinding hoti hai, morning mein jaw dukhta hai",Dentist,"Variation of: Neend mein daant pisne ki aadat hai, subah jabda dukhta hai"
Teeth ki alignment sahi nahi lagti,Dentist,Variation of: Daant tedhe-medhe lag rahe hain
teeth mai bahut dard hai,Dentist,Original
teeth mai bohot darad hai,Dentist,Spelling Variation of: teeth mai bahut dard hai
Thande ya garam cheez khane se jhun-jhunahat hoti hai daant mein,Dentist,Original
Thande ya garam cheez khane se jhunjhunahat hoti hai dant mein,Dentist,Spelling Variation of: Thande ya garam cheez khane se jhun-jhunahat hoti hai daant mein
Tooth ke roots ke paas swelling hai aur pus collect ho gaya lagta hai,Dentist,Variation of: Daant ke neeche soojan hai aur pus jama ho gaya lagta hai
Cold ya hot cheezein khane par daat mein sensitivity hoti hai,Dentist,Spelling Variation of: Cold ya hot cheezein khane par daant mein sensitivity hoti hai
daat chatak gaya hai,Dentist,Spelling Variation of: daant chatak gaya hai
daat dukh raha hai,Dentist,Spelling Variation of: daant dukh raha hai
daat mein dard ho raha hai,Dentist,Spelling Variation of: daant mein dard ho raha hai
daat mein keeda lag gaya hai,Dentist,Spelling Variation of: daant mein keeda lag gaya hai
daat mein takleef hai,Dentist,Spelling Variation of: daant mein takleef hai
daat mein zor ka dard hai,Dentist,Spelling Variation of: daant mein zor ka dard hai
"Neend mein daat pisne ki aadat hai, subah jabda dukhta hai",Dentist,"Spelling Variation of: Neend mein daant pisne ki aadat hai, subah jabda dukhta hai"
Peeche wala daat nikal raha hai aur bahut dard ho raha hai,Dentist,Spelling Variation of: Peeche wala daant nikal raha hai aur bahut dard ho raha hai
Thande ya garam cheez khane se jhun-jhunahat hoti hai daat mein,Dentist,Spelling Variation of: Thande ya garam cheez khane se jhun-jhunahat hoti hai daant mein
Daant me keeda lag gaya hai aur khana phansne par dard hota hai.,Dentist,Original
Daant ke andar tez/teekha dard hota hai jo bilkul bardasht nahi hota.,Dentist,Original
"Jab bhi kuch chabata hu, achanak se daant me severe dard hota hai.",Dentist,Original
Jabda (jaw) kholne ya chabaane me cheek ke paas dard hota hai.,Dentist,Original
Brush karte waqt masudon (gums) se khoon aata hai aur halki sujan hai.,Dentist,Original
"Masude neeche khisak gaye hain, daant hile hue lagte hain aur badbu aati hai.",Dentist,Original
Dawa khane ke baad se masude ajeeb se fool gaye hain aur daanto ko dhak rahe hain.,Dentist,Original
"Gal ke andar chhotey-chhotey safed chhale (ulcers) ho gaye hain, khana khane me jalan hoti hai.",Dentist,Original
Brush karne ke baad bhi muh se gandi badbu (foul smell) nahi jaati.,Dentist,Original
Muh har waqt ekdum sookha (dry) rehta hai aur thook (saliva) nahi banta.,Dentist,Original
Daant ke niche puss bhar gayi hai aur gaal (cheek) ek taraf se pura fool gaya hai.,Dentist,Original
"Daant ke dard ki wajah se poora chehra lal, garam aur sooja hua hai.",Dentist,Original
Muh kholte waqt jabde se 'kat-kat' (clicking) ki aawaz aati hai.,Dentist,Original
Neend me daant pisne (grinding) ki wajah se subah uthkar jabde me severe dard hota hai.,Dentist,Original
Teekha ya khatta khane par daanto me bohot tez jhun-jhunahat hoti hai.,Dentist,Original
Masuda neeche hone se daant ki jad (root) dikh rahi hai aur thanda paani lagta hai.,Dentist,Original
Meetha ya thanda khane-pine par daant me achanak se tez tez jhun-jhunahat (current) lagta hai.,Dentist,Original
Whitening treatment karwane ke baad se daanto me current jaisa feel ho raha hai.,Dentist,Original
Daant ghisne ki wajah se saari garmi-sardi daanto me direct lagti hai.,Dentist,Original
Daant me keeda lag gaya hai aur thanda-garam paani lagta hai.,Dentist,Original
Bacche ke daanto me kaale keede lag gaye hain aur meetha khane par rote hue dard batata hai.,Dentist,Original
Peeche ki daadh (wisdom tooth) nikal rahi hai aur jabde me bohot tez dard aur sujan hai.,Dentist,Original
Daant gir gaye hain jisse khana chabane me dikkat ho rahi hai aur nakli daant (dentures) lagwane hain.,Dentist,Original
Daanto wale doctor.,Dentist,Original
Daant ke specialist.,Dentist,Original
Bateesi (denture) wale doctor.,Dentist,Original
Poore body par laal daane nikal aaye hain jinme bahut khujli hoti hai.,Dermatologist (Skin),Original
Poore body par laal daane nikal aaye hain jinme bohot khujli hoti hai.,Dermatologist (Skin),Spelling Variation of: Poore body par laal daane nikal aaye hain jinme bahut khujli hoti hai.
Poore body par laal daane nikal aaye hain jinme bahot khujli hoti hai.,Dermatologist (Skin),Spelling Variation of: Poore body par laal daane nikal aaye hain jinme bahut khujli hoti hai.
Poore body par laal daane nikal aaye hain jinme kaafi khujli hoti hai.,Dermatologist (Skin),Variation of: Poore body par laal daane nikal aaye hain jinme bahut khujli hoti hai.
"Face par acne aur pimples bahut badh gaye hain, marks bhi reh jaate hain.",Dermatologist (Skin),Original
"Face par acne aur pimples bohot badh gaye hain, marks bhi reh jaate hain.",Dermatologist (Skin),"Spelling Variation of: Face par acne aur pimples bahut badh gaye hain, marks bhi reh jaate hain."
"Face par acne aur pimples bahot badh gaye hain, marks bhi reh jaate hain.",Dermatologist (Skin),"Spelling Variation of: Face par acne aur pimples bahut badh gaye hain, marks bhi reh jaate hain."
"Face par acne aur pimples kaafi badh gaye hain, marks bhi reh jaate hain.",Dermatologist (Skin),"Variation of: Face par acne aur pimples bahut badh gaye hain, marks bhi reh jaate hain."
Skin bahut dry ho gayi hai aur jagah jagah patches pad gaye hain.,Dermatologist (Skin),Original
Skin bohot dry ho gayi hai aur jagah jagah patches pad gaye hain.,Dermatologist (Skin),Spelling Variation of: Skin bahut dry ho gayi hai aur jagah jagah patches pad gaye hain.
Skin bahot dry ho gayi hai aur jagah jagah patches pad gaye hain.,Dermatologist (Skin),Spelling Variation of: Skin bahut dry ho gayi hai aur jagah jagah patches pad gaye hain.
Skin kaafi dry ho gayi hai aur jagah jagah patches pad gaye hain.,Dermatologist (Skin),Variation of: Skin bahut dry ho gayi hai aur jagah jagah patches pad gaye hain.
"Baal bahut zyada jhad rahe hain, kanghi karte waqt mutthi bhar aa jaate hain.",Dermatologist (Skin),Original
"Baal bohot zyada jhad rahe hain, kanghi karte waqt mutthi bhar aa jaate hain.",Dermatologist (Skin),"Spelling Variation of: Baal bahut zyada jhad rahe hain, kanghi karte waqt mutthi bhar aa jaate hain."
"Baal bahot zyada jhad rahe hain, kanghi karte waqt mutthi bhar aa jaate hain.",Dermatologist (Skin),"Spelling Variation of: Baal bahut zyada jhad rahe hain, kanghi karte waqt mutthi bhar aa jaate hain."
"Baal kaafi zyada jhad rahe hain, kanghi karte waqt mutthi bhar aa jaate hain.",Dermatologist (Skin),"Variation of: Baal bahut zyada jhad rahe hain, kanghi karte waqt mutthi bhar aa jaate hain."
Kisi cream ya soap se skin par turant rash ho jata hai.,Dermatologist (Skin),Original
Naakhoon ka colour yellow ho gaya hai aur mota bhi ho gaya hai.,Dermatologist (Skin),Original
"Ghutno aur cheston par gol gol chakatte ban gaye hain, khujli bhi hoti hai.",Dermatologist (Skin),Original
"Ghutno aur cheston par gol gol chakatte ban gaye hain, khujali bhi hoti hai.",Dermatologist (Skin),"Spelling Variation of: Ghutno aur cheston par gol gol chakatte ban gaye hain, khujli bhi hoti hai."
"Underarms aur groin mein fungal infection jaisa lag raha hai, bahut khujli.",Dermatologist (Skin),Original
"Underarms aur groin mein fungal infection jaisa lag raha hai, bohot khujli.",Dermatologist (Skin),"Spelling Variation of: Underarms aur groin mein fungal infection jaisa lag raha hai, bahut khujli."
"Underarms aur groin mein fungal infection jaisa lag raha hai, bahot khujli.",Dermatologist (Skin),"Spelling Variation of: Underarms aur groin mein fungal infection jaisa lag raha hai, bahut khujli."
"Underarms aur groin mein fungal infection jaisa lag raha hai, kaafi khujli.",Dermatologist (Skin),"Variation of: Underarms aur groin mein fungal infection jaisa lag raha hai, bahut khujli."
Achanak poore chehre par sujan aa gayi allergy se lagta hai.,Dermatologist (Skin),Original
Achanak poore chehre par soojan aa gayi allergy se lagta hai.,Dermatologist (Skin),Spelling Variation of: Achanak poore chehre par sujan aa gayi allergy se lagta hai.
Skin par white patches ban rahe hain jo dheere dheere fail rahe hain.,Dermatologist (Skin),Original
Bohot zyada pasina aata hai aur usse skin mein irritation ho jaati hai.,Dermatologist (Skin),Original
Bohot jyada pasina aata hai aur usse skin mein irritation ho jaati hai.,Dermatologist (Skin),Spelling Variation of: Bohot zyada pasina aata hai aur usse skin mein irritation ho jaati hai.
Bohot jyaada pasina aata hai aur usse skin mein irritation ho jaati hai.,Dermatologist (Skin),Spelling Variation of: Bohot zyada pasina aata hai aur usse skin mein irritation ho jaati hai.
Muhaso ke baad skin par gehre daag reh jaate hain jo jaate nahi.,Dermatologist (Skin),Original
Muhaso ke baad skin par gehre daag reh jaate hain jo jaate nahin.,Dermatologist (Skin),Spelling Variation of: Muhaso ke baad skin par gehre daag reh jaate hain jo jaate nahi.
Muhaso ke baad skin par gehre daag reh jaate hain jo jaate nhi.,Dermatologist (Skin),Spelling Variation of: Muhaso ke baad skin par gehre daag reh jaate hain jo jaate nahi.
skin specialist chahiye,Dermatologist (Skin),Specialist Term
skin specialist chaiye,Dermatologist (Skin),Spelling Variation of: skin specialist chahiye
skin specialist chahye,Dermatologist (Skin),Spelling Variation of: skin specialist chahiye
twacha rog ka doctor,Dermatologist (Skin),Specialist Term
twacha rog ka daktar,Dermatologist (Skin),Spelling Variation of: twacha rog ka doctor
twacha rog ka docter,Dermatologist (Skin),Spelling Variation of: twacha rog ka doctor
dermatologist ko dikhana hai,Dermatologist (Skin),Specialist Term
skin ka daktar,Dermatologist (Skin),Specialist Term
skin par khujli,Dermatologist (Skin),Keyword Phrase
skin par khujali,Dermatologist (Skin),Spelling Variation of: skin par khujli
daane nikal aaye,Dermatologist (Skin),Keyword Phrase
rashes,Dermatologist (Skin),Keyword Phrase
baal jhad rahe hain,Dermatologist (Skin),Keyword Phrase
skin allergy,Dermatologist (Skin),Keyword Phrase
daag dhabbe,Dermatologist (Skin),Keyword Phrase
acne,Dermatologist (Skin),Keyword Phrase
fungal infection,Dermatologist (Skin),Keyword Phrase
Baal aur skin ka daktar,Dermatologist (Skin),Spelling Variation of: Baal aur skin ka doctor
Baal aur skin ka docter,Dermatologist (Skin),Spelling Variation of: Baal aur skin ka doctor
Baal aur skin ka doctor,Dermatologist (Skin),Specialist Term
badan mein khujali ho rahi hai,Dermatologist (Skin),Spelling Variation of: badan mein khujli ho rahi hai
badan mein khujli ho rahi hai,Dermatologist (Skin),Variation of: khaarish ho rahi hai
Bina kisi wajah ke bahut zyada pasina aata hai.,Dermatologist (Skin),Original
Bina kisi wajah ke bohot jyada pasina aata hai.,Dermatologist (Skin),Spelling Variation of: Bina kisi wajah ke bahut zyada pasina aata hai.
"Bohot jyada hair fall ho raha hai, baal patle ho rahe hain.",Dermatologist (Skin),"Spelling Variation of: Bohot zyada hair fall ho raha hai, baal patle ho rahe hain."
"Bohot zyada hair fall ho raha hai, baal patle ho rahe hain.",Dermatologist (Skin),Original
Chehre par bohot jyada pimples/acne ho gaye hain aur daag chhod rahe hain.,Dermatologist (Skin),Spelling Variation of: Chehre par bohot zyada pimples/acne ho gaye hain aur daag chhod rahe hain.
Chehre par bohot zyada pimples/acne ho gaye hain aur daag chhod rahe hain.,Dermatologist (Skin),Original
chehre pe daane nikal aaye hain,Dermatologist (Skin),Original
Dhoop mein jaate hi skin pe chakatte ho jaate hain,Dermatologist (Skin),Original
Dhup mein jaate hi skin pe chakatte ho jaate hain,Dermatologist (Skin),Spelling Variation of: Dhoop mein jaate hi skin pe chakatte ho jaate hain
Ek hi jagah baar baar phunsee ho jaati hai,Dermatologist (Skin),Spelling Variation of: Ek hi jagah baar baar phunsi ho jaati hai
Ek hi jagah baar baar phunsi ho jaati hai,Dermatologist (Skin),Original
"Face par muhaase bahut ho gaye hain, marks bhi reh jaate hain.",Dermatologist (Skin),Variation of: Chehre par bohot zyada pimples/acne ho gaye hain aur daag chhod rahe hain.
"Face par muhaase bohot ho gaye hain, marks bhi reh jaate hain.",Dermatologist (Skin),"Spelling Variation of: Face par muhaase bahut ho gaye hain, marks bhi reh jaate hain."
face pe pimples ho gaye hain,Dermatologist (Skin),Variation of: chehre pe daane nikal aaye hain
"Groin ya armpits mein red, circular patches ban gaye hain jisme itching hoti hai",Dermatologist (Skin),"Variation of: Groin ya underarms mein laal, gol chakatte ho gaye hain jisme khujli hoti hai"
"Groin ya underarms mein laal, gol chakatte ho gaye hain jisme khujli hoti hai",Dermatologist (Skin),Original
"Groin ya underarms mein lal, gol chakatte ho gaye hain jisme khujali hoti hai",Dermatologist (Skin),"Spelling Variation of: Groin ya underarms mein laal, gol chakatte ho gaye hain jisme khujli hoti hai"
hairfall ho raha hai,Dermatologist (Skin),Variation of: baal jhad rahe hain
Kanghi karte waqt bahut baal tootne lagte hain.,Dermatologist (Skin),"Variation of: Bohot zyada hair fall ho raha hai, baal patle ho rahe hain."
Kanghi karte waqt bohot baal tootne lagte hain.,Dermatologist (Skin),Spelling Variation of: Kanghi karte waqt bahut baal tootne lagte hain.
khaarish ho rahi hai,Dermatologist (Skin),Original
Naakhoon peele ya mote ho gaye hain,Dermatologist (Skin),Original
Nails ka color yellow ho gaya hai aur thickness badh gayi hai,Dermatologist (Skin),Variation of: Naakhoon peele ya mote ho gaye hain
Nakhun peele ya mote ho gaye hain,Dermatologist (Skin),Spelling Variation of: Naakhoon peele ya mote ho gaye hain
Normal se kahin jyada pasina aata hai bina garmi ke bhi.,Dermatologist (Skin),Spelling Variation of: Normal se kahin zyada pasina aata hai bina garmi ke bhi.
Normal se kahin zyada pasina aata hai bina garmi ke bhi.,Dermatologist (Skin),Variation of: Bina kisi wajah ke bahut zyada pasina aata hai.
rash ho gaya hai,Dermatologist (Skin),Original
Same spot par recurring pimple ban jaata hai,Dermatologist (Skin),Variation of: Ek hi jagah baar baar phunsi ho jaati hai
"Skin bahut dry aur khujali wali ho gayi hai, chilne lagti hai",Dermatologist (Skin),"Spelling Variation of: Skin bahut dry aur khujli wali ho gayi hai, chhilne lagti hai"
"Skin bahut dry aur khujli wali ho gayi hai, chhilne lagti hai",Dermatologist (Skin),Original
Skin daktar,Dermatologist (Skin),Spelling Variation of: Skin doctor
Skin docter,Dermatologist (Skin),Spelling Variation of: Skin doctor
Skin doctor,Dermatologist (Skin),Specialist Term
"Skin extremely dry aur itchy ho gayi hai, peeling bhi ho rahi hai",Dermatologist (Skin),"Variation of: Skin bahut dry aur khujli wali ho gayi hai, chhilne lagti hai"
Skin ka specialist,Dermatologist (Skin),Spelling Variation of: Skin specialist
skin lal ho gayi hai,Dermatologist (Skin),Original
skin mai khujali ho rahi hai,Dermatologist (Skin),Spelling Variation of: skin mai khujli ho rahi hai
skin mai khujli ho rahi hai,Dermatologist (Skin),Original
skin mein bahut khujli hoti hai,Dermatologist (Skin),Variation of: skin mai khujli ho rahi hai
skin mein bohot khujali hoti hai,Dermatologist (Skin),Spelling Variation of: skin mein bahut khujli hoti hai
Skin par achanak se rashes aur bohot khujali ho rahi hai.,Dermatologist (Skin),Spelling Variation of: Skin par achanak se rashes aur bohot khujli ho rahi hai.
Skin par achanak se rashes aur bohot khujli ho rahi hai.,Dermatologist (Skin),Original
"Skin par laal-laal chakatte pad gaye hain, bahut khujli hoti hai.",Dermatologist (Skin),Variation of: Skin par achanak se rashes aur bohot khujli ho rahi hai.
"Skin par laal-laal chakatte pad gaye hain, bohot khujali hoti hai.",Dermatologist (Skin),"Spelling Variation of: Skin par laal-laal chakatte pad gaye hain, bahut khujli hoti hai."
Skin par tiny grain jaise raised bumps nikal aaye hain,Dermatologist (Skin),Variation of: Skin pe chhote chhote dane jaise ubhaar aa gaye hain
Skin par white layer jaisi build up hoti hai aur itching bhi hoti hai,Dermatologist (Skin),Variation of: Skin pe safed parat jaisi jamm jaati hai aur khujli hoti hai
skin pe chakatte ho gaye hain,Dermatologist (Skin),Variation of: rash ho gaya hai
Skin pe chhote chhote dane jaise ubhaar aa gaye hain,Dermatologist (Skin),Original
Skin pe chote chote dane jaise ubhaar aa gaye hain,Dermatologist (Skin),Spelling Variation of: Skin pe chhote chhote dane jaise ubhaar aa gaye hain
skin pe laalpan aa gaya hai,Dermatologist (Skin),Variation of: skin lal ho gayi hai
skin pe safed daag ho gaye hain,Dermatologist (Skin),Variation of: white patches ho gaye hain skin pe
Skin pe safed daag phailte ja rahe hain,Dermatologist (Skin),Original
Skin pe safed parat jaisi jamm jaati hai aur khujli hoti hai,Dermatologist (Skin),Original
Skin pe saffed daag phailte ja rahe hain,Dermatologist (Skin),Spelling Variation of: Skin pe safed daag phailte ja rahe hain
Skin pe saffed parat jaisi jam jaati hai aur khujali hoti hai,Dermatologist (Skin),Spelling Variation of: Skin pe safed parat jaisi jamm jaati hai aur khujli hoti hai
Skin specialist,Dermatologist (Skin),Specialist Term
Sun exposure hote hi skin par patches nikal aate hain,Dermatologist (Skin),Variation of: Dhoop mein jaate hi skin pe chakatte ho jaate hain
Twacha ka daktar,Dermatologist (Skin),Spelling Variation of: Twacha ka doctor
Twacha ka docter,Dermatologist (Skin),Spelling Variation of: Twacha ka doctor
Twacha ka doctor,Dermatologist (Skin),Specialist Term
white patches ho gaye hain skin pe,Dermatologist (Skin),Original
White patches skin par badhte ja rahe hain,Dermatologist (Skin),Variation of: Skin pe safed daag phailte ja rahe hain
Chehre par bohot daane (acne) ho gaye hain aur skin laal ho gayi hai.,Dermatologist (Skin),Original
Sir ke baal bohot tezi se jhad rahe hain aur patches ban gaye hain.,Dermatologist (Skin),Original
Bacche ko diaper wali jagah par bohot laal rash aur chhilne jaisa zakhm ho gaya hai.,Dermatologist (Skin),Original
"Chehre par jawline ke paas bade, dard wale pimples aur laal daag nikal aaye hain.",Dermatologist (Skin),Original
Dhoop se skin par khurdure daag ho gaye hain aur pet ke paas paani wale daane (shingles) nikal aaye hain.,Dermatologist (Skin),Original
Chamdi rog wale doctor.,Dermatologist (Skin),Original
Skin specialist.,Dermatologist (Skin),Original
Chehre aur baal wale doctor.,Dermatologist (Skin),Original
Gale mein bahut kharash hai aur nigalte waqt dard hota hai.,ENT Specialist,Original
Gale mein bahut kharash hai aur nigalte waqt darad hota hai.,ENT Specialist,Spelling Variation of: Gale mein bahut kharash hai aur nigalte waqt dard hota hai.
Gale mein bohot kharash hai aur nigalte waqt dard hota hai.,ENT Specialist,Spelling Variation of: Gale mein bahut kharash hai aur nigalte waqt dard hota hai.
Gale mein bahut kharash hai aur nigalte waqt takleef hota hai.,ENT Specialist,Variation of: Gale mein bahut kharash hai aur nigalte waqt dard hota hai.
Kaan mein dard ho raha hai aur sunai bhi kam de raha hai.,ENT Specialist,Original
Kaan mein darad ho raha hai aur sunai bhi kam de raha hai.,ENT Specialist,Spelling Variation of: Kaan mein dard ho raha hai aur sunai bhi kam de raha hai.
Kaan me dard ho raha hai aur sunai bhi kam de raha hai.,ENT Specialist,Spelling Variation of: Kaan mein dard ho raha hai aur sunai bhi kam de raha hai.
Kaan mein takleef ho raha hai aur sunai bhi kam de raha hai.,ENT Specialist,Variation of: Kaan mein dard ho raha hai aur sunai bhi kam de raha hai.
"Naak hamesha band rehti hai, saans lene mein dikkat hoti hai.",ENT Specialist,Original
"Naak hamesha band rehti hai, saans lene me dikkat hoti hai.",ENT Specialist,"Spelling Variation of: Naak hamesha band rehti hai, saans lene mein dikkat hoti hai."
"Awaaz baith gayi hai kai dino se, bolne mein museebat ho rahi hai.",ENT Specialist,Original
"Awaaz baith gayi hai kai dino se, bolne me museebat ho rahi hai.",ENT Specialist,"Spelling Variation of: Awaaz baith gayi hai kai dino se, bolne mein museebat ho rahi hai."
"Kaan mein se ajeeb si awaaz aati rehti hai, ghanti jaisi.",ENT Specialist,Original
"Kaan me se ajeeb si awaaz aati rehti hai, ghanti jaisi.",ENT Specialist,"Spelling Variation of: Kaan mein se ajeeb si awaaz aati rehti hai, ghanti jaisi."
"Baar baar sinus ka dard hota hai, matha bhi bhaari rehta hai.",ENT Specialist,Original
"Baar baar sinus ka darad hota hai, matha bhi bhaari rehta hai.",ENT Specialist,"Spelling Variation of: Baar baar sinus ka dard hota hai, matha bhi bhaari rehta hai."
"Baar baar sinus ka takleef hota hai, matha bhi bhaari rehta hai.",ENT Specialist,"Variation of: Baar baar sinus ka dard hota hai, matha bhi bhaari rehta hai."
Gale mein kuch atka hua sa feel hota hai hardam.,ENT Specialist,Original
Gale me kuch atka hua sa feel hota hai hardam.,ENT Specialist,Spelling Variation of: Gale mein kuch atka hua sa feel hota hai hardam.
"Naak se khoon aa gaya tha achanak, koi chot nahi lagi thi.",ENT Specialist,Original
"Naak se khoon aa gaya tha achanak, koi chot nahin lagi thi.",ENT Specialist,"Spelling Variation of: Naak se khoon aa gaya tha achanak, koi chot nahi lagi thi."
"Naak se khoon aa gaya tha achanak, koi chot nhi lagi thi.",ENT Specialist,"Spelling Variation of: Naak se khoon aa gaya tha achanak, koi chot nahi lagi thi."
"Tonsils bahut soojh gaye hain, khana nigalna mushkil ho raha hai.",ENT Specialist,Original
"Tonsils bohot soojh gaye hain, khana nigalna mushkil ho raha hai.",ENT Specialist,"Spelling Variation of: Tonsils bahut soojh gaye hain, khana nigalna mushkil ho raha hai."
"Tonsils bahot soojh gaye hain, khana nigalna mushkil ho raha hai.",ENT Specialist,"Spelling Variation of: Tonsils bahut soojh gaye hain, khana nigalna mushkil ho raha hai."
"Tonsils kaafi soojh gaye hain, khana nigalna mushkil ho raha hai.",ENT Specialist,"Variation of: Tonsils bahut soojh gaye hain, khana nigalna mushkil ho raha hai."
"Kaan mein khujli aur halka dard rehta hai, paani gaya tha shayad.",ENT Specialist,Original
"Kaan mein khujli aur halka darad rehta hai, paani gaya tha shayad.",ENT Specialist,"Spelling Variation of: Kaan mein khujli aur halka dard rehta hai, paani gaya tha shayad."
"Kaan me khujli aur halka dard rehta hai, paani gaya tha shayad.",ENT Specialist,"Spelling Variation of: Kaan mein khujli aur halka dard rehta hai, paani gaya tha shayad."
"Kaan mein khujli aur halka takleef rehta hai, paani gaya tha shayad.",ENT Specialist,"Variation of: Kaan mein khujli aur halka dard rehta hai, paani gaya tha shayad."
ENT doctor chahiye,ENT Specialist,Specialist Term
ENT daktar chahiye,ENT Specialist,Spelling Variation of: ENT doctor chahiye
ENT docter chahiye,ENT Specialist,Spelling Variation of: ENT doctor chahiye
gala kaan naak ka doctor,ENT Specialist,Specialist Term
gala kaan naak ka daktar,ENT Specialist,Spelling Variation of: gala kaan naak ka doctor
gala kaan naak ka docter,ENT Specialist,Spelling Variation of: gala kaan naak ka doctor
throat specialist ko dikhana hai,ENT Specialist,Specialist Term
gale mein kharash,ENT Specialist,Keyword Phrase
gale me kharash,ENT Specialist,Spelling Variation of: gale mein kharash
kaan mein dard,ENT Specialist,Keyword Phrase
kaan mein darad,ENT Specialist,Spelling Variation of: kaan mein dard
kaan me dard,ENT Specialist,Spelling Variation of: kaan mein dard
naak band,ENT Specialist,Keyword Phrase
awaaz baithna,ENT Specialist,Keyword Phrase
sinus,ENT Specialist,Keyword Phrase
gale mein kuch atka,ENT Specialist,Keyword Phrase
gale me kuch atka,ENT Specialist,Spelling Variation of: gale mein kuch atka
"Aankhein khujali karti hain aur paani bhi aata hai, saath mein skin sookhi lagti hai.",ENT Specialist,"Spelling Variation of: Aankhein khujli karti hain aur paani bhi aata hai, saath mein skin sookhi lagti hai."
"Aankhein khujli karti hain aur paani bhi aata hai, saath mein skin sookhi lagti hai.",ENT Specialist,"Variation of: Aankhon mein khujli aur paani aata hai, skin bhi dry lagti hai."
"Aankhon mein khujali aur paani aata hai, skin bhi dry lagti hai.",ENT Specialist,"Spelling Variation of: Aankhon mein khujli aur paani aata hai, skin bhi dry lagti hai."
"Aankhon mein khujli aur paani aata hai, skin bhi dry lagti hai.",ENT Specialist,Original
Baar baar chhink aati hai aur naak mein khujali hoti hai.,ENT Specialist,Spelling Variation of: Baar baar chhink aati hai aur naak mein khujli hoti hai.
Baar baar chhink aati hai aur naak mein khujli hoti hai.,ENT Specialist,Variation of: Chhinkein aati hain aur naak khujli karti hai.
"Chehre mein bhaari-pan aur sar dard hai, khaas kar jhukne par",ENT Specialist,Original
"Chehre mein bhari-pan aur sar darad hai, khaas kar jhukne par",ENT Specialist,"Spelling Variation of: Chehre mein bhaari-pan aur sar dard hai, khaas kar jhukne par"
Chhikein bahut aa rahi hain,ENT Specialist,New Suggestion
Chhikein bohot aa rahi hain,ENT Specialist,Spelling Variation of: Chhikein bahut aa rahi hain
Chhinkein aati hain aur naak khujali karti hai.,ENT Specialist,Spelling Variation of: Chhinkein aati hain aur naak khujli karti hai.
Chhinkein aati hain aur naak khujli karti hai.,ENT Specialist,Original
E.N.T doctor,ENT Specialist,Spelling Variation of: ENT doctor
Ears mein continuous ringing sound sunayi deti hai,ENT Specialist,Variation of: Kaan mein hamesha ghanti bajti rehti hai
Ek nostril se breathe karna hamesha difficult hota hai,ENT Specialist,Variation of: Ek taraf se saans lena mushkil hota hai hamesha
Ek taraf se saans lena mushkil hota hai hamesha,ENT Specialist,Original
Ek taraf se sans lena mushkil hota hai hamesha,ENT Specialist,Spelling Variation of: Ek taraf se saans lena mushkil hota hai hamesha
ENT docter,ENT Specialist,Spelling Variation of: ENT doctor
ENT doctor,ENT Specialist,Specialist Term
"Face mein heaviness aur headache hai, especially bending par",ENT Specialist,"Variation of: Chehre mein bhaari-pan aur sar dard hai, khaas kar jhukne par"
gaala dukh raha hai,ENT Specialist,Spelling Variation of: gala dukh raha hai
Gaala mein kuch atka hua mehsoos hota hai hamesha,ENT Specialist,Spelling Variation of: Gale mein kuch atka hua mehsoos hota hai hamesha
Gaala sookha aur khujali jaisa lagta hai.,ENT Specialist,Spelling Variation of: Gala sookha aur khujli jaisa lagta hai.
gala dukh raha hai,ENT Specialist,Original
Gala sookha aur khujli jaisa lagta hai.,ENT Specialist,Original
gale mein darad hai,ENT Specialist,Spelling Variation of: gale mein dard hai
gale mein dard hai,ENT Specialist,Variation of: gala dukh raha hai
Gale mein kharaash si mehsoos hoti hai.,ENT Specialist,Variation of: Gala sookha aur khujli jaisa lagta hai.
Gale mein kuch atka hua mehsoos hota hai hamesha,ENT Specialist,Original
Gale mein soojan hai aur nigalte waqt bahut dard hota hai,ENT Specialist,Original
Gale mein sujan hai aur nigalte waqt bohot darad hota hai,ENT Specialist,Spelling Variation of: Gale mein soojan hai aur nigalte waqt bahut dard hota hai
K.N.G daktar,ENT Specialist,Spelling Variation of: KNG doctor
Kaan ke bahar laalpan hai aur bahut khujli hoti hai.,ENT Specialist,Original
Kaan ke upar wale hisse mein khujli aur laal-pan hai.,ENT Specialist,Variation of: Kaan ke bahar laalpan hai aur bahut khujli hoti hai.
kaan mai dard hai,ENT Specialist,Original
Kaan mein dard hai aur pus nikal raha hai.,ENT Specialist,Original
kaan mein dard ho raha hai,ENT Specialist,Variation of: kaan mai dard hai
Kaan mein hamesha ghanti bajti rehti hai,ENT Specialist,Original
Kaan naak gala ka daktar,ENT Specialist,Spelling Variation of: Kaan-naak-gala ka doctor
kaan se discharge ho raha hai,ENT Specialist,Variation of: kaan se pani aa raha hai
kaan se pani aa raha hai,ENT Specialist,Original
"Kaan se pilaapan ya pus jaisa discharge aa raha hai, dard bhi hai.",ENT Specialist,Variation of: Kaan mein dard hai aur pus nikal raha hai.
Kaan-naak-gala ka doctor,ENT Specialist,Specialist Term
Kan ke bahar laalpan hai aur bohot khujali hoti hai.,ENT Specialist,Spelling Variation of: Kaan ke bahar laalpan hai aur bahut khujli hoti hai.
Kan ke upar wale hisse mein khujali aur laal-pan hai.,ENT Specialist,Spelling Variation of: Kaan ke upar wale hisse mein khujli aur laal-pan hai.
kan mai darad hai,ENT Specialist,Spelling Variation of: kaan mai dard hai
Kan mein darad hai aur pus nikal raha hai.,ENT Specialist,Spelling Variation of: Kaan mein dard hai aur pus nikal raha hai.
kan mein darad ho raha hai,ENT Specialist,Spelling Variation of: kaan mein dard ho raha hai
Kan mein hamesha ghanti bajti rehti hai,ENT Specialist,Spelling Variation of: Kaan mein hamesha ghanti bajti rehti hai
kan se discharge ho raha hai,ENT Specialist,Spelling Variation of: kaan se discharge ho raha hai
kan se pani aa raha hai,ENT Specialist,Spelling Variation of: kaan se pani aa raha hai
"Kan se pilaapan ya pus jaisa discharge aa raha hai, darad bhi hai.",ENT Specialist,"Spelling Variation of: Kaan se pilaapan ya pus jaisa discharge aa raha hai, dard bhi hai."
Kan-naak-gaala ka docter,ENT Specialist,Spelling Variation of: Kaan-naak-gala ka doctor
khaansi bohot aa rahi hai,ENT Specialist,Spelling Variation of: khansi bahut aa rahi hai
"Khaansi kaafi din se ho rahi hai, jaati nahi",ENT Specialist,"Spelling Variation of: Khansi kaafi din se ho rahi hai, jaati nahi"
khaansi rukti nahi hai,ENT Specialist,Spelling Variation of: khansi rukti nahi hai
khansi bahut aa rahi hai,ENT Specialist,Original
"Khansi kaafi din se ho rahi hai, jaati nahi",ENT Specialist,New Suggestion
khansi rukti nahi hai,ENT Specialist,Variation of: khansi bahut aa rahi hai
KNG docter,ENT Specialist,Spelling Variation of: KNG doctor
KNG doctor,ENT Specialist,Specialist Term
naak band ho gayi hai,ENT Specialist,Variation of: nose block hai
Naak kaan gala specialist,ENT Specialist,Spelling Variation of: Naak-kaan-gala specialist
Naak se khoon aata hai kabhi kabhi,ENT Specialist,Original
Naak se khun aata hai kabhi kabhi,ENT Specialist,Spelling Variation of: Naak se khoon aata hai kabhi kabhi
Naak se paani beh raha hai,ENT Specialist,New Suggestion
Naak-kaan-gala specialist,ENT Specialist,Specialist Term
Naak-kan-gaala specialist,ENT Specialist,Spelling Variation of: Naak-kaan-gala specialist
Neend mein loud snoring hoti hai,ENT Specialist,Variation of: Sote waqt bahut zor se kharate aate hain
nose block hai,ENT Specialist,Original
Occasionally nosebleed ho jata hai,ENT Specialist,Variation of: Naak se khoon aata hai kabhi kabhi
Sote waqt bahut zor se kharate aate hain,ENT Specialist,Original
Sote waqt bohot zor se kharate aate hain,ENT Specialist,Spelling Variation of: Sote waqt bahut zor se kharate aate hain
sunayi kam de raha hai,ENT Specialist,Original
sunne mein dikkat hoti hai,ENT Specialist,Variation of: sunayi kam de raha hai
Throat mein hamesha kuch stuck jaisa lagta hai,ENT Specialist,Variation of: Gale mein kuch atka hua mehsoos hota hai hamesha
Throat mein swelling hai aur swallowing ke time bahut pain hota hai,ENT Specialist,Variation of: Gale mein soojan hai aur nigalte waqt bahut dard hota hai
Gaala khich-khich karta hai aur nigalte waqt takleef hoti hai.,ENT Specialist,Spelling Variation of: Gala khich-khich karta hai aur nigalte waqt takleef hoti hai.
Gala khich-khich karta hai aur nigalte waqt takleef hoti hai.,ENT Specialist,Variation of: Gale me kharash hai aur kuch bhi swallow karne me dard hota hai.
Gale me kharash hai aur kuch bhi swallow karne me darad hota hai.,ENT Specialist,Spelling Variation of: Gale me kharash hai aur kuch bhi swallow karne me dard hota hai.
Gale me kharash hai aur kuch bhi swallow karne me dard hota hai.,ENT Specialist,Original
Kaan me constant dard hai ya sunai kam de raha hai.,ENT Specialist,Original
Kaan me dard bana rehta hai aur sunne me thodi dikkat hoti hai.,ENT Specialist,Variation of: Kaan me constant dard hai ya sunai kam de raha hai.
Kan me constant darad hai ya sunai kam de raha hai.,ENT Specialist,Spelling Variation of: Kaan me constant dard hai ya sunai kam de raha hai.
Kan me darad bana rehta hai aur sunne me thodi dikkat hoti hai.,ENT Specialist,Spelling Variation of: Kaan me dard bana rehta hai aur sunne me thodi dikkat hoti hai.
Morning me uthte hi naak band ho jaati hai aur chheenkein lagi rehti hain.,ENT Specialist,Variation of: Subah uthte hi lagatar chinke aati hain aur naak band rehti hai.
Subah uthte hi lagatar chinke aati hain aur naak band rehti hai.,ENT Specialist,Original
Kaan me tez dard hai aur naak lagatar band rehti hai.,ENT Specialist,Original
Gale me kharash hai aur kuch bhi nigalne (swallow) me bohot dard hota hai.,ENT Specialist,Original
Baccha naak ki jagah muh khol kar saans leta hai aur sote waqt zor se kharrate (snoring) leta hai.,ENT Specialist,Original
"Lagaatar chheenk aati hai, naak behti hai aur gale ki aawaz bilkul baith gayi hai.",ENT Specialist,Original
Dadaji ko shor me theek se sunayi nahi deta aur kaan me hamesha seeti bajne jaisi aawaz aati hai.,ENT Specialist,Original
Kaan-naak-gale wale doctor.,ENT Specialist,Original
ENT wale.,ENT Specialist,Original
Naak-kaan ke specialist.,ENT Specialist,Original
"Accident ho gaya hai, bahut khoon beh raha hai turant madad chahiye.",Emergency Medicine Specialist,Original
"Accident ho gaya hai, bohot khoon beh raha hai turant madad chahiye.",Emergency Medicine Specialist,"Spelling Variation of: Accident ho gaya hai, bahut khoon beh raha hai turant madad chahiye."
"Accident ho gaya hai, bahot khoon beh raha hai turant madad chahiye.",Emergency Medicine Specialist,"Spelling Variation of: Accident ho gaya hai, bahut khoon beh raha hai turant madad chahiye."
"Accident ho gaya hai, kaafi khoon beh raha hai turant madad chahiye.",Emergency Medicine Specialist,"Variation of: Accident ho gaya hai, bahut khoon beh raha hai turant madad chahiye."
"Ghar mein koi achanak behosh ho gaya hai, saans bhi theek se nahi le pa raha.",Emergency Medicine Specialist,Original
"Ghar mein koi achanak behosh ho gaya hai, saans bhi theek se nahin le pa raha.",Emergency Medicine Specialist,"Spelling Variation of: Ghar mein koi achanak behosh ho gaya hai, saans bhi theek se nahi le pa raha."
"Ghar mein koi achanak behosh ho gaya hai, saans bhi theek se nhi le pa raha.",Emergency Medicine Specialist,"Spelling Variation of: Ghar mein koi achanak behosh ho gaya hai, saans bhi theek se nahi le pa raha."
"Bachhe ne galti se kuch dawai kha li hai, turant dikhana hai.",Emergency Medicine Specialist,Original
"Bachhe ne galti se kuch dawai kha li hai, turant consult karna hai.",Emergency Medicine Specialist,"Variation of: Bachhe ne galti se kuch dawai kha li hai, turant dikhana hai."
"Seene mein achanak bahut tez dard hua hai abhi, ambulance chahiye.",Emergency Medicine Specialist,Original
"Seene mein achanak bahut tez darad hua hai abhi, ambulance chahiye.",Emergency Medicine Specialist,"Spelling Variation of: Seene mein achanak bahut tez dard hua hai abhi, ambulance chahiye."
"Seene mein achanak bohot tez dard hua hai abhi, ambulance chahiye.",Emergency Medicine Specialist,"Spelling Variation of: Seene mein achanak bahut tez dard hua hai abhi, ambulance chahiye."
"Seene mein achanak bahut tez takleef hua hai abhi, ambulance chahiye.",Emergency Medicine Specialist,"Variation of: Seene mein achanak bahut tez dard hua hai abhi, ambulance chahiye."
"Seedhi se girne ke baad hil nahi pa raha, turant hospital jaana hai.",Emergency Medicine Specialist,Original
"Seedhi se girne ke baad hil nahin pa raha, turant hospital jaana hai.",Emergency Medicine Specialist,"Spelling Variation of: Seedhi se girne ke baad hil nahi pa raha, turant hospital jaana hai."
"Seedhi se girne ke baad hil nhi pa raha, turant hospital jaana hai.",Emergency Medicine Specialist,"Spelling Variation of: Seedhi se girne ke baad hil nahi pa raha, turant hospital jaana hai."
Jalne ki wajah se skin poori tarah se badly burn ho gayi hai.,Emergency Medicine Specialist,Original
"Saans achanak ruk si gayi thi, neela pad gaya tha chehra.",Emergency Medicine Specialist,Original
"Snake ne kaat liya hai, turant hospital pahunchna hai.",Emergency Medicine Specialist,Original
High fever ke saath bachhe ko seizure aa gaya achanak.,Emergency Medicine Specialist,Original
"Kisi ne galti se poison pi liya hai, turant hospital chahiye.",Emergency Medicine Specialist,Original
"Kisi ne galti se poison pi liya hai, turant hospital chaiye.",Emergency Medicine Specialist,"Spelling Variation of: Kisi ne galti se poison pi liya hai, turant hospital chahiye."
"Kisi ne galti se poison pi liya hai, turant hospital chahye.",Emergency Medicine Specialist,"Spelling Variation of: Kisi ne galti se poison pi liya hai, turant hospital chahiye."
"Kisi ne galti se poison pi liya hai, turant hospital zaroorat hai.",Emergency Medicine Specialist,"Variation of: Kisi ne galti se poison pi liya hai, turant hospital chahiye."
"Gaadi ka accident hua hai, kai log ghayal hain, turant madad chahiye.",Emergency Medicine Specialist,Original
"Gaadi ka accident hua hai, kai log ghayal hain, turant madad chaiye.",Emergency Medicine Specialist,"Spelling Variation of: Gaadi ka accident hua hai, kai log ghayal hain, turant madad chahiye."
"Gaadi ka accident hua hai, kai log ghayal hain, turant madad chahye.",Emergency Medicine Specialist,"Spelling Variation of: Gaadi ka accident hua hai, kai log ghayal hain, turant madad chahiye."
"Gaadi ka accident hua hai, kai log ghayal hain, turant madad zaroorat hai.",Emergency Medicine Specialist,"Variation of: Gaadi ka accident hua hai, kai log ghayal hain, turant madad chahiye."
"Chhat se gir gaya bachha, sar se khoon beh raha hai turant.",Emergency Medicine Specialist,Original
"Chhat se gir gaya bachha, sar se khoon beh rha hai turant.",Emergency Medicine Specialist,"Spelling Variation of: Chhat se gir gaya bachha, sar se khoon beh raha hai turant."
"Chhat se gir gaya bachha, head se khoon beh raha hai turant.",Emergency Medicine Specialist,"Variation of: Chhat se gir gaya bachha, sar se khoon beh raha hai turant."
Achanak chest jakad gaya aur saans bilkul nahi le pa rahe the.,Emergency Medicine Specialist,Original
Achanak chest jakad gaya aur saans bilkul nahin le pa rahe the.,Emergency Medicine Specialist,Spelling Variation of: Achanak chest jakad gaya aur saans bilkul nahi le pa rahe the.
Achanak chest jakad gaya aur saans bilkul nhi le pa rahe the.,Emergency Medicine Specialist,Spelling Variation of: Achanak chest jakad gaya aur saans bilkul nahi le pa rahe the.
"Bahut zyada allergic reaction ho gaya khane se, gala sujj raha hai turant.",Emergency Medicine Specialist,Original
"bohot zyada allergic reaction ho gaya khane se, gala sujj raha hai turant.",Emergency Medicine Specialist,"Spelling Variation of: Bahut zyada allergic reaction ho gaya khane se, gala sujj raha hai turant."
"bahot zyada allergic reaction ho gaya khane se, gala sujj raha hai turant.",Emergency Medicine Specialist,"Spelling Variation of: Bahut zyada allergic reaction ho gaya khane se, gala sujj raha hai turant."
"kaafi zyada allergic reaction ho gaya khane se, gala sujj raha hai turant.",Emergency Medicine Specialist,"Variation of: Bahut zyada allergic reaction ho gaya khane se, gala sujj raha hai turant."
"Deep cut lag gaya hai kitchen mein, khoon rukk nahi raha, turant dikhana hai.",Emergency Medicine Specialist,Original
"Deep cut lag gaya hai kitchen mein, khoon rukk nahin raha, turant dikhana hai.",Emergency Medicine Specialist,"Spelling Variation of: Deep cut lag gaya hai kitchen mein, khoon rukk nahi raha, turant dikhana hai."
"Deep cut lag gaya hai kitchen mein, khoon rukk nhi raha, turant dikhana hai.",Emergency Medicine Specialist,"Spelling Variation of: Deep cut lag gaya hai kitchen mein, khoon rukk nahi raha, turant dikhana hai."
"Deep cut lag gaya hai kitchen mein, khoon rukk nahi raha, turant consult karna hai.",Emergency Medicine Specialist,"Variation of: Deep cut lag gaya hai kitchen mein, khoon rukk nahi raha, turant dikhana hai."
"Bijli ka jhatka laga hai kisi ko, behosh pade hain abhi.",Emergency Medicine Specialist,Original
Kisi ki heat stroke se tabiyat achanak bigad gayi hai bahar dhoop mein.,Emergency Medicine Specialist,Original
Kisi ki heat stroke se tabiyat achanak bigad gayi hai bahar dhoop me.,Emergency Medicine Specialist,Spelling Variation of: Kisi ki heat stroke se tabiyat achanak bigad gayi hai bahar dhoop mein.
emergency mein turant dikhana hai,Emergency Medicine Specialist,Specialist Term
emergency me turant dikhana hai,Emergency Medicine Specialist,Spelling Variation of: emergency mein turant dikhana hai
casualty le jaana hai,Emergency Medicine Specialist,Specialist Term
turant doctor chahiye abhi,Emergency Medicine Specialist,Specialist Term
turant daktar chahiye abhi,Emergency Medicine Specialist,Spelling Variation of: turant doctor chahiye abhi
turant docter chahiye abhi,Emergency Medicine Specialist,Spelling Variation of: turant doctor chahiye abhi
ambulance bulani hai turant,Emergency Medicine Specialist,Specialist Term
24x7 emergency ward jaana hai,Emergency Medicine Specialist,Specialist Term
accident ho gaya,Emergency Medicine Specialist,Keyword Phrase
bahut khoon beh raha hai,Emergency Medicine Specialist,Keyword Phrase
bohot khoon beh raha hai,Emergency Medicine Specialist,Spelling Variation of: bahut khoon beh raha hai
bahot khoon beh raha hai,Emergency Medicine Specialist,Spelling Variation of: bahut khoon beh raha hai
behosh ho gaye,Emergency Medicine Specialist,Keyword Phrase
emergency hai,Emergency Medicine Specialist,Keyword Phrase
zeher kha liya,Emergency Medicine Specialist,Keyword Phrase
"Achanak se inka accident ho gaya hai aur bohot khoon beh raha hai, turant dekhiye.",Emergency Medicine Specialist,Original
"Inhe achanak se chest pain aur pasina aa raha hai, ER me le jana padega.",Emergency Medicine Specialist,Original
"Inka bike se accident ho gaya hai aur sir se bohot khoon nikal raha hai, turant ER chalo.",Emergency Medicine Specialist,Original
"Inka bike se accident ho gya hai aur sar se bohot blood nikal raha hai, turant ER chalo.",Emergency Medicine Specialist,"Spelling Variation of: Inka bike se accident ho gaya hai aur sir se bohot khoon nikal raha hai, turant ER chalo."
"Raste me car accident hua hai aur patient behosh hai, jaldi emergency me dekhiye.",Emergency Medicine Specialist,"Variation of: Inka bike se accident ho gaya hai aur sir se bohot khoon nikal raha hai, turant ER chalo."
Bacche ko tez bukhar ke sath jhatke (seizures) aa rahe hain aur kutton jaisi khansi (croup) hai.,Emergency Medicine Specialist,Original
"Bike se girne ke baad pair me deep cut laga hai, khoon nahi ruk raha aur behoshi chha rahi hai.",Emergency Medicine Specialist,Original
Dadaji kal bathroom me gir gaye the aur uske baad se unko lagatar ulti aur chakkar aa rahe hain.,Emergency Medicine Specialist,Original
Emergency wale doctor.,Emergency Medicine Specialist,Original
Casualty wale doctor.,Emergency Medicine Specialist,Original
Ward wale doctor.,Emergency Medicine Specialist,Original
"Sugar level check karvaya to bahut high aaya, pehle kabhi nahi tha.",Endocrinologist (Hormones/Diabetes),Original
"Sugar level check karvaya to bohot high aaya, pehle kabhi nahi tha.",Endocrinologist (Hormones/Diabetes),"Spelling Variation of: Sugar level check karvaya to bahut high aaya, pehle kabhi nahi tha."
"Sugar level check karvaya to bahot high aaya, pehle kabhi nahi tha.",Endocrinologist (Hormones/Diabetes),"Spelling Variation of: Sugar level check karvaya to bahut high aaya, pehle kabhi nahi tha."
"Sugar level check karvaya to kaafi high aaya, pehle kabhi nahi tha.",Endocrinologist (Hormones/Diabetes),"Variation of: Sugar level check karvaya to bahut high aaya, pehle kabhi nahi tha."
Baar baar pyaas lagti hai aur baar baar washroom bhi jaana padta hai.,Endocrinologist (Hormones/Diabetes),Original
Bina kuch kiye weight bahut badh gaya hai pichle kuch mahino mein.,Endocrinologist (Hormones/Diabetes),Original
Bina kuch kiye weight bohot badh gaya hai pichle kuch mahino mein.,Endocrinologist (Hormones/Diabetes),Spelling Variation of: Bina kuch kiye weight bahut badh gaya hai pichle kuch mahino mein.
Bina kuch kiye weight bahot badh gaya hai pichle kuch mahino mein.,Endocrinologist (Hormones/Diabetes),Spelling Variation of: Bina kuch kiye weight bahut badh gaya hai pichle kuch mahino mein.
Bina kuch kiye weight kaafi badh gaya hai pichle kuch mahino mein.,Endocrinologist (Hormones/Diabetes),Variation of: Bina kuch kiye weight bahut badh gaya hai pichle kuch mahino mein.
"Thyroid ki problem hai shayad, gale mein sujan bhi lagti hai halki.",Endocrinologist (Hormones/Diabetes),Original
"Thyroid ki problem hai shayad, gale me sujan bhi lagti hai halki.",Endocrinologist (Hormones/Diabetes),"Spelling Variation of: Thyroid ki problem hai shayad, gale mein sujan bhi lagti hai halki."
"Thyroid ki problem hai shayad, gale mein soojan bhi lagti hai halki.",Endocrinologist (Hormones/Diabetes),"Spelling Variation of: Thyroid ki problem hai shayad, gale mein sujan bhi lagti hai halki."
"Bahut thakaan rehti hai aur mood bhi low rehta hai, periods bhi irregular hain.",Endocrinologist (Hormones/Diabetes),Original
"bohot thakaan rehti hai aur mood bhi low rehta hai, periods bhi irregular hain.",Endocrinologist (Hormones/Diabetes),"Spelling Variation of: Bahut thakaan rehti hai aur mood bhi low rehta hai, periods bhi irregular hain."
"bahot thakaan rehti hai aur mood bhi low rehta hai, periods bhi irregular hain.",Endocrinologist (Hormones/Diabetes),"Spelling Variation of: Bahut thakaan rehti hai aur mood bhi low rehta hai, periods bhi irregular hain."
"kaafi thakaan rehti hai aur mood bhi low rehta hai, periods bhi irregular hain.",Endocrinologist (Hormones/Diabetes),"Variation of: Bahut thakaan rehti hai aur mood bhi low rehta hai, periods bhi irregular hain."
"Haath pair mein jhanjhanahat rehti hai, doctor ne sugar check karne bola.",Endocrinologist (Hormones/Diabetes),Original
"Haath pair mein jhanjhanahat rehti hai, daktar ne sugar check karne bola.",Endocrinologist (Hormones/Diabetes),"Spelling Variation of: Haath pair mein jhanjhanahat rehti hai, doctor ne sugar check karne bola."
"Haath pair mein jhanjhanahat rehti hai, docter ne sugar check karne bola.",Endocrinologist (Hormones/Diabetes),"Spelling Variation of: Haath pair mein jhanjhanahat rehti hai, doctor ne sugar check karne bola."
"hand pair mein jhanjhanahat rehti hai, doctor ne sugar check karne bola.",Endocrinologist (Hormones/Diabetes),"Variation of: Haath pair mein jhanjhanahat rehti hai, doctor ne sugar check karne bola."
"Achanak bahut zyada bhookh lagne lagi hai, weight kam ho raha hai phir bhi.",Endocrinologist (Hormones/Diabetes),Original
"Achanak bohot zyada bhookh lagne lagi hai, weight kam ho raha hai phir bhi.",Endocrinologist (Hormones/Diabetes),"Spelling Variation of: Achanak bahut zyada bhookh lagne lagi hai, weight kam ho raha hai phir bhi."
"Achanak bahot zyada bhookh lagne lagi hai, weight kam ho raha hai phir bhi.",Endocrinologist (Hormones/Diabetes),"Spelling Variation of: Achanak bahut zyada bhookh lagne lagi hai, weight kam ho raha hai phir bhi."
"Achanak kaafi zyada bhookh lagne lagi hai, weight kam ho raha hai phir bhi.",Endocrinologist (Hormones/Diabetes),"Variation of: Achanak bahut zyada bhookh lagne lagi hai, weight kam ho raha hai phir bhi."
"Family mein diabetes hai, mujhe bhi apna sugar check karana hai.",Endocrinologist (Hormones/Diabetes),Original
"Family me diabetes hai, mujhe bhi apna sugar check karana hai.",Endocrinologist (Hormones/Diabetes),"Spelling Variation of: Family mein diabetes hai, mujhe bhi apna sugar check karana hai."
"Weight loss ke saath saath dil bhi tez dhadakta hai, garmi bhi zyada lagti hai.",Endocrinologist (Hormones/Diabetes),Original
"Weight loss ke saath saath dil bhi tez dhadakta hai, garmi bhi jyada lagti hai.",Endocrinologist (Hormones/Diabetes),"Spelling Variation of: Weight loss ke saath saath dil bhi tez dhadakta hai, garmi bhi zyada lagti hai."
"Weight loss ke saath saath dil bhi tez dhadakta hai, garmi bhi jyaada lagti hai.",Endocrinologist (Hormones/Diabetes),"Spelling Variation of: Weight loss ke saath saath dil bhi tez dhadakta hai, garmi bhi zyada lagti hai."
hormone specialist chahiye,Endocrinologist (Hormones/Diabetes),Specialist Term
hormone specialist chaiye,Endocrinologist (Hormones/Diabetes),Spelling Variation of: hormone specialist chahiye
hormone specialist chahye,Endocrinologist (Hormones/Diabetes),Spelling Variation of: hormone specialist chahiye
sugar ka doctor dikhana hai,Endocrinologist (Hormones/Diabetes),Specialist Term
sugar ka daktar dikhana hai,Endocrinologist (Hormones/Diabetes),Spelling Variation of: sugar ka doctor dikhana hai
sugar ka docter dikhana hai,Endocrinologist (Hormones/Diabetes),Spelling Variation of: sugar ka doctor dikhana hai
diabetes specialist se milna hai,Endocrinologist (Hormones/Diabetes),Specialist Term
thyroid doctor chahiye,Endocrinologist (Hormones/Diabetes),Specialist Term
thyroid daktar chahiye,Endocrinologist (Hormones/Diabetes),Spelling Variation of: thyroid doctor chahiye
thyroid docter chahiye,Endocrinologist (Hormones/Diabetes),Spelling Variation of: thyroid doctor chahiye
sugar high,Endocrinologist (Hormones/Diabetes),Keyword Phrase
diabetes,Endocrinologist (Hormones/Diabetes),Keyword Phrase
thyroid,Endocrinologist (Hormones/Diabetes),Keyword Phrase
weight badhna ghatna,Endocrinologist (Hormones/Diabetes),Keyword Phrase
hormone imbalance,Endocrinologist (Hormones/Diabetes),Keyword Phrase
baar baar pyaas lagna,Endocrinologist (Hormones/Diabetes),Keyword Phrase
Baar baar pyaas lagti hai,Endocrinologist (Hormones/Diabetes),New Suggestion
"Bahut thakaan lagti hai, mood bhi low rehta hai aur pet saaf nahi hota.",Endocrinologist (Hormones/Diabetes),"Variation of: Hamesha thaka hua aur udaas mehsoos hota hoon, constipation bhi hai."
Bina kisi diet ke achanak se weight bohot badh gaya hai ya ghat gaya hai.,Endocrinologist (Hormones/Diabetes),Original
Bina kuch kiye dil tez chalta hai aur weight kam ho raha hai,Endocrinologist (Hormones/Diabetes),Original
Bina kuchh kiye dil tez chalta hai aur weight kam ho raha hai,Endocrinologist (Hormones/Diabetes),Spelling Variation of: Bina kuch kiye dil tez chalta hai aur weight kam ho raha hai
Bohot jyada pyaas lagti hai aur baar-baar urine aata hai.,Endocrinologist (Hormones/Diabetes),Spelling Variation of: Bohot zyada pyaas lagti hai aur baar-baar urine aata hai.
"Bohot thakan lagti hai, mood bhi low rehta hai aur pait saaf nahi hota.",Endocrinologist (Hormones/Diabetes),"Spelling Variation of: Bahut thakaan lagti hai, mood bhi low rehta hai aur pet saaf nahi hota."
Bohot zyada pyaas lagti hai aur baar-baar urine aata hai.,Endocrinologist (Hormones/Diabetes),Original
Gale me sujan lagti hai aur har waqt thand ya garmi bohot lagti hai.,Endocrinologist (Hormones/Diabetes),Original
Halki chot mein bhi haddi tootne ka dar rehta hai,Endocrinologist (Hormones/Diabetes),Original
Halki chot mein bhi haddi tutne ka dar rehta hai,Endocrinologist (Hormones/Diabetes),Spelling Variation of: Halki chot mein bhi haddi tootne ka dar rehta hai
"Hamesha thaka hua aur udaas mehsoos hota hoon, constipation bhi hai.",Endocrinologist (Hormones/Diabetes),Original
Harmon ka doctor,Endocrinologist (Hormones/Diabetes),Spelling Variation of: Hormone ka doctor
Hormone ka docter,Endocrinologist (Hormones/Diabetes),Spelling Variation of: Hormone ka doctor
Hormone ka doctor,Endocrinologist (Hormones/Diabetes),Specialist Term
Hormone specialist,Endocrinologist (Hormones/Diabetes),Specialist Term
Hormones ka specialist,Endocrinologist (Hormones/Diabetes),Spelling Variation of: Hormone specialist
Khaan-paan wahi hai phir bhi weight achanak se ghat-badh gaya hai.,Endocrinologist (Hormones/Diabetes),Variation of: Bina kisi diet ke achanak se weight bohot badh gaya hai ya ghat gaya hai.
Minor injury mein bhi bone fracture hone ka risk rehta hai,Endocrinologist (Hormones/Diabetes),Variation of: Halki chot mein bhi haddi tootne ka dar rehta hai
Neck me swelling si lagti hai aur temperature tolerate nahi hota.,Endocrinologist (Hormones/Diabetes),Variation of: Gale me sujan lagti hai aur har waqt thand ya garmi bohot lagti hai.
Periods iregular hain aur chehre pe baal ugne lage hain,Endocrinologist (Hormones/Diabetes),Spelling Variation of: Periods irregular hain aur chehre pe baal ugne lage hain
Periods irregular hain aur chehre pe baal ugne lage hain,Endocrinologist (Hormones/Diabetes),Original
Periods ka cycle set nahi hai aur face pe hair growth ho rahi hai,Endocrinologist (Hormones/Diabetes),Variation of: Periods irregular hain aur chehre pe baal ugne lage hain
Pyaas bujhti hi nahi aur baar-baar washroom jaana padta hai.,Endocrinologist (Hormones/Diabetes),Variation of: Bohot zyada pyaas lagti hai aur baar-baar urine aata hai.
Sugar badh gaya hai,Endocrinologist (Hormones/Diabetes),New Suggestion
Sugar ka daktar,Endocrinologist (Hormones/Diabetes),Spelling Variation of: Sugar ka doctor
Sugar ka docter,Endocrinologist (Hormones/Diabetes),Spelling Variation of: Sugar ka doctor
Sugar ka doctor,Endocrinologist (Hormones/Diabetes),Specialist Term
Thyroid ka daktar,Endocrinologist (Hormones/Diabetes),Spelling Variation of: Thyroid ka doctor
Thyroid ka docter,Endocrinologist (Hormones/Diabetes),Spelling Variation of: Thyroid ka doctor
Thyroid ka doctor,Endocrinologist (Hormones/Diabetes),Specialist Term
Weight kam nahi ho raha aur periods bhi irregular ho gaye hain.,Endocrinologist (Hormones/Diabetes),Original
Weight loss nahi ho pa raha aur periods ka cycle bigad gaya hai.,Endocrinologist (Hormones/Diabetes),Variation of: Weight kam nahi ho raha aur periods bhi irregular ho gaye hain.
Without doing anything heartbeat fast rehti hai aur weight loss ho raha hai,Endocrinologist (Hormones/Diabetes),Variation of: Bina kuch kiye dil tez chalta hai aur weight kam ho raha hai
Bina diet ke wazan badh raha hai aur gale me sujan lag rahi hai (Thyroid).,Endocrinologist (Hormones/Diabetes),Original
Pyaas bohot lagti hai aur baar-baar urine aane ki dikkat hai (Sugar).,Endocrinologist (Hormones/Diabetes),Original
Sugar ka level hamesha high rehta hai aur wazan achanak kam ho gaya hai.,Endocrinologist (Hormones/Diabetes),Original
Sugar ka level hamesha high rahta hai aur weight achanak kam ho gaya hai.,Endocrinologist (Hormones/Diabetes),Spelling Variation of: Sugar ka level hamesha high rehta hai aur wazan achanak kam ho gaya hai.
Bina kisi wajah ke wazan tezi se gir raha hai aur diabetes control me nahi hai.,Endocrinologist (Hormones/Diabetes),Variation of: Sugar ka level hamesha high rehta hai aur wazan achanak kam ho gaya hai.
Baki baccho ke hisaab se iski height nahi badh rahi aur usko baar-baar peshab aata hai.,Endocrinologist (Hormones/Diabetes),Original
"Garmi bilkul bardasht nahi hoti, hath kaanpte hain aur period aage-peeche ho gaye hain (Thyroid).",Endocrinologist (Hormones/Diabetes),Original
Umar ki wajah se haddi bohot kamzor ho gayi hai aur halke se girne par fracture ho jata hai (Osteoporosis).,Endocrinologist (Hormones/Diabetes),Original
Sugar wale doctor.,Endocrinologist (Hormones/Diabetes),Original
Cheeni ki bimari wale doctor.,Endocrinologist (Hormones/Diabetes),Original
Thyroid wale doctor.,Endocrinologist (Hormones/Diabetes),Original
Gallbladder mein stones hain aur doctor ne operation karne ko bola hai.,GI/Surgical Gastroenterologist,Original
Gallbladder mein stones hain aur daktar ne operation karne ko bola hai.,GI/Surgical Gastroenterologist,Spelling Variation of: Gallbladder mein stones hain aur doctor ne operation karne ko bola hai.
Gallbladder mein stones hain aur docter ne operation karne ko bola hai.,GI/Surgical Gastroenterologist,Spelling Variation of: Gallbladder mein stones hain aur doctor ne operation karne ko bola hai.
Pet mein ek gaanth hai jo operation se hi nikalni padegi bola hai.,GI/Surgical Gastroenterologist,Original
Pet me ek gaanth hai jo operation se hi nikalni padegi bola hai.,GI/Surgical Gastroenterologist,Spelling Variation of: Pet mein ek gaanth hai jo operation se hi nikalni padegi bola hai.
Pet mein ek ganth hai jo operation se hi nikalni padegi bola hai.,GI/Surgical Gastroenterologist,Spelling Variation of: Pet mein ek gaanth hai jo operation se hi nikalni padegi bola hai.
stomach mein ek gaanth hai jo operation se hi nikalni padegi bola hai.,GI/Surgical Gastroenterologist,Variation of: Pet mein ek gaanth hai jo operation se hi nikalni padegi bola hai.
"Piles bahut badh gaye hain, ab surgery ke alawa koi option nahi bacha.",GI/Surgical Gastroenterologist,Original
"Piles bohot badh gaye hain, ab surgery ke alawa koi option nahi bacha.",GI/Surgical Gastroenterologist,"Spelling Variation of: Piles bahut badh gaye hain, ab surgery ke alawa koi option nahi bacha."
"Piles bahot badh gaye hain, ab surgery ke alawa koi option nahi bacha.",GI/Surgical Gastroenterologist,"Spelling Variation of: Piles bahut badh gaye hain, ab surgery ke alawa koi option nahi bacha."
"Piles kaafi badh gaye hain, ab surgery ke alawa koi option nahi bacha.",GI/Surgical Gastroenterologist,"Variation of: Piles bahut badh gaye hain, ab surgery ke alawa koi option nahi bacha."
Endoscopy mein kuch nikla hai jiske liye operation ki zaroorat hai.,GI/Surgical Gastroenterologist,Original
Endoscopy me kuch nikla hai jiske liye operation ki zaroorat hai.,GI/Surgical Gastroenterologist,Spelling Variation of: Endoscopy mein kuch nikla hai jiske liye operation ki zaroorat hai.
"Fistula ho gaya hai, doctor ne surgery karne ki salah di hai.",GI/Surgical Gastroenterologist,Original
"Fistula ho gaya hai, daktar ne surgery karne ki salah di hai.",GI/Surgical Gastroenterologist,"Spelling Variation of: Fistula ho gaya hai, doctor ne surgery karne ki salah di hai."
"Fistula ho gaya hai, docter ne surgery karne ki salah di hai.",GI/Surgical Gastroenterologist,"Spelling Variation of: Fistula ho gaya hai, doctor ne surgery karne ki salah di hai."
"Aant mein rukawat hai bola hai doctor ne, operation karna padega.",GI/Surgical Gastroenterologist,Original
"Aant mein rukawat hai bola hai daktar ne, operation karna padega.",GI/Surgical Gastroenterologist,"Spelling Variation of: Aant mein rukawat hai bola hai doctor ne, operation karna padega."
"Aant mein rukawat hai bola hai docter ne, operation karna padega.",GI/Surgical Gastroenterologist,"Spelling Variation of: Aant mein rukawat hai bola hai doctor ne, operation karna padega."
"Rectal bleeding bahut zyada ho rahi hai, surgeon ne dikhne ko bola hai.",GI/Surgical Gastroenterologist,Original
"Rectal bleeding bohot zyada ho rahi hai, surgeon ne dikhne ko bola hai.",GI/Surgical Gastroenterologist,"Spelling Variation of: Rectal bleeding bahut zyada ho rahi hai, surgeon ne dikhne ko bola hai."
"Rectal bleeding bahot zyada ho rahi hai, surgeon ne dikhne ko bola hai.",GI/Surgical Gastroenterologist,"Spelling Variation of: Rectal bleeding bahut zyada ho rahi hai, surgeon ne dikhne ko bola hai."
"Rectal bleeding kaafi zyada ho rahi hai, surgeon ne dikhne ko bola hai.",GI/Surgical Gastroenterologist,"Variation of: Rectal bleeding bahut zyada ho rahi hai, surgeon ne dikhne ko bola hai."
Liver mein cyst hai jise operation se nikalna padega bola hai.,GI/Surgical Gastroenterologist,Original
Liver me cyst hai jise operation se nikalna padega bola hai.,GI/Surgical Gastroenterologist,Spelling Variation of: Liver mein cyst hai jise operation se nikalna padega bola hai.
"Hernia bahar dikhne laga hai khaansne par, operation ki zaroorat bata rahe hain.",GI/Surgical Gastroenterologist,Original
"Pancreas mein problem hai, surgery karke hi theek hoga bola doctor ne.",GI/Surgical Gastroenterologist,Original
"Pancreas mein problem hai, surgery karke hi theek hoga bola daktar ne.",GI/Surgical Gastroenterologist,"Spelling Variation of: Pancreas mein problem hai, surgery karke hi theek hoga bola doctor ne."
"Pancreas mein problem hai, surgery karke hi theek hoga bola docter ne.",GI/Surgical Gastroenterologist,"Spelling Variation of: Pancreas mein problem hai, surgery karke hi theek hoga bola doctor ne."
"Anal fissure bahut dard de raha hai, surgery ke alawa option nahi bacha.",GI/Surgical Gastroenterologist,Original
"Anal fissure bahut darad de raha hai, surgery ke alawa option nahi bacha.",GI/Surgical Gastroenterologist,"Spelling Variation of: Anal fissure bahut dard de raha hai, surgery ke alawa option nahi bacha."
"Anal fissure bohot dard de raha hai, surgery ke alawa option nahi bacha.",GI/Surgical Gastroenterologist,"Spelling Variation of: Anal fissure bahut dard de raha hai, surgery ke alawa option nahi bacha."
"Anal fissure bahut takleef de raha hai, surgery ke alawa option nahi bacha.",GI/Surgical Gastroenterologist,"Variation of: Anal fissure bahut dard de raha hai, surgery ke alawa option nahi bacha."
"Appendix ka operation karwana hai, doctor ne turant bola hai.",GI/Surgical Gastroenterologist,Original
"Appendix ka operation karwana hai, daktar ne turant bola hai.",GI/Surgical Gastroenterologist,"Spelling Variation of: Appendix ka operation karwana hai, doctor ne turant bola hai."
"Appendix ka operation karwana hai, docter ne turant bola hai.",GI/Surgical Gastroenterologist,"Spelling Variation of: Appendix ka operation karwana hai, doctor ne turant bola hai."
GI surgeon se milna hai,GI/Surgical Gastroenterologist,Specialist Term
pet ki surgery wale doctor chahiye,GI/Surgical Gastroenterologist,Specialist Term
pet ki surgery wale daktar chahiye,GI/Surgical Gastroenterologist,Spelling Variation of: pet ki surgery wale doctor chahiye
pet ki surgery wale docter chahiye,GI/Surgical Gastroenterologist,Spelling Variation of: pet ki surgery wale doctor chahiye
gastro surgery specialist chahiye,GI/Surgical Gastroenterologist,Specialist Term
gastro surgery specialist chaiye,GI/Surgical Gastroenterologist,Spelling Variation of: gastro surgery specialist chahiye
gastro surgery specialist chahye,GI/Surgical Gastroenterologist,Spelling Variation of: gastro surgery specialist chahiye
hernia operation specialist chahiye,GI/Surgical Gastroenterologist,Specialist Term
hernia operation specialist chaiye,GI/Surgical Gastroenterologist,Spelling Variation of: hernia operation specialist chahiye
hernia operation specialist chahye,GI/Surgical Gastroenterologist,Spelling Variation of: hernia operation specialist chahiye
pet ki surgery,GI/Surgical Gastroenterologist,Keyword Phrase
gallbladder operation,GI/Surgical Gastroenterologist,Keyword Phrase
hernia operation pet,GI/Surgical Gastroenterologist,Keyword Phrase
GI operation,GI/Surgical Gastroenterologist,Keyword Phrase
fistula,GI/Surgical Gastroenterologist,Keyword Phrase
rectal bleeding operation,GI/Surgical Gastroenterologist,Keyword Phrase
Gallbladder me pathri (stone) hai jiska doorbeen se operation karwana hai.,GI/Surgical Gastroenterologist,Original
Aanto (intestines) me rukaawat aa gayi hai aur doctor ne emergency surgery boli hai.,GI/Surgical Gastroenterologist,Original
Latrine ke raste me bohot tez dard hota hai aur masse (piles) bahar aa gaye hain.,GI/Surgical Gastroenterologist,Original
Toilet ke raste me bohot tez dard hota hai aur masse (piles) bahar aa gaye hain.,GI/Surgical Gastroenterologist,Spelling Variation of: Latrine ke raste me bohot tez dard hota hai aur masse (piles) bahar aa gaye hain.
"Fissure aur piles ki dikkat bohot badh gayi hai, doctor ne laser surgery recommend ki hai.",GI/Surgical Gastroenterologist,Variation of: Latrine ke raste me bohot tez dard hota hai aur masse (piles) bahar aa gaye hain.
Baccha achanak se ghutne pet tak laa kar rone lagta hai aur potty me khoon/mucus aaya hai.,GI/Surgical Gastroenterologist,Original
Khana khate hi seene me tez jalan hoti hai aur acid muh tak wapas aata hai (Hiatal Hernia).,GI/Surgical Gastroenterologist,Original
"Bohot dino se gas ya latrine paas nahi hui hai, pet phool gaya hai aur dard hai (Obstruction).",GI/Surgical Gastroenterologist,Original
Pet ke operation wale doctor.,GI/Surgical Gastroenterologist,Original
Aant (intestine) ki surgery wale doctor.,GI/Surgical Gastroenterologist,Original
Pet mein bahut dard hota hai khane ke turant baad.,Gastroenterologist,Original
Pet mein bahut darad hota hai khane ke turant baad.,Gastroenterologist,Spelling Variation of: Pet mein bahut dard hota hai khane ke turant baad.
Pet mein bohot dard hota hai khane ke turant baad.,Gastroenterologist,Spelling Variation of: Pet mein bahut dard hota hai khane ke turant baad.
Pet mein bahut takleef hota hai khane ke turant baad.,Gastroenterologist,Variation of: Pet mein bahut dard hota hai khane ke turant baad.
Khatte dakaar aate hain aur seene mein jalan hoti hai roz.,Gastroenterologist,Original
Khatte dakaar aate hain aur seene me jalan hoti hai roz.,Gastroenterologist,Spelling Variation of: Khatte dakaar aate hain aur seene mein jalan hoti hai roz.
"Kai din se pet saaf nahi ho raha, bahut takleef hoti hai.",Gastroenterologist,Original
"Kai din se pet saaf nahi ho raha, bohot takleef hoti hai.",Gastroenterologist,"Spelling Variation of: Kai din se pet saaf nahi ho raha, bahut takleef hoti hai."
"Kai din se pet saaf nahi ho raha, bahot takleef hoti hai.",Gastroenterologist,"Spelling Variation of: Kai din se pet saaf nahi ho raha, bahut takleef hoti hai."
"Kai din se stomach saaf nahi ho raha, bahut takleef hoti hai.",Gastroenterologist,"Variation of: Kai din se pet saaf nahi ho raha, bahut takleef hoti hai."
"Loose motions lag gaye hain do din se, pet mein murmurahat bhi hai.",Gastroenterologist,Original
"Loose motions lag gaye hain do din se, pet me murmurahat bhi hai.",Gastroenterologist,"Spelling Variation of: Loose motions lag gaye hain do din se, pet mein murmurahat bhi hai."
"Loose motions lag gaye hain do din se, stomach mein murmurahat bhi hai.",Gastroenterologist,"Variation of: Loose motions lag gaye hain do din se, pet mein murmurahat bhi hai."
"Khana khate hi pet fool jaata hai, gas bahut banti hai.",Gastroenterologist,Original
"Khana khate hi pet fool jaata hai, gas bohot banti hai.",Gastroenterologist,"Spelling Variation of: Khana khate hi pet fool jaata hai, gas bahut banti hai."
"Khana khate hi pet fool jaata hai, gas bahot banti hai.",Gastroenterologist,"Spelling Variation of: Khana khate hi pet fool jaata hai, gas bahut banti hai."
"Khana khate hi stomach fool jaata hai, gas bahut banti hai.",Gastroenterologist,"Variation of: Khana khate hi pet fool jaata hai, gas bahut banti hai."
"Stool mein kabhi kabhi blood dikh raha hai, dar lag raha hai.",Gastroenterologist,Original
"Stool me kabhi kabhi blood dikh raha hai, dar lag raha hai.",Gastroenterologist,"Spelling Variation of: Stool mein kabhi kabhi blood dikh raha hai, dar lag raha hai."
"Stool mein kabhi kabhi blood dikh rha hai, dar lag raha hai.",Gastroenterologist,"Spelling Variation of: Stool mein kabhi kabhi blood dikh raha hai, dar lag raha hai."
"Bina kisi wajah ke pichle mahine se weight kam ho raha hai, bhookh bhi kam hai.",Gastroenterologist,Original
"Bina kisi wajah ke pichle mahine se weight kam ho rha hai, bhookh bhi kam hai.",Gastroenterologist,"Spelling Variation of: Bina kisi wajah ke pichle mahine se weight kam ho raha hai, bhookh bhi kam hai."
Pet ke upar wale hisse mein jalan si rehti hai khaali pet.,Gastroenterologist,Original
Pet ke upar wale hisse me jalan si rehti hai khaali pet.,Gastroenterologist,Spelling Variation of: Pet ke upar wale hisse mein jalan si rehti hai khaali pet.
stomach ke upar wale hisse mein jalan si rehti hai khaali pet.,Gastroenterologist,Variation of: Pet ke upar wale hisse mein jalan si rehti hai khaali pet.
Bahut zyada belching hoti hai aur pet bhara bhara lagta hai hardam.,Gastroenterologist,Original
bohot zyada belching hoti hai aur pet bhara bhara lagta hai hardam.,Gastroenterologist,Spelling Variation of: Bahut zyada belching hoti hai aur pet bhara bhara lagta hai hardam.
bahot zyada belching hoti hai aur pet bhara bhara lagta hai hardam.,Gastroenterologist,Spelling Variation of: Bahut zyada belching hoti hai aur pet bhara bhara lagta hai hardam.
Bahut zyada belching hoti hai aur stomach bhara bhara lagta hai hardam.,Gastroenterologist,Variation of: Bahut zyada belching hoti hai aur pet bhara bhara lagta hai hardam.
Rat ko sote waqt khatta pani gale tak aa jata hai.,Gastroenterologist,Original
pet ka doctor chahiye,Gastroenterologist,Specialist Term
pet ka daktar chahiye,Gastroenterologist,Spelling Variation of: pet ka doctor chahiye
pet ka docter chahiye,Gastroenterologist,Spelling Variation of: pet ka doctor chahiye
gastro doctor ko dikhana hai,Gastroenterologist,Specialist Term
gastro daktar ko dikhana hai,Gastroenterologist,Spelling Variation of: gastro doctor ko dikhana hai
gastro docter ko dikhana hai,Gastroenterologist,Spelling Variation of: gastro doctor ko dikhana hai
stomach specialist se milna hai,Gastroenterologist,Specialist Term
pet mein dard,Gastroenterologist,Keyword Phrase
pet mein darad,Gastroenterologist,Spelling Variation of: pet mein dard
pet me dard,Gastroenterologist,Spelling Variation of: pet mein dard
acidity,Gastroenterologist,Keyword Phrase
gas bharna,Gastroenterologist,Keyword Phrase
loose motion,Gastroenterologist,Keyword Phrase
constipation,Gastroenterologist,Keyword Phrase
khatta dakaar,Gastroenterologist,Keyword Phrase
"Aankhein aur skin peeli lag rahi hai, urine ka rang bhi dark hai",Gastroenterologist,Original
"Aankhein aur skin pili lag rahi hai, urine ka rang bhi dark hai",Gastroenterologist,"Spelling Variation of: Aankhein aur skin peeli lag rahi hai, urine ka rang bhi dark hai"
acidity bahut ho rahi hai,Gastroenterologist,Original
acidity bohot ho rahi hai,Gastroenterologist,Spelling Variation of: acidity bahut ho rahi hai
badhazmi ho rahi hai,Gastroenterologist,Original
Chest mein jalan si mehsoos hoti hai khana khane ke baad.,Gastroenterologist,Variation of: Seene mein jalan hoti hai jise heartburn kehte hain.
Daast aur ulty dono ho rahe hain saath mein bukhaar bhi hai.,Gastroenterologist,Spelling Variation of: Dast aur ulti dono ho rahe hain saath mein bukhar bhi hai.
daast lag gaye hain,Gastroenterologist,Spelling Variation of: dast lag gaye hain
Dast aur ulti dono ho rahe hain saath mein bukhar bhi hai.,Gastroenterologist,Original
dast lag gaye hain,Gastroenterologist,Variation of: loose motion ho raha hai
Digestion ka doctor,Gastroenterologist,Spelling Variation of: Digestive specialist
Digestive specialist,Gastroenterologist,Specialist Term
Eating ke turant baad washroom ki urgency hoti hai,Gastroenterologist,Variation of: Khana khate hi turant washroom jaana padta hai
Empty stomach mein burning hoti hai jo eating ke baad kam ho jaati hai,Gastroenterologist,Variation of: Khaali pet mein jalan hoti hai jo khane se kam hoti hai
"Empty stomach mein pain zyada hota hai, eating ke baad kam ho jaata hai",Gastroenterologist,"Variation of: Khaali pet dard zyada hota hai, khane ke baad kam ho jata hai"
"Eyes aur skin mein yellowish tinge hai, urine ka colour bhi dark hai",Gastroenterologist,"Variation of: Aankhein aur skin peeli lag rahi hai, urine ka rang bhi dark hai"
gas ki problem hai,Gastroenterologist,Original
Kafi dino se constipation hai ya baar-baar loose motions ho rahe hain.,Gastroenterologist,Original
"Khaali pet dard zyada hota hai, khane ke baad kam ho jata hai",Gastroenterologist,Original
Khaali pet mein jalan hoti hai jo khane se kam hoti hai,Gastroenterologist,Original
Khaana khate hi turant khatta dakaar aur jalan hoti hai.,Gastroenterologist,Variation of: Khana khate hi severe acidity aur seene me jalan hoti hai.
"Khali pet darad zyada hota hai, khane ke baad kam ho jata hai",Gastroenterologist,"Spelling Variation of: Khaali pet dard zyada hota hai, khane ke baad kam ho jata hai"
Khali pet mein jalan hoti hai jo khane se kam hoti hai,Gastroenterologist,Spelling Variation of: Khaali pet mein jalan hoti hai jo khane se kam hoti hai
khana hazam nahi ho raha,Gastroenterologist,Variation of: khana nahi paach raha
Khana khate hi severe acidity aur seenay me jalan hoti hai.,Gastroenterologist,Spelling Variation of: Khana khate hi severe acidity aur seene me jalan hoti hai.
Khana khate hi severe acidity aur seene me jalan hoti hai.,Gastroenterologist,Original
Khana khate hi turant washroom jaana padta hai,Gastroenterologist,Original
Khana khate hi turant washroom jana padta hai,Gastroenterologist,Spelling Variation of: Khana khate hi turant washroom jaana padta hai
khana nahi paach raha,Gastroenterologist,Original
"Khana nigalne mein dikkat hoti hai, gale mein kuch atka lagta hai.",Gastroenterologist,Original
"Loose motion aur vomiting ho rahi hai, bukhaar bhi hai.",Gastroenterologist,"Spelling Variation of: Loose motion aur vomiting ho rahi hai, bukhar bhi hai."
"Loose motion aur vomiting ho rahi hai, bukhar bhi hai.",Gastroenterologist,Variation of: Dast aur ulti dono ho rahe hain saath mein bukhar bhi hai.
loose motion ho raha hai,Gastroenterologist,Original
Motion mein blood ya dark colour nazar aata hai,Gastroenterologist,Variation of: Stool mein khoon ya kaala rang dikhta hai
motion nahi ho raha,Gastroenterologist,Original
Pait baar baar kharab hota hai stress lene par,Gastroenterologist,Spelling Variation of: Pet baar baar kharab hota hai stress lene par
pait darad kar raha hai,Gastroenterologist,Spelling Variation of: pet dard kar raha hai
pait dukh raha hai,Gastroenterologist,Spelling Variation of: pet dukh raha hai
Pait dukh raha hai aur poore badan mein darad hai.,Gastroenterologist,Spelling Variation of: Pet dukh raha hai aur poore badan mein dard hai.
Pait ka docter,Gastroenterologist,Spelling Variation of: Pet ka doctor
pait mai darad hai,Gastroenterologist,Spelling Variation of: pet mai dard hai
Pait me har waqt bloating aur bhari-bhari lagta hai.,Gastroenterologist,Spelling Variation of: Pet me har waqt bloating aur bhari-bhari lagta hai.
pait mein bhaari lagta hai khane ke baad,Gastroenterologist,Spelling Variation of: pet mein bhaari lagta hai khane ke baad
pait mein bhaari-pan lag raha hai,Gastroenterologist,Spelling Variation of: pet mein bhaari-pan lag raha hai
Pait mein darad hai aur badan darad bhi ho raha hai.,Gastroenterologist,Spelling Variation of: Pet mein dard hai aur badan dard bhi ho raha hai.
pait mein gas bharta hai,Gastroenterologist,Spelling Variation of: pet mein gas bharta hai
Pait mein ghar-ghar ki awaaz aati hai,Gastroenterologist,Spelling Variation of: Pet mein ghar-ghar ki awaaz aati hai
pait mein takleef ho rahi hai,Gastroenterologist,Spelling Variation of: pet mein takleef ho rahi hai
pait phool gaya hai,Gastroenterologist,Spelling Variation of: pet phool gaya hai
"Pait phoola-phoola rehta hai, gas bharti rehti hai.",Gastroenterologist,"Spelling Variation of: Pet phoola-phoola rehta hai, gas bharti rehti hai."
pait saaf nahi ho raha,Gastroenterologist,Spelling Variation of: pet saaf nahi ho raha
"Pait saaf nahi hota theek se, ya daast baar-baar lag jaate hain.",Gastroenterologist,"Spelling Variation of: Pet saaf nahi hota theek se, ya dast baar-baar lag jaate hain."
Pait-aant ka docter,Gastroenterologist,Spelling Variation of: Pet-aant ka doctor
Pet aant ka doctor,Gastroenterologist,Spelling Variation of: Pet-aant ka doctor
Pet baar baar kharab hota hai stress lene par,Gastroenterologist,Original
pet dard kar raha hai,Gastroenterologist,Variation of: pet mai dard hai
pet dukh raha hai,Gastroenterologist,Original
Pet dukh raha hai aur poore badan mein dard hai.,Gastroenterologist,Variation of: Pet mein dard hai aur badan dard bhi ho raha hai.
Pet ka daktar,Gastroenterologist,Spelling Variation of: Pet ka doctor
Pet ka doctor,Gastroenterologist,Specialist Term
Pet ka specialist,Gastroenterologist,Spelling Variation of: Stomach specialist
pet mai dard hai,Gastroenterologist,Original
Pet me har waqt bloating aur bhari-bhari lagta hai.,Gastroenterologist,Original
pet mein bhaari lagta hai khane ke baad,Gastroenterologist,Variation of: badhazmi ho rahi hai
pet mein bhaari-pan lag raha hai,Gastroenterologist,Variation of: pet phool gaya hai
Pet mein dard hai aur badan dard bhi ho raha hai.,Gastroenterologist,Original
pet mein gas bharta hai,Gastroenterologist,Variation of: gas ki problem hai
Pet mein ghar-ghar ki awaaz aati hai,Gastroenterologist,Original
pet mein takleef ho rahi hai,Gastroenterologist,Variation of: pet dukh raha hai
pet phool gaya hai,Gastroenterologist,Original
"Pet phoola-phoola rehta hai, gas bharti rehti hai.",Gastroenterologist,Variation of: Pet me har waqt bloating aur bhari-bhari lagta hai.
pet saaf nahi ho raha,Gastroenterologist,Variation of: motion nahi ho raha
"Pet saaf nahi hota theek se, ya dast baar-baar lag jaate hain.",Gastroenterologist,Variation of: Kafi dino se constipation hai ya baar-baar loose motions ho rahe hain.
Pet-aant ka doctor,Gastroenterologist,Specialist Term
seenay mein jalan ho rahi hai (acidity),Gastroenterologist,Spelling Variation of: seene mein jalan ho rahi hai (acidity)
Seenay mein jalan hoti hai jise heartburn kehte hain.,Gastroenterologist,Spelling Variation of: Seene mein jalan hoti hai jise heartburn kehte hain.
seene mein jalan ho rahi hai (acidity),Gastroenterologist,Variation of: acidity bahut ho rahi hai
Seene mein jalan hoti hai jise heartburn kehte hain.,Gastroenterologist,Original
stomach bahut zor se dard kar raha hai,Gastroenterologist,Variation of: stomach mai bahut dard ho raha hai
stomach bohot zor se darad kar raha hai,Gastroenterologist,Spelling Variation of: stomach bahut zor se dard kar raha hai
stomach mai bahut dard ho raha hai,Gastroenterologist,Original
stomach mai bohot darad ho raha hai,Gastroenterologist,Spelling Variation of: stomach mai bahut dard ho raha hai
Stomach se gurgling sound sunayi deti hai,Gastroenterologist,Variation of: Pet mein ghar-ghar ki awaaz aati hai
Stomach specialist,Gastroenterologist,Specialist Term
Stool mein khoon ya kaala rang dikhta hai,Gastroenterologist,Original
Stool mein khun ya kala rang dikhta hai,Gastroenterologist,Spelling Variation of: Stool mein khoon ya kaala rang dikhta hai
Stress lene par stomach frequently upset ho jaata hai,Gastroenterologist,Variation of: Pet baar baar kharab hota hai stress lene par
"Swallow karte waqt takleef hoti hai, gale mein rukawat mehsoos hoti hai.",Gastroenterologist,"Variation of: Khana nigalne mein dikkat hoti hai, gale mein kuch atka lagta hai."
pait ka docter chahiye,Gastroenterologist,Spelling Variation of: pet ka doctor chahiye
pait ke liye docter dikhana hai,Gastroenterologist,Spelling Variation of: pet ke liye doctor dikhana hai
Khana khate hi pet me jalan hoti hai aur khatti dakarein aati hain.,Gastroenterologist,Original
Kafi dino se pet saaf nahi ho raha aur bhari-pan (bloating) lagta hai.,Gastroenterologist,Original
Khana nigalte waqt gale aur seene ke beech mein atak jata hai.,Gastroenterologist,Original
Khana nigalte waqt gale aur seene ke bich me atak jata hai.,Gastroenterologist,Spelling Variation of: Khana nigalte waqt gale aur seene ke beech mein atak jata hai.
Khana khate waqt gale aur chest ke beech mein atak jata hai.,Gastroenterologist,Variation of: Khana nigalte waqt gale aur seene ke beech mein atak jata hai.
Toilet (stool) paas karte waqt khoon aata hai aur jalan hoti hai.,Gastroenterologist,Original
Toilet (stool) pas karte waqt blood aata hai aur jalan hoti hai.,Gastroenterologist,Spelling Variation of: Toilet (stool) paas karte waqt khoon aata hai aur jalan hoti hai.
Latrine jate waqt khoon nikalta hai aur bohot jalan hoti hai.,Gastroenterologist,Variation of: Toilet (stool) paas karte waqt khoon aata hai aur jalan hoti hai.
Pichle kuch dino se bhookh bilkul mar gayi hai aur aankhein peeli lag rahi hain.,Gastroenterologist,Original
Pichle kuch dino se bhukh bilkul mar gayi hai aur aankhen peeli lag rahi hain.,Gastroenterologist,Spelling Variation of: Pichle kuch dino se bhookh bilkul mar gayi hai aur aankhein peeli lag rahi hain.
Pichle kuch dino se appetite bilkul mar gayi hai aur aankhein yellow lag rahi hain.,Gastroenterologist,Variation of: Pichle kuch dino se bhookh bilkul mar gayi hai aur aankhein peeli lag rahi hain.
Kuch bhi khate hi turant pressure banta hai aur washroom bhagna padta hai.,Gastroenterologist,Original
Kuch bhi khate hi turant pressure banta hai aur toilet bhagna padta hai.,Gastroenterologist,Variation of: Kuch bhi khate hi turant pressure banta hai aur washroom bhagna padta hai.
Kuch bhi khane ke bad turant pressure banta hai aur washroom bhagna padta hai.,Gastroenterologist,Spelling Variation of: Kuch bhi khate hi turant pressure banta hai aur washroom bhagna padta hai.
Pet mein hamesha gurgur ki awaz aati rehti hai aur pet ajeeb sa rehta hai.,Gastroenterologist,Original
Pet me hamesha gurgur ki aawaz aati rehti hai aur pet ajeeb sa rehta hai.,Gastroenterologist,Spelling Variation of: Pet mein hamesha gurgur ki awaz aati rehti hai aur pet ajeeb sa rehta hai.
Stomach mein hamesha gurgur ki aawaz aati rehti hai aur pet ajeeb sa rehta hai.,Gastroenterologist,Variation of: Pet mein hamesha gurgur ki awaz aati rehti hai aur pet ajeeb sa rehta hai.
Khana khane ke baad turant ulti (vomiting) jaisa mann hone lagta hai.,Gastroenterologist,Original
Khana khane ke bad turant ulti (vomit) jaisa man hone lagta hai.,Gastroenterologist,Spelling Variation of: Khana khane ke baad turant ulti (vomiting) jaisa mann hone lagta hai.
Khana khane ke baad turant nausea jaisa mann hone lagta hai.,Gastroenterologist,Variation of: Khana khane ke baad turant ulti (vomiting) jaisa mann hone lagta hai.
Bacche ko gehu/roti khane se dast lag jate hain aur pet hamesha phoola hua rehta hai (Celiac).,Gastroenterologist,Original
Pet me aithan/marod (cramps) ke sath baar-baar khoon wale dast lag rahe hain (Crohn's).,Gastroenterologist,Original
"Pet ke nichle left hisse me tez dard hai, bukhar hai aur latrine me blood aaya hai.",Gastroenterologist,Original
Pet wale doctor.,Gastroenterologist,Original
Gas aur liver wale doctor.,Gastroenterologist,Original
Pachan (digestion) ke specialist.,Gastroenterologist,Original
"Do din se halka halka bukhar aa raha hai, sath mein badan dard bhi hai.",General Physician,Original
"Do din se halka halka bukhar aa raha hai, sath mein badan darad bhi hai.",General Physician,"Spelling Variation of: Do din se halka halka bukhar aa raha hai, sath mein badan dard bhi hai."
"Do din se halka halka bukhar aa raha hai, sath me badan dard bhi hai.",General Physician,"Spelling Variation of: Do din se halka halka bukhar aa raha hai, sath mein badan dard bhi hai."
"Do din se halka halka bukhar aa raha hai, sath mein badan takleef bhi hai.",General Physician,"Variation of: Do din se halka halka bukhar aa raha hai, sath mein badan dard bhi hai."
"Sardi, khansi aur zukam ho gaya hai, gale mein bhi kharash hai.",General Physician,Original
"Sardi, khansi aur zukam ho gaya hai, gale me bhi kharash hai.",General Physician,"Spelling Variation of: Sardi, khansi aur zukam ho gaya hai, gale mein bhi kharash hai."
"Sardi, khaansi aur zukam ho gaya hai, gale mein bhi kharash hai.",General Physician,"Spelling Variation of: Sardi, khansi aur zukam ho gaya hai, gale mein bhi kharash hai."
"Sardi, cough aur zukam ho gaya hai, gale mein bhi kharash hai.",General Physician,"Variation of: Sardi, khansi aur zukam ho gaya hai, gale mein bhi kharash hai."
Bahut kamzori aur thakaan mehsoos ho rahi hai bina kisi wajah ke.,General Physician,Original
bohot kamzori aur thakaan mehsoos ho rahi hai bina kisi wajah ke.,General Physician,Spelling Variation of: Bahut kamzori aur thakaan mehsoos ho rahi hai bina kisi wajah ke.
bahot kamzori aur thakaan mehsoos ho rahi hai bina kisi wajah ke.,General Physician,Spelling Variation of: Bahut kamzori aur thakaan mehsoos ho rahi hai bina kisi wajah ke.
kaafi kamzori aur thakaan mehsoos ho rahi hai bina kisi wajah ke.,General Physician,Variation of: Bahut kamzori aur thakaan mehsoos ho rahi hai bina kisi wajah ke.
Poora din chakkar aa rahe hain aur kuch khaane ka mann nahi karta.,General Physician,Original
Poora din chakkar aa rahe hain aur kuch khaane ka mann nahin karta.,General Physician,Spelling Variation of: Poora din chakkar aa rahe hain aur kuch khaane ka mann nahi karta.
Poora din chakkar aa rahe hain aur kuch khaane ka mann nhi karta.,General Physician,Spelling Variation of: Poora din chakkar aa rahe hain aur kuch khaane ka mann nahi karta.
Mausam badalte hi mujhe hamesha bukhar aur badan dard ho jata hai.,General Physician,Original
Mausam badalte hi mujhe hamesha bukhar aur badan darad ho jata hai.,General Physician,Spelling Variation of: Mausam badalte hi mujhe hamesha bukhar aur badan dard ho jata hai.
Mausam badalte hi mujhe hamesha bukhaar aur badan dard ho jata hai.,General Physician,Spelling Variation of: Mausam badalte hi mujhe hamesha bukhar aur badan dard ho jata hai.
Mausam badalte hi mujhe hamesha bukhar aur badan takleef ho jata hai.,General Physician,Variation of: Mausam badalte hi mujhe hamesha bukhar aur badan dard ho jata hai.
"General checkup karana hai, kaafi dino se theek nahi feel ho raha.",General Physician,Original
"General checkup karana hai, kaafi dino se theek nahin feel ho raha.",General Physician,"Spelling Variation of: General checkup karana hai, kaafi dino se theek nahi feel ho raha."
"General checkup karana hai, kaafi dino se theek nhi feel ho raha.",General Physician,"Spelling Variation of: General checkup karana hai, kaafi dino se theek nahi feel ho raha."
"Halka fever ke saath thodi si khansi bhi hai, do din se hai.",General Physician,Original
"Halka fever ke saath thodi si khaansi bhi hai, do din se hai.",General Physician,"Spelling Variation of: Halka fever ke saath thodi si khansi bhi hai, do din se hai."
"Halka fever ke saath thodi si cough bhi hai, do din se hai.",General Physician,"Variation of: Halka fever ke saath thodi si khansi bhi hai, do din se hai."
"Bas overall weakness hai, koi specific dard nahi hai kahin.",General Physician,Original
"Bas overall weakness hai, koi specific darad nahi hai kahin.",General Physician,"Spelling Variation of: Bas overall weakness hai, koi specific dard nahi hai kahin."
"Bas overall weakness hai, koi specific dard nahin hai kahin.",General Physician,"Spelling Variation of: Bas overall weakness hai, koi specific dard nahi hai kahin."
"Bas overall weakness hai, koi specific takleef nahi hai kahin.",General Physician,"Variation of: Bas overall weakness hai, koi specific dard nahi hai kahin."
"Ghar mein sabko sardi zukam ho raha hai, mujhe bhi shuru ho gaya.",General Physician,Original
"Ghar me sabko sardi zukam ho raha hai, mujhe bhi shuru ho gaya.",General Physician,"Spelling Variation of: Ghar mein sabko sardi zukam ho raha hai, mujhe bhi shuru ho gaya."
"Ghar mein sabko sardi zukam ho rha hai, mujhe bhi shuru ho gaya.",General Physician,"Spelling Variation of: Ghar mein sabko sardi zukam ho raha hai, mujhe bhi shuru ho gaya."
Thoda sa bukhar hai aur bhookh bhi nahi lag rahi.,General Physician,Original
Thoda sa bukhar hai aur bhookh bhi nahin lag rahi.,General Physician,Spelling Variation of: Thoda sa bukhar hai aur bhookh bhi nahi lag rahi.
Thoda sa bukhar hai aur bhookh bhi nhi lag rahi.,General Physician,Spelling Variation of: Thoda sa bukhar hai aur bhookh bhi nahi lag rahi.
Thoda sa fever hai aur bhookh bhi nahi lag rahi.,General Physician,Variation of: Thoda sa bukhar hai aur bhookh bhi nahi lag rahi.
general physician chahiye,General Physician,Specialist Term
general physician chaiye,General Physician,Spelling Variation of: general physician chahiye
general physician chahye,General Physician,Spelling Variation of: general physician chahiye
family doctor ko dikhana hai,General Physician,Specialist Term
family daktar ko dikhana hai,General Physician,Spelling Variation of: family doctor ko dikhana hai
family docter ko dikhana hai,General Physician,Spelling Variation of: family doctor ko dikhana hai
normal doctor se checkup karana hai,General Physician,Specialist Term
normal daktar se checkup karana hai,General Physician,Spelling Variation of: normal doctor se checkup karana hai
normal docter se checkup karana hai,General Physician,Spelling Variation of: normal doctor se checkup karana hai
MBBS doctor chahiye,General Physician,Specialist Term
MBBS daktar chahiye,General Physician,Spelling Variation of: MBBS doctor chahiye
MBBS docter chahiye,General Physician,Spelling Variation of: MBBS doctor chahiye
bukhar,General Physician,Keyword Phrase
bukhaar,General Physician,Spelling Variation of: bukhar
fever,General Physician,Keyword Phrase
sardi zukam,General Physician,Keyword Phrase
weakness,General Physician,Keyword Phrase
body pain,General Physician,Keyword Phrase
thakaan,General Physician,Keyword Phrase
ulti dast,General Physician,Keyword Phrase
flu jaisa,General Physician,Keyword Phrase
"Bahut din se halka bukhar hai, utar hi nahi raha.",General Physician,Original
"Body me bilkul energy nahi lagti, har waqt thakan rehti hai.",General Physician,Original
"Bohot din se halka bukhaar hai, utar hi nahi raha.",General Physician,"Spelling Variation of: Bahut din se halka bukhar hai, utar hi nahi raha."
Halka fever bana hua hai kayi dinon se.,General Physician,"Variation of: Bahut din se halka bukhar hai, utar hi nahi raha."
Mausam badalte hi cold aur cough ho jata hai.,General Physician,Original
Poore din kamzoori aur sustee mehsoos hoti hai.,General Physician,Spelling Variation of: Poore din kamzori aur sustee mehsoos hoti hai.
Poore din kamzori aur sustee mehsoos hoti hai.,General Physician,"Variation of: Body me bilkul energy nahi lagti, har waqt thakan rehti hai."
Season change hote hi zukam-khaansi shuru ho jaati hai.,General Physician,Spelling Variation of: Season change hote hi zukam-khansi shuru ho jaati hai.
Season change hote hi zukam-khansi shuru ho jaati hai.,General Physician,Variation of: Mausam badalte hi cold aur cough ho jata hai.
"Aise hi rehta hai, kabhi kam kabhi jyada",General Physician,"Spelling Variation of: Aise hi rehta hai, kabhi kam kabhi zyada"
"Aise hi rehta hai, kabhi kam kabhi zyada",General Physician,New Suggestion
Do-teen din se aisa hi hai,General Physician,New Suggestion
Kal se ho raha hai,General Physician,New Suggestion
Aam daaktar,General Physician,Spelling Variation of: Aam doctor
Aam docter,General Physician,Spelling Variation of: Aam doctor
Aam doctor,General Physician,Specialist Term
Badan darad ho raha hai,General Physician,Spelling Variation of: Badan dard ho raha hai
Badan dard ho raha hai,General Physician,New Suggestion
Bahar ka khana khane ke baad ulti aur pet dard shuru ho gaya,General Physician,Original
Bahar ka khana khane ke baad ulty aur pet darad shuru ho gaya,General Physician,Spelling Variation of: Bahar ka khana khane ke baad ulti aur pet dard shuru ho gaya
Bahut pasina aa raha hai,General Physician,New Suggestion
Bahut pasina aa raha hai aur neend zyada aati hai.,General Physician,Original
bahut tez bukhar hai,General Physician,Variation of: tez bukhar aa raha hai
Bhookh nahi lag rahi,General Physician,New Suggestion
Body mein jagah jagah chubhan si mehsoos hoti hai,General Physician,Variation of: Shareer mein sui chubhne jaisa lagta hai
body mein kamzoori mehsoos ho rahi hai,General Physician,Spelling Variation of: body mein kamzori mehsoos ho rahi hai
body mein kamzori mehsoos ho rahi hai,General Physician,Variation of: kamzori lag rahi hai
Body temperature normal se jyada hai aur thand lag rahi hai.,General Physician,Spelling Variation of: Body temperature normal se zyada hai aur thand lag rahi hai.
Body temperature normal se zyada hai aur thand lag rahi hai.,General Physician,Original
Bohot pasina aa raha hai,General Physician,Spelling Variation of: Bahut pasina aa raha hai
Bohot pasina aa raha hai aur nind jyada aati hai.,General Physician,Spelling Variation of: Bahut pasina aa raha hai aur neend zyada aati hai.
bohot tez bukhaar hai,General Physician,Spelling Variation of: bahut tez bukhar hai
Bones mein constant pain rehta hai aur fatigue bhi hamesha mehsoos hoti hai,General Physician,Variation of: Haddiyon mein dard rehta hai aur hamesha thakaan lagti hai
bukhaar aa raha hai,General Physician,Spelling Variation of: bukhar aa raha hai
bukhaar hai,General Physician,Spelling Variation of: bukhar hai
Bukhaar ke saath kaanpna aur thand mehsoos hoti hai.,General Physician,Spelling Variation of: Bukhar ke saath kaanpna aur thand mehsoos hoti hai.
Bukhaar ke saath thand lagke kanpna aur phir tez garmi lagna,General Physician,Spelling Variation of: Bukhar ke saath thand lagke kaanpna aur phir tez garmi lagna
bukhar aa raha hai,General Physician,Variation of: bukhar hai
bukhar hai,General Physician,Original
Bukhar ke saath jodo aur aankhon ke peeche dard hota hai,General Physician,Original
Bukhar ke saath jodon aur aankho ke peeche darad hota hai,General Physician,Spelling Variation of: Bukhar ke saath jodo aur aankhon ke peeche dard hota hai
Bukhar ke saath kaanpna aur thand mehsoos hoti hai.,General Physician,Variation of: Body temperature normal se zyada hai aur thand lag rahi hai.
Bukhar ke saath thand lagke kaanpna aur phir tez garmi lagna,General Physician,Original
Chehra peela lagta hai aur thodi si mehnat mein sans phoolti hai,General Physician,Spelling Variation of: Chehra pila lagta hai aur thodi si mehnat mein saans phoolti hai
Chehra pila lagta hai aur thodi si mehnat mein saans phoolti hai,General Physician,Original
"Ek hafte se zyada fever chal raha hai jo evening mein zyada hota hai, weakness bhi hai",General Physician,"Variation of: Hafte se zyada bukhar hai jo shaam ko badh jata hai, kamzori bhi hai"
Face pale dikhta hai aur halki si activity mein bhi breathlessness hoti hai,General Physician,Variation of: Chehra pila lagta hai aur thodi si mehnat mein saans phoolti hai
Family daktar,General Physician,Spelling Variation of: Family doctor
Family docter,General Physician,Spelling Variation of: Family doctor
Family doctor,General Physician,Specialist Term
Fever ke dauran pehle thand se kaanpna hota hai phir tez garmi chadhti hai,General Physician,Variation of: Bukhar ke saath thand lagke kaanpna aur phir tez garmi lagna
Fever ke saath joint pain aur eyes ke peeche bhi dard hota hai,General Physician,Variation of: Bukhar ke saath jodo aur aankhon ke peeche dard hota hai
General daktar,General Physician,Spelling Variation of: General doctor
General docter,General Physician,Spelling Variation of: General doctor
General doctor,General Physician,Specialist Term
Ghar ke paas waala doctor,General Physician,Spelling Variation of: Ghar ke paas wala doctor
Ghar ke paas wala doctor,General Physician,Specialist Term
Ghar ke pas wala docter,General Physician,Spelling Variation of: Ghar ke paas wala doctor
Haddiyon mein darad rehta hai aur hamesha thakan lagti hai,General Physician,Spelling Variation of: Haddiyon mein dard rehta hai aur hamesha thakaan lagti hai
Haddiyon mein dard rehta hai aur hamesha thakaan lagti hai,General Physician,Original
"Hafte se jyada bukhar hai jo shaam ko badh jata hai, kamzoori bhi hai",General Physician,"Spelling Variation of: Hafte se zyada bukhar hai jo shaam ko badh jata hai, kamzori bhi hai"
"Hafte se zyada bukhar hai jo shaam ko badh jata hai, kamzori bhi hai",General Physician,Original
hamesha thaka thaka lagta hai,General Physician,Variation of: thakaan mahsoos ho rahi hai
kamzoori lag rahi hai,General Physician,Spelling Variation of: kamzori lag rahi hai
kamzori lag rahi hai,General Physician,Original
Khaansi ho rahi hai aur seenay mein jamaav lagta hai.,General Physician,Spelling Variation of: Khansi ho rahi hai aur seene mein jamaav lagta hai.
Khaansi ke saath chest mein congestion mehsoos hoti hai.,General Physician,Spelling Variation of: Khansi ke saath chest mein congestion mehsoos hoti hai.
Khada hone par aankho ke aage andhera cha jata hai,General Physician,Spelling Variation of: Khada hone par aankhon ke aage andhera chha jata hai
Khada hone par aankhon ke aage andhera chha jata hai,General Physician,Original
Khansi ho rahi hai aur seene mein jamaav lagta hai.,General Physician,Original
Khansi ke saath chest mein congestion mehsoos hoti hai.,General Physician,Variation of: Khansi ho rahi hai aur seene mein jamaav lagta hai.
Local daktar,General Physician,Spelling Variation of: Local doctor
Local docter,General Physician,Spelling Variation of: Local doctor
Local doctor,General Physician,Specialist Term
M.B.B.S doctor,General Physician,Spelling Variation of: MBBS doctor
MBBS docter,General Physician,Spelling Variation of: MBBS doctor
MBBS doctor,General Physician,Specialist Term
Mooh mein kadwahat si rehti hai,General Physician,Variation of: Muh ka swaad kadwa lagta hai
Muh ka swaad kadwa lagta hai,General Physician,Original
Muh ka swad kadwa lagta hai,General Physician,Spelling Variation of: Muh ka swaad kadwa lagta hai
"Naak bahti hai ya band rehti hai, gaala bhi kharab hai.",General Physician,"Spelling Variation of: Naak bahti hai ya band rehti hai, gala bhi kharab hai."
"Naak bahti hai ya band rehti hai, gala bhi kharab hai.",General Physician,Original
Neend nahi aati raat mein,General Physician,New Suggestion
Nind nahi aati raat mein,General Physician,Spelling Variation of: Neend nahi aati raat mein
Outside khana khane ke baad vomiting aur stomach pain start ho gaya,General Physician,Variation of: Bahar ka khana khane ke baad ulti aur pet dard shuru ho gaya
Pasina bhi bahut aa raha hai aur neend jaisa lagta hai humesha.,General Physician,Variation of: Bahut pasina aa raha hai aur neend zyada aati hai.
Pasina bhi bohot aa raha hai aur nind jaisa lagta hai humesha.,General Physician,Spelling Variation of: Pasina bhi bahut aa raha hai aur neend jaisa lagta hai humesha.
Raat ko paseena bahut aata hai,General Physician,Original
Raat ko pasina bahut aata hai,General Physician,Spelling Variation of: Raat ko paseena bahut aata hai
Shareer mein sui chubhne jaisa lagta hai,General Physician,Original
Sharir mein suee chubhne jaisa lagta hai,General Physician,Spelling Variation of: Shareer mein sui chubhne jaisa lagta hai
Sote waqt bahut zyada pasina chhoot jata hai,General Physician,Variation of: Raat ko paseena bahut aata hai
tez bukhaar aa raha hai,General Physician,Spelling Variation of: tez bukhar aa raha hai
tez bukhar aa raha hai,General Physician,Original
thakaan mahsoos ho rahi hai,General Physician,Original
thakan mahsoos ho rahi hai,General Physician,Spelling Variation of: thakaan mahsoos ho rahi hai
Ulti jaisa lag raha hai,General Physician,New Suggestion
Ulty jaisa lag raha hai,General Physician,Spelling Variation of: Ulti jaisa lag raha hai
Uthte waqt nazar ke saamne kuch der ke liye kuch nahi dikhta,General Physician,Variation of: Khada hone par aankhon ke aage andhera chha jata hai
weight kam ho raha hai,General Physician,Original
weight loss ho raha hai,General Physician,Variation of: weight kam ho raha hai
"Zukam ho gaya hai, naak se paani beh raha hai.",General Physician,"Variation of: Naak bahti hai ya band rehti hai, gala bhi kharab hai."
Do din se tez bukhar hai aur poore badan me dard hai.,General Physician,Original
Mausam badalte hi sardi-zukham aur thakan lag rahi hai.,General Physician,Original
Bacche ke gaal sooj gaye hain (Mumps) aur poore badan par laal daane nikal aaye hain.,General Physician,Original
"Kai din se bukhar chad-utar raha hai, pet dard hai aur bohot zyada thakan mehsoos ho rahi hai (Typhoid).",General Physician,Original
Bohot saari dawaiya khane ke baad se achanak chakkar aate hain aur muh sookhne lagta hai.,General Physician,Original
Fiver (Fever) wale doctor.,General Physician,Original
General doctor saab.,General Physician,Original
Sardi-khansi wale doctor.,General Physician,Original
Family doctor.,General Physician,Original
"Pet ke niche ek gaanth ban gayi hai jo khaansne par bahar aati hai, hernia lagta hai.",General Surgeon,Original
"Pet ke niche ek ganth ban gayi hai jo khaansne par bahar aati hai, hernia lagta hai.",General Surgeon,"Spelling Variation of: Pet ke niche ek gaanth ban gayi hai jo khaansne par bahar aati hai, hernia lagta hai."
"stomach ke niche ek gaanth ban gayi hai jo khaansne par bahar aati hai, hernia lagta hai.",General Surgeon,"Variation of: Pet ke niche ek gaanth ban gayi hai jo khaansne par bahar aati hai, hernia lagta hai."
"Achanak pet ke right side mein bahut tez dard hua, appendix ho sakta hai.",General Surgeon,Original
"Achanak pet ke right side mein bahut tez darad hua, appendix ho sakta hai.",General Surgeon,"Spelling Variation of: Achanak pet ke right side mein bahut tez dard hua, appendix ho sakta hai."
"Achanak pet ke right side mein bohot tez dard hua, appendix ho sakta hai.",General Surgeon,"Spelling Variation of: Achanak pet ke right side mein bahut tez dard hua, appendix ho sakta hai."
"Achanak pet ke right side mein bahut tez takleef hua, appendix ho sakta hai.",General Surgeon,"Variation of: Achanak pet ke right side mein bahut tez dard hua, appendix ho sakta hai."
"Gallbladder mein stone hai, doctor ne operation ki salah di hai.",General Surgeon,Original
"Gallbladder mein stone hai, daktar ne operation ki salah di hai.",General Surgeon,"Spelling Variation of: Gallbladder mein stone hai, doctor ne operation ki salah di hai."
"Gallbladder mein stone hai, docter ne operation ki salah di hai.",General Surgeon,"Spelling Variation of: Gallbladder mein stone hai, doctor ne operation ki salah di hai."
Skin ke neeche ek gaanth hai jo dheere dheere badh rahi hai.,General Surgeon,Original
Skin ke neeche ek ganth hai jo dheere dheere badh rahi hai.,General Surgeon,Spelling Variation of: Skin ke neeche ek gaanth hai jo dheere dheere badh rahi hai.
"Deep cut lag gaya hai, stitches lagane padenge shayad.",General Surgeon,Original
"Piles ki problem hai kaafi time se, ab operation ki zaroorat bata rahe hain.",General Surgeon,Original
Body mein kahin bhi lump feel ho raha hai jo pehle nahi tha.,General Surgeon,Original
Body mein kahin bhi lump feel ho raha hai jo pehle nahin tha.,General Surgeon,Spelling Variation of: Body mein kahin bhi lump feel ho raha hai jo pehle nahi tha.
Body mein kahin bhi lump feel ho raha hai jo pehle nhi tha.,General Surgeon,Spelling Variation of: Body mein kahin bhi lump feel ho raha hai jo pehle nahi tha.
Operation ke baad follow-up checkup karana hai ghaav dekhne ke liye.,General Surgeon,Original
operation wale doctor se milna hai,General Surgeon,Specialist Term
operation wale daktar se milna hai,General Surgeon,Spelling Variation of: operation wale doctor se milna hai
operation wale docter se milna hai,General Surgeon,Spelling Variation of: operation wale doctor se milna hai
general surgery specialist ko dikhana hai,General Surgeon,Specialist Term
general surgeon ko dikhana hai,General Surgeon,Specialist Term
operation karana hai,General Surgeon,Keyword Phrase
hernia,General Surgeon,Keyword Phrase
gaanth,General Surgeon,Keyword Phrase
ganth,General Surgeon,Spelling Variation of: gaanth
appendix,General Surgeon,Keyword Phrase
chot gehri hai,General Surgeon,Keyword Phrase
"Andkosh mein soojan hai, dard nahi hota",General Surgeon,Original
"Andkosh mein sujan hai, darad nahi hota",General Surgeon,"Spelling Variation of: Andkosh mein soojan hai, dard nahi hota"
Anus ke aas paas se continuously discharge hota rehta hai,General Surgeon,Variation of: Mal dwar ke paas se pus ya pani nikalta rehta hai
Bowel movement ke time bleeding hoti hai aur anus ke paas lump jaisa mehsoos hota hai,General Surgeon,Variation of: Motion ke waqt khoon aata hai aur mal dwar mein gaanth jaisa lagta hai
Bowel movement mein severe pain hota hai aur halka sa bleeding bhi hoti hai,General Surgeon,Variation of: Motion ke waqt bahut dard hota hai aur thoda khoon bhi aata hai
Burn wali jagah par blisters ban gaye hain,General Surgeon,Variation of: Jalne ki jagah pe chhale pad gaye hain
"Chot ki jagah laal ho gayi hai aur garam lagti hai, sujan bhi badh rahi hai",General Surgeon,"Spelling Variation of: Chot ki jagah lal ho gayi hai aur garam lagti hai, sujan bhi badh rahi hai"
"Chot ki jagah lal ho gayi hai aur garam lagti hai, sujan bhi badh rahi hai",General Surgeon,Original
"Ek jagah pe soojan hai jisme pus bhara hua lagta hai, chhoone se dard hota hai",General Surgeon,Original
"Ek jagah pe sujan hai jisme pus bhara hua lagta hai, chhune se darad hota hai",General Surgeon,"Spelling Variation of: Ek jagah pe soojan hai jisme pus bhara hua lagta hai, chhoone se dard hota hai"
"Ek spot par swelling hai jisme pus filled lagta hai, touch karne se pain hota hai",General Surgeon,"Variation of: Ek jagah pe soojan hai jisme pus bhara hua lagta hai, chhoone se dard hota hai"
Gale ke aage ki taraf soojan hai jo nigalte waqt upar-neeche hoti hai,General Surgeon,Original
Gale ke aage ki taraf sujan hai jo nigalte waqt upar-niche hoti hai,General Surgeon,Spelling Variation of: Gale ke aage ki taraf soojan hai jo nigalte waqt upar-neeche hoti hai
Gale ya gardan mein gaanth ban gayi hai,General Surgeon,Original
Gale ya gardan mein ganth ban gayi hai,General Surgeon,Spelling Variation of: Gale ya gardan mein gaanth ban gayi hai
Ghaav bhar nahi raha kaafi din se,General Surgeon,Original
Ghaav bhar nahi raha kafi din se,General Surgeon,Spelling Variation of: Ghaav bhar nahi raha kaafi din se
"Injury site red aur warm ho gayi hai, swelling bhi increase ho rahi hai",General Surgeon,"Variation of: Chot ki jagah lal ho gayi hai aur garam lagti hai, sujan bhi badh rahi hai"
Jalne ki jagah pe chale pad gaye hain,General Surgeon,Spelling Variation of: Jalne ki jagah pe chhale pad gaye hain
Jalne ki jagah pe chhale pad gaye hain,General Surgeon,Original
Khana khane ke baad daayi paslee ke neeche dard hota hai,General Surgeon,Original
Khana khane ke baad daayi pasli ke neeche darad hota hai,General Surgeon,Spelling Variation of: Khana khane ke baad daayi paslee ke neeche dard hota hai
Khansi ke waqt navel ke aas paas ek ubhaar nazar aata hai,General Surgeon,Variation of: Naabhi ke paas ubhaar sa dikhta hai jab khansta hoon
Legs ki veins swollen aur bluish dikhti hain,General Surgeon,Variation of: Pairon ki naso mein soojan aur neeli-neeli nasein dikhti hain
Mal dwar ke paas se pus ya pani nikalta rehta hai,General Surgeon,Original
Mal dwar ke pas se pus ya paani nikalta rehta hai,General Surgeon,Spelling Variation of: Mal dwar ke paas se pus ya pani nikalta rehta hai
Motion ke waqt bahut dard hota hai aur thoda khoon bhi aata hai,General Surgeon,Original
Motion ke waqt bohot darad hota hai aur thoda khun bhi aata hai,General Surgeon,Spelling Variation of: Motion ke waqt bahut dard hota hai aur thoda khoon bhi aata hai
Motion ke waqt khoon aata hai aur mal dwar mein gaanth jaisa lagta hai,General Surgeon,Original
Motion ke waqt khun aata hai aur mal dwar mein ganth jaisa lagta hai,General Surgeon,Spelling Variation of: Motion ke waqt khoon aata hai aur mal dwar mein gaanth jaisa lagta hai
Naabhi ke paas ubhaar sa dikhta hai jab khansta hoon,General Surgeon,Original
Nabhi ke pas ubhaar sa dikhta hai jab khansta hoon,General Surgeon,Spelling Variation of: Naabhi ke paas ubhaar sa dikhta hai jab khansta hoon
Neck ke area mein ek lump mehsoos ho raha hai,General Surgeon,Variation of: Gale ya gardan mein gaanth ban gayi hai
Neck ke front part mein swelling hai jo swallowing ke time move karti hai,General Surgeon,Variation of: Gale ke aage ki taraf soojan hai jo nigalte waqt upar-neeche hoti hai
Oily khana khane ke baad right rib ke neeche pain hota hai,General Surgeon,Variation of: Khana khane ke baad daayi paslee ke neeche dard hota hai
Operation wali jagah se paani ya pus aa raha hai,General Surgeon,Spelling Variation of: Operation wali jagah se pani ya pus aa raha hai
Operation wali jagah se pani ya pus aa raha hai,General Surgeon,Original
"Pet ke daayi taraf niche dard hota hai, chalne se aur badh jata hai",General Surgeon,Original
"Pet ke dayi taraf niche darad hota hai, chalne se aur badh jata hai",General Surgeon,"Spelling Variation of: Pet ke daayi taraf niche dard hota hai, chalne se aur badh jata hai"
Right side lower abdomen mein dard hota hai jo walking se increase hota hai,General Surgeon,"Variation of: Pet ke daayi taraf niche dard hota hai, chalne se aur badh jata hai"
Scrotum mein swelling hai lekin koi pain nahi hota,General Surgeon,"Variation of: Andkosh mein soojan hai, dard nahi hota"
Skin ke andar ek movable round lump hai,General Surgeon,Variation of: Skin ke neeche ek gol gaanth hai jo hilti hai
Skin ke neeche ek gol gaanth hai jo hilti hai,General Surgeon,Original
Skin ke niche ek gol ganth hai jo hilti hai,General Surgeon,Spelling Variation of: Skin ke neeche ek gol gaanth hai jo hilti hai
Surgery ki jagah se discharge ho raha hai,General Surgeon,Variation of: Operation wali jagah se pani ya pus aa raha hai
Zakhm kaafi dinon se theek nahi ho raha,General Surgeon,Variation of: Ghaav bhar nahi raha kaafi din se
"Pet ke nichle hisse me achanak tez dard utha hai, lagta hai appendix hai.",General Surgeon,Original
Hernia ki wajah se pet ke paas ek dardnak sujan aa gayi hai jiska operation hona hai.,General Surgeon,Original
"Pet ke nichle daahine (right) hisse me asahniya dard hai, shayad appendix hai.",General Surgeon,Original
"Pet ke nichle right hisse me asahniya darad hai, shayad appendix hai.",General Surgeon,"Spelling Variation of: Pet ke nichle daahine (right) hisse me asahniya dard hai, shayad appendix hai."
Right side lower pet me achanak bohot tez dard utha hai jo bardasht nahi ho raha.,General Surgeon,"Variation of: Pet ke nichle daahine (right) hisse me asahniya dard hai, shayad appendix hai."
Bacche ki naabhi (belly button) rote waqt sooj kar bahar nikal aati hai (Umbilical hernia).,General Surgeon,Original
Tala-bhuna khane ke baad pet ke right side me upar ki taraf tez dard aur ulti hoti hai (Gallstones).,General Surgeon,Original
Sugar ki wajah se pair ka ghaav theek nahi ho raha aur usme se kaala-pan/badbu aa rahi hai.,General Surgeon,Original
Operation wale doctor.,General Surgeon,Original
Cheera-faadi (surgery) wale doctor.,General Surgeon,Original
Surgeon saab.,General Surgeon,Original
"Mere dada ji ko chalte waqt balance nahi banta, gir jaane ka dar rehta hai.",Geriatrician,Original
"Mere dada ji ko chalte waqt balance nahin banta, gir jaane ka dar rehta hai.",Geriatrician,"Spelling Variation of: Mere dada ji ko chalte waqt balance nahi banta, gir jaane ka dar rehta hai."
"Mere dada ji ko chalte waqt balance nhi banta, gir jaane ka dar rehta hai.",Geriatrician,"Spelling Variation of: Mere dada ji ko chalte waqt balance nahi banta, gir jaane ka dar rehta hai."
"Nani ji ko har cheez bhoolne lagi hai, ye normal budhapa hai ya bimari.",Geriatrician,Original
"Nani ji ko har cheez bhoolne lagi hai, ye normal budhapa hai ya bimaari.",Geriatrician,"Spelling Variation of: Nani ji ko har cheez bhoolne lagi hai, ye normal budhapa hai ya bimari."
"Senior citizen hain, kai dawaiyan chal rahi hain, overall checkup karana hai.",Geriatrician,Original
Buzurg papa ko uthne baithne mein bahut dikkat hoti hai aajkal.,Geriatrician,Original
Buzurg papa ko uthne baithne mein bohot dikkat hoti hai aajkal.,Geriatrician,Spelling Variation of: Buzurg papa ko uthne baithne mein bahut dikkat hoti hai aajkal.
Buzurg papa ko uthne baithne mein bahot dikkat hoti hai aajkal.,Geriatrician,Spelling Variation of: Buzurg papa ko uthne baithne mein bahut dikkat hoti hai aajkal.
Buzurg papa ko uthne baithne mein kaafi dikkat hoti hai aajkal.,Geriatrician,Variation of: Buzurg papa ko uthne baithne mein bahut dikkat hoti hai aajkal.
"Age zyada hai unki, appetite bhi kam ho gayi hai aur weakness rehti hai.",Geriatrician,Original
"Age jyada hai unki, appetite bhi kam ho gayi hai aur weakness rehti hai.",Geriatrician,"Spelling Variation of: Age zyada hai unki, appetite bhi kam ho gayi hai aur weakness rehti hai."
"Age jyaada hai unki, appetite bhi kam ho gayi hai aur weakness rehti hai.",Geriatrician,"Spelling Variation of: Age zyada hai unki, appetite bhi kam ho gayi hai aur weakness rehti hai."
"80 saal ke hain, akele rehte hain, unka regular health checkup karana hai.",Geriatrician,Original
"Buzurg maa ko raat ko confusion hoti hai, din mein theek rehti hain.",Geriatrician,Original
"Buzurg maa ko raat ko confusion hoti hai, din me theek rehti hain.",Geriatrician,"Spelling Variation of: Buzurg maa ko raat ko confusion hoti hai, din mein theek rehti hain."
"Dadi ji gir gayi thi ghar mein, ab chalne mein bahut dar lagta hai unhe.",Geriatrician,Original
"Dadi ji gir gayi thi ghar mein, ab chalne mein bohot dar lagta hai unhe.",Geriatrician,"Spelling Variation of: Dadi ji gir gayi thi ghar mein, ab chalne mein bahut dar lagta hai unhe."
"Dadi ji gir gayi thi ghar mein, ab chalne mein bahot dar lagta hai unhe.",Geriatrician,"Spelling Variation of: Dadi ji gir gayi thi ghar mein, ab chalne mein bahut dar lagta hai unhe."
"Dadi ji gir gayi thi ghar mein, ab chalne mein kaafi dar lagta hai unhe.",Geriatrician,"Variation of: Dadi ji gir gayi thi ghar mein, ab chalne mein bahut dar lagta hai unhe."
"Umar ke saath unhe kai bimariyan ho gayi hain, sabka ek saath dekhna hai.",Geriatrician,Original
75 saal ke papa ko subah subah bahut chakkar aate hain uthte waqt.,Geriatrician,Original
75 saal ke papa ko subah subah bohot chakkar aate hain uthte waqt.,Geriatrician,Spelling Variation of: 75 saal ke papa ko subah subah bahut chakkar aate hain uthte waqt.
75 saal ke papa ko subah subah bahot chakkar aate hain uthte waqt.,Geriatrician,Spelling Variation of: 75 saal ke papa ko subah subah bahut chakkar aate hain uthte waqt.
75 saal ke papa ko subah subah kaafi chakkar aate hain uthte waqt.,Geriatrician,Variation of: 75 saal ke papa ko subah subah bahut chakkar aate hain uthte waqt.
"Buzurg ammi kaafi weak ho gayi hain, khana bhi kam kha rahi hain aajkal.",Geriatrician,Original
Ghar ke buzurgo ke liye regular full body checkup karwana chahte hain.,Geriatrician,Original
"Unki kai dawaiyan chal rahi hain alag alag doctor ki, ek saath review karana hai.",Geriatrician,Original
"Unki kai dawaiyan chal rahi hain alag alag daktar ki, ek saath review karana hai.",Geriatrician,"Spelling Variation of: Unki kai dawaiyan chal rahi hain alag alag doctor ki, ek saath review karana hai."
"Unki kai dawaiyan chal rahi hain alag alag docter ki, ek saath review karana hai.",Geriatrician,"Spelling Variation of: Unki kai dawaiyan chal rahi hain alag alag doctor ki, ek saath review karana hai."
"Papa ko neend bahut kam aati hai raat mein, din mein sote rehte hain.",Geriatrician,Original
"Papa ko neend bohot kam aati hai raat mein, din mein sote rehte hain.",Geriatrician,"Spelling Variation of: Papa ko neend bahut kam aati hai raat mein, din mein sote rehte hain."
"Papa ko neend bahot kam aati hai raat mein, din mein sote rehte hain.",Geriatrician,"Spelling Variation of: Papa ko neend bahut kam aati hai raat mein, din mein sote rehte hain."
"Papa ko neend kaafi kam aati hai raat mein, din mein sote rehte hain.",Geriatrician,"Variation of: Papa ko neend bahut kam aati hai raat mein, din mein sote rehte hain."
"Buzurg dadi ko akele chhodna theek nahi lagta, ghar par hi doctor bula sakte hain kya.",Geriatrician,Original
"Buzurg dadi ko akele chhodna theek nahi lagta, ghar par hi daktar bula sakte hain kya.",Geriatrician,"Spelling Variation of: Buzurg dadi ko akele chhodna theek nahi lagta, ghar par hi doctor bula sakte hain kya."
"Buzurg dadi ko akele chhodna theek nahi lagta, ghar par hi docter bula sakte hain kya.",Geriatrician,"Spelling Variation of: Buzurg dadi ko akele chhodna theek nahi lagta, ghar par hi doctor bula sakte hain kya."
buzurgo ka doctor chahiye,Geriatrician,Specialist Term
buzurgo ka daktar chahiye,Geriatrician,Spelling Variation of: buzurgo ka doctor chahiye
buzurgo ka docter chahiye,Geriatrician,Spelling Variation of: buzurgo ka doctor chahiye
geriatric specialist ko dikhana hai,Geriatrician,Specialist Term
senior citizen specialist se milna hai,Geriatrician,Specialist Term
budhape ki bimariyon ka doctor,Geriatrician,Specialist Term
budhape ki bimariyon ka daktar,Geriatrician,Spelling Variation of: budhape ki bimariyon ka doctor
budhape ki bimariyon ka docter,Geriatrician,Spelling Variation of: budhape ki bimariyon ka doctor
budhape ki kamzori,Geriatrician,Keyword Phrase
budhape ki kamzoori,Geriatrician,Spelling Variation of: budhape ki kamzori
senior citizen ki tabiyat,Geriatrician,Keyword Phrase
budhon ki bimari,Geriatrician,Keyword Phrase
budhon ki bimaari,Geriatrician,Spelling Variation of: budhon ki bimari
buzurg ko chakkar,Geriatrician,Keyword Phrase
Dada ji ki yaadash bohot kamzor ho gayi hai aur unhe akele chalne me dikkat hai.,Geriatrician,Original
Umar ki wajah se dadi ko daily activities me help chahiye aur dawai adjust karni hai.,Geriatrician,Original
Umar badhne ke sath inko sab kuch bhulne ki aadat ho gayi hai aur neend nahi aati.,Geriatrician,Original
Umar badhne ke sath inko sabkuch bhoolne ki aadat ho gayi hai aur neend nahi aati.,Geriatrician,Spelling Variation of: Umar badhne ke sath inko sab kuch bhulne ki aadat ho gayi hai aur neend nahi aati.
Dadaji ki memory bohot weak ho gayi hai aur unhe chalne me ladkhadahat (balance loss) hoti hai.,Geriatrician,Variation of: Umar badhne ke sath inko sab kuch bhulne ki aadat ho gayi hai aur neend nahi aati.
"Dadi ki maanspeshiyan bohot weak ho gayi hain, unse chala nahi jata aur baatein bhoolne lagi hain.",Geriatrician,Original
Buzurgon ke doctor.,Geriatrician,Original
Umar-daraaz logo ke doctor.,Geriatrician,Original
Boodhe logo ke specialist.,Geriatrician,Original
Periods bahut irregular ho gaye hain pichle kai mahino se.,Gynaecologist,Original
Periods bohot irregular ho gaye hain pichle kai mahino se.,Gynaecologist,Spelling Variation of: Periods bahut irregular ho gaye hain pichle kai mahino se.
Periods bahot irregular ho gaye hain pichle kai mahino se.,Gynaecologist,Spelling Variation of: Periods bahut irregular ho gaye hain pichle kai mahino se.
Periods kaafi irregular ho gaye hain pichle kai mahino se.,Gynaecologist,Variation of: Periods bahut irregular ho gaye hain pichle kai mahino se.
"Pregnancy confirm karani hai, periods miss ho gaye hain.",Gynaecologist,Original
Pet ke niche wale hisse mein periods ke doraan bahut dard hota hai.,Gynaecologist,Original
Pet ke niche wale hisse mein periods ke doraan bahut darad hota hai.,Gynaecologist,Spelling Variation of: Pet ke niche wale hisse mein periods ke doraan bahut dard hota hai.
Pet ke niche wale hisse mein periods ke doraan bohot dard hota hai.,Gynaecologist,Spelling Variation of: Pet ke niche wale hisse mein periods ke doraan bahut dard hota hai.
Pet ke niche wale hisse mein periods ke doraan bahut takleef hota hai.,Gynaecologist,Variation of: Pet ke niche wale hisse mein periods ke doraan bahut dard hota hai.
"White discharge zyada ho raha hai, thoda irritation bhi hai.",Gynaecologist,Original
"White discharge jyada ho raha hai, thoda irritation bhi hai.",Gynaecologist,"Spelling Variation of: White discharge zyada ho raha hai, thoda irritation bhi hai."
"White discharge jyaada ho raha hai, thoda irritation bhi hai.",Gynaecologist,"Spelling Variation of: White discharge zyada ho raha hai, thoda irritation bhi hai."
"PCOD ka doubt hai, weight bhi badh raha hai aur periods bhi skip hote hain.",Gynaecologist,Original
"PCOD ka doubt hai, weight bhi badh rha hai aur periods bhi skip hote hain.",Gynaecologist,"Spelling Variation of: PCOD ka doubt hai, weight bhi badh raha hai aur periods bhi skip hote hain."
"Pregnancy ke doraan checkup karana hai regular, 5th month chal raha hai.",Gynaecologist,Original
"Pregnancy ke doraan checkup karana hai regular, 5th month chal rha hai.",Gynaecologist,"Spelling Variation of: Pregnancy ke doraan checkup karana hai regular, 5th month chal raha hai."
"Bahut heavy bleeding hoti hai periods ke time, pehle aisa nahi tha.",Gynaecologist,Original
"bohot heavy bleeding hoti hai periods ke time, pehle aisa nahi tha.",Gynaecologist,"Spelling Variation of: Bahut heavy bleeding hoti hai periods ke time, pehle aisa nahi tha."
"bahot heavy bleeding hoti hai periods ke time, pehle aisa nahi tha.",Gynaecologist,"Spelling Variation of: Bahut heavy bleeding hoti hai periods ke time, pehle aisa nahi tha."
"kaafi heavy bleeding hoti hai periods ke time, pehle aisa nahi tha.",Gynaecologist,"Variation of: Bahut heavy bleeding hoti hai periods ke time, pehle aisa nahi tha."
Menopause ke baad se hot flashes aur mood swings ho rahe hain.,Gynaecologist,Original
"Breast mein ek gaanth si mehsoos hui hai, dar lag raha hai.",Gynaecologist,Original
"Breast me ek gaanth si mehsoos hui hai, dar lag raha hai.",Gynaecologist,"Spelling Variation of: Breast mein ek gaanth si mehsoos hui hai, dar lag raha hai."
"Breast mein ek gaanth si mehsoos hui hai, dar lag rha hai.",Gynaecologist,"Spelling Variation of: Breast mein ek gaanth si mehsoos hui hai, dar lag raha hai."
lady doctor chahiye,Gynaecologist,Specialist Term
lady daktar chahiye,Gynaecologist,Spelling Variation of: lady doctor chahiye
lady docter chahiye,Gynaecologist,Spelling Variation of: lady doctor chahiye
gynaecologist se milna hai,Gynaecologist,Specialist Term
mahila rog vishesagya,Gynaecologist,Specialist Term
obstetrician ko dikhana hai,Gynaecologist,Specialist Term
periods irregular,Gynaecologist,Keyword Phrase
pregnancy checkup,Gynaecologist,Keyword Phrase
pet ke niche dard,Gynaecologist,Keyword Phrase
pet ke niche darad,Gynaecologist,Spelling Variation of: pet ke niche dard
white discharge,Gynaecologist,Keyword Phrase
PCOD,Gynaecologist,Keyword Phrase
menstrual cramps,Gynaecologist,Keyword Phrase
Achanak garmi lagna aur mood mein utaar-chadhaav bahut hota hai,Gynaecologist,Variation of: Hot flashes aur mood swings bahut ho rahe hain
baby ki movement kam feel ho rahi hai,Gynaecologist,Variation of: pet mai baby movement kam hai
Breast mein gaanth jaisa mehsoos hota hai,Gynaecologist,Original
Breast mein ganth jaisa mehsoos hota hai,Gynaecologist,Spelling Variation of: Breast mein gaanth jaisa mehsoos hota hai
Chest ke ek hisse mein lump jaisa feel hota hai,Gynaecologist,Variation of: Breast mein gaanth jaisa mehsoos hota hai
Ek saal se conceive karne ki koshish kar rahe hain lekin success nahi mil raha,Gynaecologist,Variation of: Saal bhar se try kar rahe hain lekin pregnancy nahi ho rahi
Gynae docter,Gynaecologist,Spelling Variation of: Gynae doctor
Gynae doctor,Gynaecologist,Specialist Term
Gynee doctor,Gynaecologist,Spelling Variation of: Gynae doctor
Hot flashes aur mood swings bahut ho rahe hain,Gynaecologist,Original
Hot flashes aur mood swings bohot ho rahe hain,Gynaecologist,Spelling Variation of: Hot flashes aur mood swings bahut ho rahe hain
Intercourse ke baad spoting hoti hai,Gynaecologist,Spelling Variation of: Intercourse ke baad spotting hoti hai
Intercourse ke baad spotting hoti hai,Gynaecologist,Original
Kamar mein dard hota hai jo pairon tak jata hai periods ke waqt.,Gynaecologist,Original
Kamr mein darad hota hai jo pairon tak jata hai periods ke waqt.,Gynaecologist,Spelling Variation of: Kamar mein dard hota hai jo pairon tak jata hai periods ke waqt.
Ladi doctor,Gynaecologist,Spelling Variation of: Lady doctor
Ladies daktar,Gynaecologist,Spelling Variation of: Ladies doctor
Ladies docter,Gynaecologist,Spelling Variation of: Ladies doctor
Ladies doctor,Gynaecologist,Specialist Term
Lady docter,Gynaecologist,Spelling Variation of: Lady doctor
Lady doctor,Gynaecologist,Specialist Term
Lower abdomen mein heaviness rehti hai periods na hone par bhi,Gynaecologist,"Variation of: Pet ke nichle hisse mein bhaari-pan lagta hai, periods ke bina bhi"
Mahila rog visheshagya,Gynaecologist,Specialist Term
Mahila rog visheshagya (Mahila doctor),Gynaecologist,Spelling Variation of: Mahila rog visheshagya
Mahine ke dauran pait mein zor ka darad hota hai.,Gynaecologist,Spelling Variation of: Mahine ke dauran pet mein zor ka dard hota hai.
Mahine ke dauran pet mein zor ka dard hota hai.,Gynaecologist,Variation of: Periods ke time pet ke niche wale hisse mein cramps hote hain.
pait mai baby movement kam hai,Gynaecologist,Spelling Variation of: pet mai baby movement kam hai
Periods band ho gaye hain aur hot flashes hote hain,Gynaecologist,Original
Periods bandh ho gaye hain aur hot flashes hote hain,Gynaecologist,Spelling Variation of: Periods band ho gaye hain aur hot flashes hote hain
Periods completely stop ho gaye hain aur sudden garmi lagne lagti hai,Gynaecologist,Variation of: Periods band ho gaye hain aur hot flashes hote hain
periods irregular hain,Gynaecologist,Original
"Periods ka koi fixed time nahi hai, bahut irregular ho gaye hain.",Gynaecologist,"Variation of: Periods time par nahi aate, bohot irregular ho gaye hain."
"Periods ka koi fixed time nahi hai, bohot irregular ho gaye hain.",Gynaecologist,"Spelling Variation of: Periods ka koi fixed time nahi hai, bahut irregular ho gaye hain."
Periods ke dauran heavy bleeding hoti hai aur abdomen bloated rehta hai,Gynaecologist,Variation of: Periods mein bahut zyada bleeding hoti hai aur pet phoola rehta hai
Periods ke dauran normal se kahin jyada severe cramps aur darad hota hai.,Gynaecologist,Spelling Variation of: Periods ke dauran normal se kahin zyada severe cramps aur dard hota hai.
Periods ke dauran normal se kahin zyada severe cramps aur dard hota hai.,Gynaecologist,Original
Periods ke time pait ke niche wale hisse mein cramps hote hain.,Gynaecologist,Spelling Variation of: Periods ke time pet ke niche wale hisse mein cramps hote hain.
Periods ke time pait me asahniya cramps hote hain.,Gynaecologist,Spelling Variation of: Periods ke time pet me asahniya cramps hote hain.
Periods ke time pet ke niche wale hisse mein cramps hote hain.,Gynaecologist,Original
Periods ke time pet me asahniya cramps hote hain.,Gynaecologist,Variation of: Periods ke dauran normal se kahin zyada severe cramps aur dard hota hai.
Periods mein bahut dard hota hai,Gynaecologist,New Suggestion
Periods mein bahut zyada bleeding hoti hai aur pet phoola rehta hai,Gynaecologist,Original
Periods mein bohot darad hota hai,Gynaecologist,Spelling Variation of: Periods mein bahut dard hota hai
Periods mein bohot zyada bleeding hoti hai aur pet phoola rehta hai,Gynaecologist,Spelling Variation of: Periods mein bahut zyada bleeding hoti hai aur pet phoola rehta hai
Periods mein kamar ka dard pair tak kheenchta hai.,Gynaecologist,Variation of: Kamar mein dard hota hai jo pairon tak jata hai periods ke waqt.
Periods mein kamr ka darad pair tak kheenchta hai.,Gynaecologist,Spelling Variation of: Periods mein kamar ka dard pair tak kheenchta hai.
Periods miss ho gaye hain,Gynaecologist,New Suggestion
"Periods time par nahi aate, bohot irregular ho gaye hain.",Gynaecologist,Original
periods time pe nahi aate,Gynaecologist,Variation of: periods irregular hain
"Pet ke nichle hisse mein bhaari-pan lagta hai, periods ke bina bhi",Gynaecologist,Original
"Pet ke nichle hisse mein bhari-pan lagta hai, periods ke bina bhi",Gynaecologist,"Spelling Variation of: Pet ke nichle hisse mein bhaari-pan lagta hai, periods ke bina bhi"
pet mai baby movement kam hai,Gynaecologist,Original
pregnancy mai problem ho rahi hai,Gynaecologist,Original
pregnancy mein complications ho rahi hain,Gynaecologist,Variation of: pregnancy mai problem ho rahi hai
Saal bhar se try kar rahe hain lekin pregnancy nahi ho rahi,Gynaecologist,Original
Saal bhar se try kar rahe hain lekin pregnency nahi ho rahi,Gynaecologist,Spelling Variation of: Saal bhar se try kar rahe hain lekin pregnancy nahi ho rahi
Sambandh banane ke baad halka khoon aata hai,Gynaecologist,Variation of: Intercourse ke baad spotting hoti hai
White discharge bohot jyada ho raha hai aur sath me itching hai.,Gynaecologist,Spelling Variation of: White discharge bohot zyada ho raha hai aur sath me itching hai.
White discharge bohot zyada ho raha hai aur sath me itching hai.,Gynaecologist,Original
White discharge ho raha hai,Gynaecologist,New Suggestion
White discharge jyada aa raha hai aur khujali bhi ho rahi hai.,Gynaecologist,Spelling Variation of: White discharge zyada aa raha hai aur khujli bhi ho rahi hai.
White discharge zyada aa raha hai aur khujli bhi ho rahi hai.,Gynaecologist,Variation of: White discharge bohot zyada ho raha hai aur sath me itching hai.
Zanana daktar,Gynaecologist,Spelling Variation of: Zanana doctor
Zanana docter,Gynaecologist,Spelling Variation of: Zanana doctor
Zanana doctor,Gynaecologist,Specialist Term
Periods time par nahi aate aur bohot zyada heavy bleeding hoti hai.,Gynaecologist,Original
Pregnancy ke dauran pet me ajeeb sa dard aur cramps mehsoos ho rahe hain.,Gynaecologist,Original
Beti 15 saal ki ho gayi hai par abhi tak uske periods (mahavari) shuru nahi hue.,Gynaecologist,Original
Periods me bohot zyada khoon aur bade thakke (blood clots) aa rahe hain aur pet me bhari-pan hai.,Gynaecologist,Original
Vagina ke raste kuch mass jaisa bahar nikalta hua mehsoos hota hai aur bohot dryness hai (Prolapse).,Gynaecologist,Original
Auraton ki doctor.,Gynaecologist,Original
Ladies specialist.,Gynaecologist,Original
Delivery wali madam.,Gynaecologist,Original
Zanana doctor.,Gynaecologist,Original
"Blood test mein creatinine bahut high aaya hai, kidney specialist se milna hai.",Nephrologist (Kidney),Original
"Blood test mein creatinine bohot high aaya hai, kidney specialist se milna hai.",Nephrologist (Kidney),"Spelling Variation of: Blood test mein creatinine bahut high aaya hai, kidney specialist se milna hai."
"Blood test mein creatinine bahot high aaya hai, kidney specialist se milna hai.",Nephrologist (Kidney),"Spelling Variation of: Blood test mein creatinine bahut high aaya hai, kidney specialist se milna hai."
"Blood test mein creatinine kaafi high aaya hai, kidney specialist se milna hai.",Nephrologist (Kidney),"Variation of: Blood test mein creatinine bahut high aaya hai, kidney specialist se milna hai."
Subah uthte hi aankho ke aas paas aur pairo mein sujan rehti hai.,Nephrologist (Kidney),Original
Subah uthte hi aankho ke aas paas aur pairo me sujan rehti hai.,Nephrologist (Kidney),Spelling Variation of: Subah uthte hi aankho ke aas paas aur pairo mein sujan rehti hai.
Subah uthte hi aankho ke aas paas aur pairo mein soojan rehti hai.,Nephrologist (Kidney),Spelling Variation of: Subah uthte hi aankho ke aas paas aur pairo mein sujan rehti hai.
Subah uthte hi aankho ke aas paas aur legs mein sujan rehti hai.,Nephrologist (Kidney),Variation of: Subah uthte hi aankho ke aas paas aur pairo mein sujan rehti hai.
Peshaab bahut kam ho gaya hai pichle kuch dino se.,Nephrologist (Kidney),Original
Peshaab bohot kam ho gaya hai pichle kuch dino se.,Nephrologist (Kidney),Spelling Variation of: Peshaab bahut kam ho gaya hai pichle kuch dino se.
Peshaab bahot kam ho gaya hai pichle kuch dino se.,Nephrologist (Kidney),Spelling Variation of: Peshaab bahut kam ho gaya hai pichle kuch dino se.
Peshaab kaafi kam ho gaya hai pichle kuch dino se.,Nephrologist (Kidney),Variation of: Peshaab bahut kam ho gaya hai pichle kuch dino se.
"Doctor ne bataya kidney function kam ho gaya hai, dialysis ki baat kar rahe the.",Nephrologist (Kidney),Original
"daktar ne bataya kidney function kam ho gaya hai, dialysis ki baat kar rahe the.",Nephrologist (Kidney),"Spelling Variation of: Doctor ne bataya kidney function kam ho gaya hai, dialysis ki baat kar rahe the."
"docter ne bataya kidney function kam ho gaya hai, dialysis ki baat kar rahe the.",Nephrologist (Kidney),"Spelling Variation of: Doctor ne bataya kidney function kam ho gaya hai, dialysis ki baat kar rahe the."
"Bahut thakaan aur ulti si feel hoti hai, kidney test karwane bole hain.",Nephrologist (Kidney),Original
"bohot thakaan aur ulti si feel hoti hai, kidney test karwane bole hain.",Nephrologist (Kidney),"Spelling Variation of: Bahut thakaan aur ulti si feel hoti hai, kidney test karwane bole hain."
"bahot thakaan aur ulti si feel hoti hai, kidney test karwane bole hain.",Nephrologist (Kidney),"Spelling Variation of: Bahut thakaan aur ulti si feel hoti hai, kidney test karwane bole hain."
"kaafi thakaan aur ulti si feel hoti hai, kidney test karwane bole hain.",Nephrologist (Kidney),"Variation of: Bahut thakaan aur ulti si feel hoti hai, kidney test karwane bole hain."
"Peshaab mein bahut jhaag aata hai kaafi dino se, protein leak ho sakta hai.",Nephrologist (Kidney),Original
"Peshaab mein bohot jhaag aata hai kaafi dino se, protein leak ho sakta hai.",Nephrologist (Kidney),"Spelling Variation of: Peshaab mein bahut jhaag aata hai kaafi dino se, protein leak ho sakta hai."
"Peshaab mein bahot jhaag aata hai kaafi dino se, protein leak ho sakta hai.",Nephrologist (Kidney),"Spelling Variation of: Peshaab mein bahut jhaag aata hai kaafi dino se, protein leak ho sakta hai."
"Peshaab mein kaafi jhaag aata hai kaafi dino se, protein leak ho sakta hai.",Nephrologist (Kidney),"Variation of: Peshaab mein bahut jhaag aata hai kaafi dino se, protein leak ho sakta hai."
"Dono kidney mein stone hai bola hai, ab specialist se milna hai.",Nephrologist (Kidney),Original
"Dono kidney me stone hai bola hai, ab specialist se milna hai.",Nephrologist (Kidney),"Spelling Variation of: Dono kidney mein stone hai bola hai, ab specialist se milna hai."
"BP control nahi ho raha kai dawaiyon ke baad bhi, kidney check karana hai.",Nephrologist (Kidney),Original
"BP control nahin ho raha kai dawaiyon ke baad bhi, kidney check karana hai.",Nephrologist (Kidney),"Spelling Variation of: BP control nahi ho raha kai dawaiyon ke baad bhi, kidney check karana hai."
"BP control nhi ho raha kai dawaiyon ke baad bhi, kidney check karana hai.",Nephrologist (Kidney),"Spelling Variation of: BP control nahi ho raha kai dawaiyon ke baad bhi, kidney check karana hai."
Diabetes ke saath kidney ki reports bhi kharab aane lagi hain.,Nephrologist (Kidney),Original
"Dialysis start karni padegi shayad, doctor ne bataya hai reports dekhkar.",Nephrologist (Kidney),Original
"Dialysis start karni padegi shayad, daktar ne bataya hai reports dekhkar.",Nephrologist (Kidney),"Spelling Variation of: Dialysis start karni padegi shayad, doctor ne bataya hai reports dekhkar."
"Dialysis start karni padegi shayad, docter ne bataya hai reports dekhkar.",Nephrologist (Kidney),"Spelling Variation of: Dialysis start karni padegi shayad, doctor ne bataya hai reports dekhkar."
"Chehre aur pairo mein subah subah zyada sujan rehti hai, sham tak kam ho jaati hai.",Nephrologist (Kidney),Original
"Chehre aur pairo mein subah subah jyada sujan rehti hai, sham tak kam ho jaati hai.",Nephrologist (Kidney),"Spelling Variation of: Chehre aur pairo mein subah subah zyada sujan rehti hai, sham tak kam ho jaati hai."
"Chehre aur pairo mein subah subah jyaada sujan rehti hai, sham tak kam ho jaati hai.",Nephrologist (Kidney),"Spelling Variation of: Chehre aur pairo mein subah subah zyada sujan rehti hai, sham tak kam ho jaati hai."
"Chehre aur legs mein subah subah zyada sujan rehti hai, sham tak kam ho jaati hai.",Nephrologist (Kidney),"Variation of: Chehre aur pairo mein subah subah zyada sujan rehti hai, sham tak kam ho jaati hai."
"Kidney transplant ke baare mein jaankari chahiye, doctor ne suggest kiya hai.",Nephrologist (Kidney),Original
"Kidney transplant ke baare mein jaankari chahiye, daktar ne suggest kiya hai.",Nephrologist (Kidney),"Spelling Variation of: Kidney transplant ke baare mein jaankari chahiye, doctor ne suggest kiya hai."
"Kidney transplant ke baare mein jaankari chahiye, docter ne suggest kiya hai.",Nephrologist (Kidney),"Spelling Variation of: Kidney transplant ke baare mein jaankari chahiye, doctor ne suggest kiya hai."
"Kidney transplant ke baare mein jaankari zaroorat hai, doctor ne suggest kiya hai.",Nephrologist (Kidney),"Variation of: Kidney transplant ke baare mein jaankari chahiye, doctor ne suggest kiya hai."
kidney specialist chahiye,Nephrologist (Kidney),Specialist Term
kidney specialist chaiye,Nephrologist (Kidney),Spelling Variation of: kidney specialist chahiye
kidney specialist chahye,Nephrologist (Kidney),Spelling Variation of: kidney specialist chahiye
nephrologist se milna hai,Nephrologist (Kidney),Specialist Term
dialysis specialist ko dikhana hai,Nephrologist (Kidney),Specialist Term
kidney transplant specialist chahiye,Nephrologist (Kidney),Specialist Term
kidney transplant specialist chaiye,Nephrologist (Kidney),Spelling Variation of: kidney transplant specialist chahiye
kidney transplant specialist chahye,Nephrologist (Kidney),Spelling Variation of: kidney transplant specialist chahiye
kidney ki problem,Nephrologist (Kidney),Keyword Phrase
creatinine high,Nephrologist (Kidney),Keyword Phrase
chehre par sujan,Nephrologist (Kidney),Keyword Phrase
chehre par soojan,Nephrologist (Kidney),Spelling Variation of: chehre par sujan
kidney failure,Nephrologist (Kidney),Keyword Phrase
dialysis,Nephrologist (Kidney),Keyword Phrase
Report me creatinine ka level kafi badha hua aaya hai aur pairo me sujan hai.,Nephrologist (Kidney),Original
Kidney fail hone ki wajah se mujhe hafteme do baar dialysis karwana padta hai.,Nephrologist (Kidney),Original
Blood report me creatinine kafi high aaya hai aur pairo par sujan (edema) hai.,Nephrologist (Kidney),Original
Blood report me creatinine kaafi high aya hai aur pairo par sujan hai.,Nephrologist (Kidney),Spelling Variation of: Blood report me creatinine kafi high aaya hai aur pairo par sujan (edema) hai.
Kidney function test sahi nahi aaya aur takhno (ankles) par din bhar sujan rehti hai.,Nephrologist (Kidney),Variation of: Blood report me creatinine kafi high aaya hai aur pairo par sujan (edema) hai.
Subah uthne par bacche ka chehra/aankhein sooji rehti hain aur peshab me bohot jhaag (foam) aata hai.,Nephrologist (Kidney),Original
Gale me infection ke baad peshab ka rang achanak se cola ya laal jaisa ho gaya hai.,Nephrologist (Kidney),Original
Kidney kharab hone ki wajah se poore badan me sujan hai aur lagatar ulti jaisa mann karta hai.,Nephrologist (Kidney),Original
Gurde (Kidney) wale doctor.,Nephrologist (Kidney),Original
Peshab me jhaag aane wale doctor.,Nephrologist (Kidney),Original
Dialysis wale doctor.,Nephrologist (Kidney),Original
"Bahut tez sar dard hota hai, aankho ke aage roshni dikhti hai pehle.",Neurologist,Original
"Bahut tez sar darad hota hai, aankho ke aage roshni dikhti hai pehle.",Neurologist,"Spelling Variation of: Bahut tez sar dard hota hai, aankho ke aage roshni dikhti hai pehle."
"bohot tez sar dard hota hai, aankho ke aage roshni dikhti hai pehle.",Neurologist,"Spelling Variation of: Bahut tez sar dard hota hai, aankho ke aage roshni dikhti hai pehle."
"Bahut tez sar takleef hota hai, aankho ke aage roshni dikhti hai pehle.",Neurologist,"Variation of: Bahut tez sar dard hota hai, aankho ke aage roshni dikhti hai pehle."
Achanak haath ya pair sunn ho jata hai kuch der ke liye.,Neurologist,Original
Achanak hand ya pair sunn ho jata hai kuch der ke liye.,Neurologist,Variation of: Achanak haath ya pair sunn ho jata hai kuch der ke liye.
Chalte chalte achanak chakkar aa gaya aur balance bigad gaya.,Neurologist,Original
"Yaadasht kamzor hoti ja rahi hai, chhoti baatein bhool jaate hain.",Neurologist,Original
Ek baar achanak behosh ho gaye the aur body akad gayi thi.,Neurologist,Original
Haath kaanpte hain jab kuch pakadne ki koshish karta hoon.,Neurologist,Original
hand kaanpte hain jab kuch pakadne ki koshish karta hoon.,Neurologist,Variation of: Haath kaanpte hain jab kuch pakadne ki koshish karta hoon.
Face ka ek side thoda tedha lag raha hai achanak se.,Neurologist,Original
Face ka ek side thoda tedha lag rha hai achanak se.,Neurologist,Spelling Variation of: Face ka ek side thoda tedha lag raha hai achanak se.
Face ka ek side thora tedha lag raha hai achanak se.,Neurologist,Spelling Variation of: Face ka ek side thoda tedha lag raha hai achanak se.
"Migraine ka dard hafte mein 2-3 baar ho jata hai, ulti bhi hoti hai saath.",Neurologist,Original
"Migraine ka darad hafte mein 2-3 baar ho jata hai, ulti bhi hoti hai saath.",Neurologist,"Spelling Variation of: Migraine ka dard hafte mein 2-3 baar ho jata hai, ulti bhi hoti hai saath."
"Migraine ka dard hafte me 2-3 baar ho jata hai, ulti bhi hoti hai saath.",Neurologist,"Spelling Variation of: Migraine ka dard hafte mein 2-3 baar ho jata hai, ulti bhi hoti hai saath."
"Migraine ka takleef hafte mein 2-3 baar ho jata hai, ulti bhi hoti hai saath.",Neurologist,"Variation of: Migraine ka dard hafte mein 2-3 baar ho jata hai, ulti bhi hoti hai saath."
"Neend mein achanak jhatke se uth jata hoon, poora badan kaanpta hai.",Neurologist,Original
"Neend me achanak jhatke se uth jata hoon, poora badan kaanpta hai.",Neurologist,"Spelling Variation of: Neend mein achanak jhatke se uth jata hoon, poora badan kaanpta hai."
"Bolne mein ladkhadahat ho rahi hai achanak se, pehle theek tha.",Neurologist,Original
"Bolne me ladkhadahat ho rahi hai achanak se, pehle theek tha.",Neurologist,"Spelling Variation of: Bolne mein ladkhadahat ho rahi hai achanak se, pehle theek tha."
neurologist ko dikhana hai,Neurologist,Specialist Term
dimaag aur nervous system ka doctor,Neurologist,Specialist Term
dimaag aur nervous system ka daktar,Neurologist,Spelling Variation of: dimaag aur nervous system ka doctor
dimaag aur nervous system ka docter,Neurologist,Spelling Variation of: dimaag aur nervous system ka doctor
brain specialist chahiye,Neurologist,Specialist Term
brain specialist chaiye,Neurologist,Spelling Variation of: brain specialist chahiye
brain specialist chahye,Neurologist,Spelling Variation of: brain specialist chahiye
sar mein tez dard,Neurologist,Keyword Phrase
sar mein tez darad,Neurologist,Spelling Variation of: sar mein tez dard
sar me tez dard,Neurologist,Spelling Variation of: sar mein tez dard
migraine,Neurologist,Keyword Phrase
chakkar aana,Neurologist,Keyword Phrase
haath pair sunn,Neurologist,Keyword Phrase
seizure,Neurologist,Keyword Phrase
yaadasht kamzor,Neurologist,Keyword Phrase
Aadhe sar me dhak-dhak karta hua tez dard hota hai.,Neurologist,Variation of: Sir ke ek side me bohot tez migraine ka dard hota hai.
aadhe sar mein dard hai,Neurologist,Variation of: migraine ho raha hai
Aadhe sir me dhak-dhak karta hua tez darad hota hai.,Neurologist,Spelling Variation of: Aadhe sar me dhak-dhak karta hua tez dard hota hai.
aadhe sir mein darad hai,Neurologist,Spelling Variation of: aadhe sar mein dard hai
Achanak se chakar aane lagte hain aur aankhon ke aage andhera chha jata hai.,Neurologist,Spelling Variation of: Achanak se chakkar aane lagte hain aur aankhon ke aage andhera chha jata hai.
Achanak se chakkar aane lagte hain aur aankhon ke aage andhera chha jata hai.,Neurologist,Original
Bhookh nahi lagti aur chakar aate hain sir darad ke saath.,Neurologist,Spelling Variation of: Bhookh nahi lagti aur chakkar aate hain sar dard ke saath.
Bhookh nahi lagti aur chakkar aate hain sar dard ke saath.,Neurologist,Original
Brain ka doctor,Neurologist,Spelling Variation of: Brain specialist
Brain specialist,Neurologist,Specialist Term
chakar aa rahe hain,Neurologist,Spelling Variation of: chakkar aa rahe hain
chakkar aa rahe hain,Neurologist,Original
cheezein bhool jaata hoon aajkal,Neurologist,Variation of: yaddasht kamzor ho gayi hai
Chehre ka ek taraf achanak tedha ho gaya hai,Neurologist,Original
Chehre ka ek taraf achanak tedhaa ho gaya hai,Neurologist,Spelling Variation of: Chehre ka ek taraf achanak tedha ho gaya hai
daura pada tha,Neurologist,Variation of: seizure aaya tha
Dimaag ka docter,Neurologist,Spelling Variation of: Dimaag ka doctor
Dimaag ka doctor,Neurologist,Specialist Term
Dimag ka doctor,Neurologist,Spelling Variation of: Dimaag ka doctor
Face ka ek side suddenly droop/tedha ho gaya hai,Neurologist,Variation of: Chehre ka ek taraf achanak tedha ho gaya hai
Haath kaanpte hain jab kuch nahi kar rahe hote,Neurologist,Original
Haath kanpte hain jab kuch nahi kar rahe hote,Neurologist,Spelling Variation of: Haath kaanpte hain jab kuch nahi kar rahe hote
haath mein jhunjhunahat hoti hai,Neurologist,Variation of: haath sunn ho jata hai
haath sunn ho jata hai,Neurologist,Original
"Haath ya pair sote-sote sunn pad jaate hain, sui chubhne jaisa lagta hai.",Neurologist,Variation of: Haath-pair me sunn-pan ya jhanjhanahat hoti hai.
Haath-pair me sunn-pan ya jhanjhanahat hoti hai.,Neurologist,Original
head bahut dukh raha hai,Neurologist,Original
head bohot dukh raha hai,Neurologist,Spelling Variation of: head bahut dukh raha hai
Kamar se lekar pair tak jhanjhanahat aur dard jaata hai,Neurologist,Original
Kamar se lekar pair tak jhunjhunahat aur darad jaata hai,Neurologist,Spelling Variation of: Kamar se lekar pair tak jhanjhanahat aur dard jaata hai
"Khada hote hi sar ghoomne lagta hai, aankhon ke saamne kuch nahi dikhta.",Neurologist,Variation of: Achanak se chakkar aane lagte hain aur aankhon ke aage andhera chha jata hai.
"Khada hote hi sir ghoomne lagta hai, aankhon ke saamne kuch nahi dikhta.",Neurologist,"Spelling Variation of: Khada hote hi sar ghoomne lagta hai, aankhon ke saamne kuch nahi dikhta."
"Khana khane ka mann nahi karta jab sar dard hota hai, chakkar bhi aate hain.",Neurologist,Variation of: Bhookh nahi lagti aur chakkar aate hain sar dard ke saath.
"Khana khane ka mann nahi karta jab sir darad hota hai, chakar bhi aate hain.",Neurologist,"Spelling Variation of: Khana khane ka mann nahi karta jab sar dard hota hai, chakkar bhi aate hain."
Lower back se leg tak tingling aur pain radiate karta hai,Neurologist,Variation of: Kamar se lekar pair tak jhanjhanahat aur dard jaata hai
migraine ho raha hai,Neurologist,Original
Naaso ka doctor,Neurologist,Spelling Variation of: Nason ka doctor
Nason ka docter,Neurologist,Spelling Variation of: Nason ka doctor
Nason ka doctor,Neurologist,Specialist Term
Nervous system ka daktar,Neurologist,Spelling Variation of: Nervous system ka doctor
Nervous system ka docter,Neurologist,Spelling Variation of: Nervous system ka doctor
Nervous system ka doctor,Neurologist,Specialist Term
Resting ke time bhi hands tremor karte hain,Neurologist,Variation of: Haath kaanpte hain jab kuch nahi kar rahe hote
Roshni bardaasht nahi hoti aur sar mein dard rehta hai.,Neurologist,Original
Roshni bardaasht nahi hoti aur sir mein darad rehta hai.,Neurologist,Spelling Variation of: Roshni bardaasht nahi hoti aur sar mein dard rehta hai.
sar bahut dukh raha hai,Neurologist,Variation of: sir dard ho raha hai
sar ghoom raha hai,Neurologist,Variation of: chakkar aa rahe hain
sar mai dard hai,Neurologist,Original
sar mein bhari dard hai,Neurologist,Variation of: head bahut dukh raha hai
sar mein dard ho raha hai,Neurologist,Variation of: sar mai dard hai
seizure aaya tha,Neurologist,Original
sir bohot dukh raha hai,Neurologist,Spelling Variation of: sar bahut dukh raha hai
sir darad ho raha hai,Neurologist,Spelling Variation of: sir dard ho raha hai
sir dard ho raha hai,Neurologist,Original
sir ghoom raha hai,Neurologist,Spelling Variation of: sar ghoom raha hai
Sir ke ek side me bohot tez migraine ka darad hota hai.,Neurologist,Spelling Variation of: Sir ke ek side me bohot tez migraine ka dard hota hai.
Sir ke ek side me bohot tez migraine ka dard hota hai.,Neurologist,Original
sir mai darad hai,Neurologist,Spelling Variation of: sar mai dard hai
sir mein bhari darad hai,Neurologist,Spelling Variation of: sar mein bhari dard hai
sir mein darad ho raha hai,Neurologist,Spelling Variation of: sar mein dard ho raha hai
Tez light dekhte hi sar dukhne lagta hai.,Neurologist,Variation of: Roshni bardaasht nahi hoti aur sar mein dard rehta hai.
Tez light dekhte hi sir dukhne lagta hai.,Neurologist,Spelling Variation of: Tez light dekhte hi sar dukhne lagta hai.
yaddasht kamzor ho gayi hai,Neurologist,Original
Sir ke ek hisse me bohot tez migraine ka dard hota hai aur chakkar aate hain.,Neurologist,Original
Haath aur pairo me achanak sunn-pan (numbness) aur jhanjhanahat hoti hai.,Neurologist,Original
Bacche ki naso me bohot jakdan hai (Cerebral Palsy) aur usne umar ke hisaab se der se chalna shuru kiya.,Neurologist,Original
Sar me charo taraf ekdum tight patta bandhne jaisa dard rehta hai (Tension headache).,Neurologist,Original
Baithe baithe haath kaanpte hain (Parkinson's) aur pairo ki ungliyon me sunn-pan aur jalan rehti hai.,Neurologist,Original
Dimaag wale doctor.,Neurologist,Original
Naso (nerves) ke specialist.,Neurologist,Original
Mirgi (epilepsy) wale doctor.,Neurologist,Original
"Scan mein brain mein ek growth dikha hai, operation ki zaroorat bata rahe hain.",Neurosurgeon,Original
"Scan me brain mein ek growth dikha hai, operation ki zaroorat bata rahe hain.",Neurosurgeon,"Spelling Variation of: Scan mein brain mein ek growth dikha hai, operation ki zaroorat bata rahe hain."
"Sar mein bahut gehri chot lagi thi accident mein, behosh bhi ho gaye the.",Neurosurgeon,Original
"Sar mein bohot gehri chot lagi thi accident mein, behosh bhi ho gaye the.",Neurosurgeon,"Spelling Variation of: Sar mein bahut gehri chot lagi thi accident mein, behosh bhi ho gaye the."
"Sar mein bahot gehri chot lagi thi accident mein, behosh bhi ho gaye the.",Neurosurgeon,"Spelling Variation of: Sar mein bahut gehri chot lagi thi accident mein, behosh bhi ho gaye the."
"head mein bahut gehri chot lagi thi accident mein, behosh bhi ho gaye the.",Neurosurgeon,"Variation of: Sar mein bahut gehri chot lagi thi accident mein, behosh bhi ho gaye the."
"Spine mein disc slip ho gayi hai, doctor operation ki salah de rahe hain.",Neurosurgeon,Original
"Spine mein disc slip ho gayi hai, daktar operation ki salah de rahe hain.",Neurosurgeon,"Spelling Variation of: Spine mein disc slip ho gayi hai, doctor operation ki salah de rahe hain."
"Spine mein disc slip ho gayi hai, docter operation ki salah de rahe hain.",Neurosurgeon,"Spelling Variation of: Spine mein disc slip ho gayi hai, doctor operation ki salah de rahe hain."
"Dimaag ki nas phatne jaisa laga tha achanak, turant hospital le gaye the.",Neurosurgeon,Original
"Kamar ke dard ke saath pair mein bhi kamzori aa gayi hai, disc ka issue lagta hai.",Neurosurgeon,Original
"Kamar ke darad ke saath pair mein bhi kamzori aa gayi hai, disc ka issue lagta hai.",Neurosurgeon,"Spelling Variation of: Kamar ke dard ke saath pair mein bhi kamzori aa gayi hai, disc ka issue lagta hai."
"Kamar ke dard ke saath pair me bhi kamzori aa gayi hai, disc ka issue lagta hai.",Neurosurgeon,"Spelling Variation of: Kamar ke dard ke saath pair mein bhi kamzori aa gayi hai, disc ka issue lagta hai."
"Kamar ke takleef ke saath pair mein bhi kamzori aa gayi hai, disc ka issue lagta hai.",Neurosurgeon,"Variation of: Kamar ke dard ke saath pair mein bhi kamzori aa gayi hai, disc ka issue lagta hai."
"Sar mein paani bhar gaya hai bola hai doctor ne, operation karna padega.",Neurosurgeon,Original
"Sar mein paani bhar gaya hai bola hai daktar ne, operation karna padega.",Neurosurgeon,"Spelling Variation of: Sar mein paani bhar gaya hai bola hai doctor ne, operation karna padega."
"Sar mein paani bhar gaya hai bola hai docter ne, operation karna padega.",Neurosurgeon,"Spelling Variation of: Sar mein paani bhar gaya hai bola hai doctor ne, operation karna padega."
"head mein paani bhar gaya hai bola hai doctor ne, operation karna padega.",Neurosurgeon,"Variation of: Sar mein paani bhar gaya hai bola hai doctor ne, operation karna padega."
"Epilepsy control nahi ho raha dawaiyon se, surgery ka option poochna hai.",Neurosurgeon,Original
"Epilepsy control nahin ho raha dawaiyon se, surgery ka option poochna hai.",Neurosurgeon,"Spelling Variation of: Epilepsy control nahi ho raha dawaiyon se, surgery ka option poochna hai."
"Epilepsy control nhi ho raha dawaiyon se, surgery ka option poochna hai.",Neurosurgeon,"Spelling Variation of: Epilepsy control nahi ho raha dawaiyon se, surgery ka option poochna hai."
"Gardan ke pas ki spine mein pinch hui nas hai, haath mein weakness aa gayi hai.",Neurosurgeon,Original
"Gardan ke pas ki spine me pinch hui nas hai, haath mein weakness aa gayi hai.",Neurosurgeon,"Spelling Variation of: Gardan ke pas ki spine mein pinch hui nas hai, haath mein weakness aa gayi hai."
"Gardan ke pas ki spine mein pinch hui nas hai, hand mein weakness aa gayi hai.",Neurosurgeon,"Variation of: Gardan ke pas ki spine mein pinch hui nas hai, haath mein weakness aa gayi hai."
"Accident mein sar mein blood clot ban gaya hai, turant operation bata rahe hain.",Neurosurgeon,Original
"Accident me sar mein blood clot ban gaya hai, turant operation bata rahe hain.",Neurosurgeon,"Spelling Variation of: Accident mein sar mein blood clot ban gaya hai, turant operation bata rahe hain."
"Accident mein head mein blood clot ban gaya hai, turant operation bata rahe hain.",Neurosurgeon,"Variation of: Accident mein sar mein blood clot ban gaya hai, turant operation bata rahe hain."
neurosurgeon ko dikhana hai,Neurosurgeon,Specialist Term
brain surgery specialist chahiye,Neurosurgeon,Specialist Term
brain surgery specialist chaiye,Neurosurgeon,Spelling Variation of: brain surgery specialist chahiye
brain surgery specialist chahye,Neurosurgeon,Spelling Variation of: brain surgery specialist chahiye
spine surgery specialist se milna hai,Neurosurgeon,Specialist Term
brain tumor specialist chahiye,Neurosurgeon,Specialist Term
brain tumor specialist chaiye,Neurosurgeon,Spelling Variation of: brain tumor specialist chahiye
brain tumor specialist chahye,Neurosurgeon,Spelling Variation of: brain tumor specialist chahiye
brain tumor,Neurosurgeon,Keyword Phrase
sar mein gehri chot,Neurosurgeon,Keyword Phrase
sar me gehri chot,Neurosurgeon,Spelling Variation of: sar mein gehri chot
spine operation,Neurosurgeon,Keyword Phrase
dimaag ki surgery,Neurosurgeon,Keyword Phrase
Spine ki disc khisak gayi (slip disc) hai aur operation ke bina aaram nahi hai.,Neurosurgeon,Original
Brain me ek chhota tumor detect hua hai jise surgery se nikalna padega.,Neurosurgeon,Original
Spine ki disc apni jagah se khisak gayi hai aur haath me sunn-pan ja raha hai.,Neurosurgeon,Original
Spine ki disk apni jagah se khisak gayi hai aur hath me sunn-pan ja raha hai.,Neurosurgeon,Spelling Variation of: Spine ki disc apni jagah se khisak gayi hai aur haath me sunn-pan ja raha hai.
Slip disc ka issue itna badh gaya hai ki doctor ne spinal surgery ke bina ilaj mana kar diya.,Neurosurgeon,Variation of: Spine ki disc apni jagah se khisak gayi hai aur haath me sunn-pan ja raha hai.
Bacche ka sir bachpan se hi baki baccho ke mukable abnormally bada ho raha hai (Hydrocephalus).,Neurosurgeon,Original
Kamar se pairo tak bohot tez current jaisa dard (sciatica) jata hai aur khada nahi hua jata.,Neurosurgeon,Original
Halka sa sir takrane ke kuch hafte baad dadaji ka balance bigadne laga hai aur behosh ho jate hain.,Neurosurgeon,Original
Dimaag ke operation wale doctor.,Neurosurgeon,Original
Reedh ki haddi (spine) ke surgeon.,Neurosurgeon,Original
Brain tumor wale doctor.,Neurosurgeon,Original
"Breast mein gaanth thi, biopsy mein cancer confirm hua hai.",Oncologist (Cancer),Original
"Breast me gaanth thi, biopsy mein cancer confirm hua hai.",Oncologist (Cancer),"Spelling Variation of: Breast mein gaanth thi, biopsy mein cancer confirm hua hai."
"Breast mein ganth thi, biopsy mein cancer confirm hua hai.",Oncologist (Cancer),"Spelling Variation of: Breast mein gaanth thi, biopsy mein cancer confirm hua hai."
"Achanak bahut weight kam ho raha hai bina kisi wajah ke, cancer ka dar hai.",Oncologist (Cancer),Original
"Achanak bohot weight kam ho raha hai bina kisi wajah ke, cancer ka dar hai.",Oncologist (Cancer),"Spelling Variation of: Achanak bahut weight kam ho raha hai bina kisi wajah ke, cancer ka dar hai."
"Achanak bahot weight kam ho raha hai bina kisi wajah ke, cancer ka dar hai.",Oncologist (Cancer),"Spelling Variation of: Achanak bahut weight kam ho raha hai bina kisi wajah ke, cancer ka dar hai."
"Achanak kaafi weight kam ho raha hai bina kisi wajah ke, cancer ka dar hai.",Oncologist (Cancer),"Variation of: Achanak bahut weight kam ho raha hai bina kisi wajah ke, cancer ka dar hai."
Gaanth dheere dheere badh rahi hai aur ab dard bhi hone laga hai.,Oncologist (Cancer),Original
Gaanth dheere dheere badh rahi hai aur ab darad bhi hone laga hai.,Oncologist (Cancer),Spelling Variation of: Gaanth dheere dheere badh rahi hai aur ab dard bhi hone laga hai.
ganth dheere dheere badh rahi hai aur ab dard bhi hone laga hai.,Oncologist (Cancer),Spelling Variation of: Gaanth dheere dheere badh rahi hai aur ab dard bhi hone laga hai.
Gaanth dheere dheere badh rahi hai aur ab takleef bhi hone laga hai.,Oncologist (Cancer),Variation of: Gaanth dheere dheere badh rahi hai aur ab dard bhi hone laga hai.
"Keemo therapy shuru karni hai, kahan aur kaise hoti hai janna hai.",Oncologist (Cancer),Original
"Scan mein ek tumor dikha hai, aage kya karna hai samajh nahi aa raha.",Oncologist (Cancer),Original
"Scan mein ek tumor dikha hai, aage kya karna hai samajh nahin aa raha.",Oncologist (Cancer),"Spelling Variation of: Scan mein ek tumor dikha hai, aage kya karna hai samajh nahi aa raha."
"Scan mein ek tumor dikha hai, aage kya karna hai samajh nhi aa raha.",Oncologist (Cancer),"Spelling Variation of: Scan mein ek tumor dikha hai, aage kya karna hai samajh nahi aa raha."
"Baar baar mooh mein ulcer hota hai jo theek hi nahi hota, dar lag raha hai.",Oncologist (Cancer),Original
"Baar baar mooh mein ulcer hota hai jo theek hi nahin hota, dar lag raha hai.",Oncologist (Cancer),"Spelling Variation of: Baar baar mooh mein ulcer hota hai jo theek hi nahi hota, dar lag raha hai."
"Baar baar mooh mein ulcer hota hai jo theek hi nhi hota, dar lag raha hai.",Oncologist (Cancer),"Spelling Variation of: Baar baar mooh mein ulcer hota hai jo theek hi nahi hota, dar lag raha hai."
Gale mein ek ganth hai jo kam nahi ho rahi kai hafton se.,Oncologist (Cancer),Original
Gale mein ek ganth hai jo kam nahin ho rahi kai hafton se.,Oncologist (Cancer),Spelling Variation of: Gale mein ek ganth hai jo kam nahi ho rahi kai hafton se.
Gale mein ek ganth hai jo kam nhi ho rahi kai hafton se.,Oncologist (Cancer),Spelling Variation of: Gale mein ek ganth hai jo kam nahi ho rahi kai hafton se.
"Radiation therapy shuru karni hai, process samajhni hai poori.",Oncologist (Cancer),Original
"Second opinion chahiye cancer treatment ke liye, report bhej sakte hain.",Oncologist (Cancer),Original
"Second opinion chaiye cancer treatment ke liye, report bhej sakte hain.",Oncologist (Cancer),"Spelling Variation of: Second opinion chahiye cancer treatment ke liye, report bhej sakte hain."
"Second opinion chahye cancer treatment ke liye, report bhej sakte hain.",Oncologist (Cancer),"Spelling Variation of: Second opinion chahiye cancer treatment ke liye, report bhej sakte hain."
"Second opinion zaroorat hai cancer treatment ke liye, report bhej sakte hain.",Oncologist (Cancer),"Variation of: Second opinion chahiye cancer treatment ke liye, report bhej sakte hain."
Skin par ek mole ka shape aur colour badal gaya hai achanak.,Oncologist (Cancer),Original
"Papa ko lung cancer detect hua hai, aage ka treatment plan samajhna hai.",Oncologist (Cancer),Original
"Keemo ke side effects bahut zyada ho rahe hain, kuch karna hai iske liye.",Oncologist (Cancer),Original
"Keemo ke side effects bohot zyada ho rahe hain, kuch karna hai iske liye.",Oncologist (Cancer),"Spelling Variation of: Keemo ke side effects bahut zyada ho rahe hain, kuch karna hai iske liye."
"Keemo ke side effects bahot zyada ho rahe hain, kuch karna hai iske liye.",Oncologist (Cancer),"Spelling Variation of: Keemo ke side effects bahut zyada ho rahe hain, kuch karna hai iske liye."
"Keemo ke side effects kaafi zyada ho rahe hain, kuch karna hai iske liye.",Oncologist (Cancer),"Variation of: Keemo ke side effects bahut zyada ho rahe hain, kuch karna hai iske liye."
"Family mein cancer history hai, screening karwani hai preventive.",Oncologist (Cancer),Original
"Family me cancer history hai, screening karwani hai preventive.",Oncologist (Cancer),"Spelling Variation of: Family mein cancer history hai, screening karwani hai preventive."
"Ek hi jagah baar baar khoon aata hai bina kisi chot ke, dar lag raha hai.",Oncologist (Cancer),Original
"Ek hi jagah baar baar khoon aata hai bina kisi chot ke, dar lag rha hai.",Oncologist (Cancer),"Spelling Variation of: Ek hi jagah baar baar khoon aata hai bina kisi chot ke, dar lag raha hai."
"Cancer stage kya hai aur survival rate kya hoga, ye janna hai.",Oncologist (Cancer),Original
cancer specialist chahiye,Oncologist (Cancer),Specialist Term
cancer specialist chaiye,Oncologist (Cancer),Spelling Variation of: cancer specialist chahiye
cancer specialist chahye,Oncologist (Cancer),Spelling Variation of: cancer specialist chahiye
oncologist se milna hai,Oncologist (Cancer),Specialist Term
cancer ka doctor dikhana hai,Oncologist (Cancer),Specialist Term
cancer ka daktar dikhana hai,Oncologist (Cancer),Spelling Variation of: cancer ka doctor dikhana hai
cancer ka docter dikhana hai,Oncologist (Cancer),Spelling Variation of: cancer ka doctor dikhana hai
tumor specialist se milna hai,Oncologist (Cancer),Specialist Term
keemo therapy center ka pata chahiye,Oncologist (Cancer),Specialist Term
keemo therapy center ka pata chaiye,Oncologist (Cancer),Spelling Variation of: keemo therapy center ka pata chahiye
keemo therapy center ka pata chahye,Oncologist (Cancer),Spelling Variation of: keemo therapy center ka pata chahiye
cancer ka doubt,Oncologist (Cancer),Keyword Phrase
gaanth badh rahi hai,Oncologist (Cancer),Keyword Phrase
ganth badh rahi hai,Oncologist (Cancer),Spelling Variation of: gaanth badh rahi hai
biopsy mein cancer,Oncologist (Cancer),Keyword Phrase
biopsy me cancer,Oncologist (Cancer),Spelling Variation of: biopsy mein cancer
keemo therapy,Oncologist (Cancer),Keyword Phrase
tumor,Oncologist (Cancer),Keyword Phrase
Gardan ke paas ek ajeeb si ganth (lump) ho gayi hai jiski biopsy positive aayi hai.,Oncologist (Cancer),Original
Cancer ki chemotherapy ke baad bohot weakness aur ultiyan lag rahi hain.,Oncologist (Cancer),Original
Gardan me ek ajeeb si kator (hard) ganth ban gayi hai jo dard nahi karti.,Oncologist (Cancer),Original
Gardan me ek ajeeb si hard ganth ban gayi hai jo darad nahi karti.,Oncologist (Cancer),Spelling Variation of: Gardan me ek ajeeb si kator (hard) ganth ban gayi hai jo dard nahi karti.
Neck ke paas ek lump feel ho raha hai jo pichle 2 mahine se dheere dheere badh raha hai.,Oncologist (Cancer),Variation of: Gardan me ek ajeeb si kator (hard) ganth ban gayi hai jo dard nahi karti.
"Bacche ke rang me peelapan aa gaya hai, thak jata hai aur bina chot ke neel (bruises) pad rahe hain.",Oncologist (Cancer),Original
Breast me ek kadi (hard) ganth mehsoos ho rahi hai jisme dard nahi hai par aakar badh raha hai.,Oncologist (Cancer),Original
Peshab me rukawat ke sath-sath peeth aur pasliyon (ribs) me lagatar gehra dard rehta hai.,Oncologist (Cancer),Original
Cancer wale doctor.,Oncologist (Cancer),Original
Ganth (tumor) wale doctor.,Oncologist (Cancer),Original
Aankhon mein bahut jalan hoti hai screen dekhte dekhte.,Ophthalmologist (Eye),Original
Aankhon mein bohot jalan hoti hai screen dekhte dekhte.,Ophthalmologist (Eye),Spelling Variation of: Aankhon mein bahut jalan hoti hai screen dekhte dekhte.
Aankhon mein bahot jalan hoti hai screen dekhte dekhte.,Ophthalmologist (Eye),Spelling Variation of: Aankhon mein bahut jalan hoti hai screen dekhte dekhte.
Aankhon mein kaafi jalan hoti hai screen dekhte dekhte.,Ophthalmologist (Eye),Variation of: Aankhon mein bahut jalan hoti hai screen dekhte dekhte.
Door ki cheezein dheere dheere dhundli dikhne lagi hain.,Ophthalmologist (Eye),Original
Aankh achanak laal ho gayi hai aur usme se pani aa raha hai.,Ophthalmologist (Eye),Original
Aankh achanak laal ho gayi hai aur usme se pani aa rha hai.,Ophthalmologist (Eye),Spelling Variation of: Aankh achanak laal ho gayi hai aur usme se pani aa raha hai.
Raat ko gaadi chalate waqt saamne se aane wali lights se aankhein chundh jaati hain.,Ophthalmologist (Eye),Original
Aankhon mein bahut khujli hoti hai aur kabhi kabhi sujan bhi aa jaati hai.,Ophthalmologist (Eye),Original
Aankhon mein bohot khujli hoti hai aur kabhi kabhi sujan bhi aa jaati hai.,Ophthalmologist (Eye),Spelling Variation of: Aankhon mein bahut khujli hoti hai aur kabhi kabhi sujan bhi aa jaati hai.
Aankhon mein bahot khujli hoti hai aur kabhi kabhi sujan bhi aa jaati hai.,Ophthalmologist (Eye),Spelling Variation of: Aankhon mein bahut khujli hoti hai aur kabhi kabhi sujan bhi aa jaati hai.
Aankhon mein kaafi khujli hoti hai aur kabhi kabhi sujan bhi aa jaati hai.,Ophthalmologist (Eye),Variation of: Aankhon mein bahut khujli hoti hai aur kabhi kabhi sujan bhi aa jaati hai.
Kisi cheez ko paas se dekhne mein bhi dikkat ho rahi hai aajkal.,Ophthalmologist (Eye),Original
Kisi cheez ko paas se dekhne me bhi dikkat ho rahi hai aajkal.,Ophthalmologist (Eye),Spelling Variation of: Kisi cheez ko paas se dekhne mein bhi dikkat ho rahi hai aajkal.
"Aankh mein kuch chubhta hua sa lagta hai, dekhne mein kirkiri jaisi feel hoti hai.",Ophthalmologist (Eye),Original
"Aankh me kuch chubhta hua sa lagta hai, dekhne mein kirkiri jaisi feel hoti hai.",Ophthalmologist (Eye),"Spelling Variation of: Aankh mein kuch chubhta hua sa lagta hai, dekhne mein kirkiri jaisi feel hoti hai."
"Chashma ka number badalna hai shayad, dikhna kam ho gaya hai.",Ophthalmologist (Eye),Original
Aankho ke saamne kabhi kabhi kaale dhabbe se tair jaate hain.,Ophthalmologist (Eye),Original
"Subah uthte hi aankhein chipak jaati hain, pili sa discharge bhi hota hai.",Ophthalmologist (Eye),Original
eye specialist chahiye,Ophthalmologist (Eye),Specialist Term
eye specialist chaiye,Ophthalmologist (Eye),Spelling Variation of: eye specialist chahiye
eye specialist chahye,Ophthalmologist (Eye),Spelling Variation of: eye specialist chahiye
aankho ka doctor dikhana hai,Ophthalmologist (Eye),Specialist Term
aankho ka daktar dikhana hai,Ophthalmologist (Eye),Spelling Variation of: aankho ka doctor dikhana hai
aankho ka docter dikhana hai,Ophthalmologist (Eye),Spelling Variation of: aankho ka doctor dikhana hai
ophthalmologist se milna hai,Ophthalmologist (Eye),Specialist Term
chashme wala doctor,Ophthalmologist (Eye),Specialist Term
chashme wala daktar,Ophthalmologist (Eye),Spelling Variation of: chashme wala doctor
chashme wala docter,Ophthalmologist (Eye),Spelling Variation of: chashme wala doctor
aankhon mein jalan,Ophthalmologist (Eye),Keyword Phrase
aankhon me jalan,Ophthalmologist (Eye),Spelling Variation of: aankhon mein jalan
dhundla dikhna,Ophthalmologist (Eye),Keyword Phrase
aankh laal,Ophthalmologist (Eye),Keyword Phrase
aankhon mein khujli,Ophthalmologist (Eye),Keyword Phrase
aankhon me khujli,Ophthalmologist (Eye),Spelling Variation of: aankhon mein khujli
aankhon mein khujali,Ophthalmologist (Eye),Spelling Variation of: aankhon mein khujli
chashma,Ophthalmologist (Eye),Keyword Phrase
aankho se pani,Ophthalmologist (Eye),Keyword Phrase
Aankh ka specialist,Ophthalmologist (Eye),Spelling Variation of: Aankh ke specialist
Aankh ke specialist,Ophthalmologist (Eye),Specialist Term
Aankh laal ho gayi hai aur usme se gunda-sa nikal raha hai.,Ophthalmologist (Eye),Variation of: Aankhein ekdum lal ho gayi hain aur paani/kichad discharge aa raha hai.
aankh mai dard hai,Ophthalmologist (Eye),Original
aankh mein dard ho raha hai,Ophthalmologist (Eye),Variation of: aankh mai dard hai
Aankh mein kirkiri jaisa mehsoos hota hai,Ophthalmologist (Eye),Original
Aankh mein laalpan aur irritation feel ho rahi hai.,Ophthalmologist (Eye),Variation of: Aankhein laal ho gayi hain aur bahut khujli hoti hai.
aankh mein laalpan hai,Ophthalmologist (Eye),Variation of: aankhein lal ho gayi hain
aankh se aansu aate rehte hain,Ophthalmologist (Eye),Variation of: aankh se pani aa raha hai
Aankh se paani ya discharge aa raha hai.,Ophthalmologist (Eye),Original
aankh se pani aa raha hai,Ophthalmologist (Eye),Original
Aankhein ekdum lal ho gayi hain aur paani/kichad discharge aa raha hai.,Ophthalmologist (Eye),Original
Aankhein hamesha sookhi aur thaki hui lagti hain,Ophthalmologist (Eye),Original
Aankhein hamesha sukhi aur thaki hui lagti hain,Ophthalmologist (Eye),Spelling Variation of: Aankhein hamesha sookhi aur thaki hui lagti hain
Aankhein laal ho gayi hain aur bahut khujli hoti hai.,Ophthalmologist (Eye),Original
Aankhein laal ho gayi hain aur bohot khujali hoti hai.,Ophthalmologist (Eye),Spelling Variation of: Aankhein laal ho gayi hain aur bahut khujli hoti hai.
aankhein lal ho gayi hain,Ophthalmologist (Eye),Original
Aankho ka doctor,Ophthalmologist (Eye),Spelling Variation of: Aankhon ka doctor
Aankho ke saamne makhi jaisi cheez tairti dikhti hai,Ophthalmologist (Eye),Spelling Variation of: Aankhon ke saamne makhi jaisi cheez tairti dikhti hai
Aankhon ka docter,Ophthalmologist (Eye),Spelling Variation of: Aankhon ka doctor
Aankhon ka doctor,Ophthalmologist (Eye),Specialist Term
Aankhon ke saamne makhi jaisi cheez tairti dikhti hai,Ophthalmologist (Eye),Original
Aankhon se blurry dikhai dene laga hai.,Ophthalmologist (Eye),Original
Aankhon se lagataar aansu ya gunda nikal raha hai.,Ophthalmologist (Eye),Variation of: Aankh se paani ya discharge aa raha hai.
Ankh ke specialist,Ophthalmologist (Eye),Spelling Variation of: Aankh ke specialist
Ankh laal ho gayi hai aur usme se gunda-sa nikal raha hai.,Ophthalmologist (Eye),Spelling Variation of: Aankh laal ho gayi hai aur usme se gunda-sa nikal raha hai.
ankh mai darad hai,Ophthalmologist (Eye),Spelling Variation of: aankh mai dard hai
ankh mein darad ho raha hai,Ophthalmologist (Eye),Spelling Variation of: aankh mein dard ho raha hai
Ankh mein kirkiri jaisa mehsoos hota hai,Ophthalmologist (Eye),Spelling Variation of: Aankh mein kirkiri jaisa mehsoos hota hai
Ankh mein laalpan aur irritation feel ho rahi hai.,Ophthalmologist (Eye),Spelling Variation of: Aankh mein laalpan aur irritation feel ho rahi hai.
ankh mein laalpan hai,Ophthalmologist (Eye),Spelling Variation of: aankh mein laalpan hai
ankh se aansu aate rehte hain,Ophthalmologist (Eye),Spelling Variation of: aankh se aansu aate rehte hain
Ankh se paani ya discharge aa raha hai.,Ophthalmologist (Eye),Spelling Variation of: Aankh se paani ya discharge aa raha hai.
ankh se pani aa raha hai,Ophthalmologist (Eye),Spelling Variation of: aankh se pani aa raha hai
chashma lagana pad raha hai,Ophthalmologist (Eye),Variation of: najar kamzor ho gayi hai
Computer screen dekhne par aankhon me bohot jalan aur dryness hoti hai.,Ophthalmologist (Eye),Original
dikhna kam ho gaya hai,Ophthalmologist (Eye),Original
Eye daktar,Ophthalmologist (Eye),Spelling Variation of: Eye doctor
Eye docter,Ophthalmologist (Eye),Spelling Variation of: Eye doctor
Eye doctor,Ophthalmologist (Eye),Specialist Term
Eye mein sandy ya gritty feeling hoti hai,Ophthalmologist (Eye),Variation of: Aankh mein kirkiri jaisa mehsoos hota hai
Eyes hamesha dry aur tired feel hoti hain,Ophthalmologist (Eye),Variation of: Aankhein hamesha sookhi aur thaki hui lagti hain
"Jaise dhundh ke peeche se dekh rahe hon, dheere dheere dikhna kam ho raha hai",Ophthalmologist (Eye),Original
"Jaise dhundh ke peeche se dekh rahe hon, dhire dhire dikhna kam ho raha hai",Ophthalmologist (Eye),"Spelling Variation of: Jaise dhundh ke peeche se dekh rahe hon, dheere dheere dikhna kam ho raha hai"
najar kamzor ho gayi hai,Ophthalmologist (Eye),Original
"Nazar dhundhli-dhundhli si ho gayi hai, saaf nahi dikhta.",Ophthalmologist (Eye),Variation of: Aankhon se blurry dikhai dene laga hai.
Nazar ka daktar,Ophthalmologist (Eye),Spelling Variation of: Nazar ka doctor
Nazar ka docter,Ophthalmologist (Eye),Spelling Variation of: Nazar ka doctor
Nazar ka doctor,Ophthalmologist (Eye),Specialist Term
Night driving ke waqt visibility kam ho jaati hai,Ophthalmologist (Eye),Variation of: Raat mein gaadi chalate waqt dikhna mushkil hota hai
Padhte vaqt lines mix ho jaati hain,Ophthalmologist (Eye),Spelling Variation of: Padhte waqt lines mix ho jaati hain
Padhte waqt lines mix ho jaati hain,Ophthalmologist (Eye),Original
Peripheral vision gradually kam hoti ja rahi hai,Ophthalmologist (Eye),Variation of: Side ki cheezein dikhna kam ho gaya hai
Raat mein gaadi chalate waqt dikhna mushkil hota hai,Ophthalmologist (Eye),Original
Raat mein gadi chalate waqt dikhna mushkil hota hai,Ophthalmologist (Eye),Spelling Variation of: Raat mein gaadi chalate waqt dikhna mushkil hota hai
Reading karte waqt words blur ho jaate hain,Ophthalmologist (Eye),Variation of: Padhte waqt lines mix ho jaati hain
saaf dikhayi nahi deta,Ophthalmologist (Eye),Variation of: dikhna kam ho gaya hai
Screen time jyada hone par aankhen sookhi aur jalti hui feel hoti hain.,Ophthalmologist (Eye),Spelling Variation of: Screen time zyada hone par aankhen sookhi aur jalti hui feel hoti hain.
Screen time zyada hone par aankhen sookhi aur jalti hui feel hoti hain.,Ophthalmologist (Eye),Variation of: Computer screen dekhne par aankhon me bohot jalan aur dryness hoti hai.
Side ki cheeze dikhna kam ho gaya hai,Ophthalmologist (Eye),Spelling Variation of: Side ki cheezein dikhna kam ho gaya hai
Side ki cheezein dikhna kam ho gaya hai,Ophthalmologist (Eye),Original
Vision gradually foggy ho rahi hai jaise mist ke peeche se dekh rahe hon,Ophthalmologist (Eye),"Variation of: Jaise dhundh ke peeche se dekh rahe hon, dheere dheere dikhna kam ho raha hai"
Vision mein floaters jaisi cheez tairti nazar aati hai,Ophthalmologist (Eye),Variation of: Aankhon ke saamne makhi jaisi cheez tairti dikhti hai
Aankhon se pani aa raha hai aur paas ka dhundhla (blurry) dikhayi de raha hai.,Ophthalmologist (Eye),Original
Aankh ekdum laal ho gayi hai aur usme se kichad (discharge) aa raha hai.,Ophthalmologist (Eye),Original
Bacche ki ek aankh thodi tedi (bhengapan/squint) lagti hai aur wo sir tedha karke TV dekhta hai.,Ophthalmologist (Eye),Original
Aankhein hamesha laal rehti hain aur unme ajeeb si chubhan aur kirkiri (dry eyes) lagti hai.,Ophthalmologist (Eye),Original
Aankhon ke aage safed dhundhla-pan aa gaya hai (motiabind/cataract) aur theek se nahi dikhta.,Ophthalmologist (Eye),Original
Aankhon wale doctor.,Ophthalmologist (Eye),Original
Eye specialist.,Ophthalmologist (Eye),Original
Motiabind (cataract) wale doctor.,Ophthalmologist (Eye),Original
"Ghutno mein uthte baithte bahut dard hota hai, seedhi chadhna mushkil hai.",Orthopaedic Surgeon (Bone),Original
"Ghutno mein uthte baithte bahut darad hota hai, seedhi chadhna mushkil hai.",Orthopaedic Surgeon (Bone),"Spelling Variation of: Ghutno mein uthte baithte bahut dard hota hai, seedhi chadhna mushkil hai."
"Ghutno mein uthte baithte bohot dard hota hai, seedhi chadhna mushkil hai.",Orthopaedic Surgeon (Bone),"Spelling Variation of: Ghutno mein uthte baithte bahut dard hota hai, seedhi chadhna mushkil hai."
"Ghutno mein uthte baithte bahut takleef hota hai, seedhi chadhna mushkil hai.",Orthopaedic Surgeon (Bone),"Variation of: Ghutno mein uthte baithte bahut dard hota hai, seedhi chadhna mushkil hai."
"Kamar mein bahut dard hai, jhukne mein bhi dikkat hoti hai.",Orthopaedic Surgeon (Bone),Original
"Kamar mein bahut darad hai, jhukne mein bhi dikkat hoti hai.",Orthopaedic Surgeon (Bone),"Spelling Variation of: Kamar mein bahut dard hai, jhukne mein bhi dikkat hoti hai."
"Kamar mein bohot dard hai, jhukne mein bhi dikkat hoti hai.",Orthopaedic Surgeon (Bone),"Spelling Variation of: Kamar mein bahut dard hai, jhukne mein bhi dikkat hoti hai."
"Kamar mein bahut takleef hai, jhukne mein bhi dikkat hoti hai.",Orthopaedic Surgeon (Bone),"Variation of: Kamar mein bahut dard hai, jhukne mein bhi dikkat hoti hai."
"Girne ke baad haath mein bahut dard hai, lagta hai fracture ho gaya hai.",Orthopaedic Surgeon (Bone),Original
"Girne ke baad haath mein bahut darad hai, lagta hai fracture ho gaya hai.",Orthopaedic Surgeon (Bone),"Spelling Variation of: Girne ke baad haath mein bahut dard hai, lagta hai fracture ho gaya hai."
"Girne ke baad haath mein bohot dard hai, lagta hai fracture ho gaya hai.",Orthopaedic Surgeon (Bone),"Spelling Variation of: Girne ke baad haath mein bahut dard hai, lagta hai fracture ho gaya hai."
"Girne ke baad haath mein bahut takleef hai, lagta hai fracture ho gaya hai.",Orthopaedic Surgeon (Bone),"Variation of: Girne ke baad haath mein bahut dard hai, lagta hai fracture ho gaya hai."
"Kandhe ko upar uthane mein dard hota hai, raat ko bhi so nahi paata.",Orthopaedic Surgeon (Bone),Original
"Kandhe ko upar uthane mein darad hota hai, raat ko bhi so nahi paata.",Orthopaedic Surgeon (Bone),"Spelling Variation of: Kandhe ko upar uthane mein dard hota hai, raat ko bhi so nahi paata."
"Kandhe ko upar uthane mein dard hota hai, raat ko bhi so nahin paata.",Orthopaedic Surgeon (Bone),"Spelling Variation of: Kandhe ko upar uthane mein dard hota hai, raat ko bhi so nahi paata."
"Kandhe ko upar uthane mein takleef hota hai, raat ko bhi so nahi paata.",Orthopaedic Surgeon (Bone),"Variation of: Kandhe ko upar uthane mein dard hota hai, raat ko bhi so nahi paata."
"Subah uthte hi joints akde hue lagte hain, dheere dheere theek hota hai.",Orthopaedic Surgeon (Bone),Original
Ghutno se chatak chatak ki awaaz aati hai chalte waqt.,Orthopaedic Surgeon (Bone),Original
"Gardan mudne mein dard hota hai, kaafi din se hai ye problem.",Orthopaedic Surgeon (Bone),Original
"Gardan mudne mein darad hota hai, kaafi din se hai ye problem.",Orthopaedic Surgeon (Bone),"Spelling Variation of: Gardan mudne mein dard hota hai, kaafi din se hai ye problem."
"Gardan mudne me dard hota hai, kaafi din se hai ye problem.",Orthopaedic Surgeon (Bone),"Spelling Variation of: Gardan mudne mein dard hota hai, kaafi din se hai ye problem."
"Gardan mudne mein takleef hota hai, kaafi din se hai ye problem.",Orthopaedic Surgeon (Bone),"Variation of: Gardan mudne mein dard hota hai, kaafi din se hai ye problem."
"Ankle mudh gaya khelte waqt, sujan bhi aa gayi hai turant.",Orthopaedic Surgeon (Bone),Original
"Ankle mudh gaya khelte waqt, soojan bhi aa gayi hai turant.",Orthopaedic Surgeon (Bone),"Spelling Variation of: Ankle mudh gaya khelte waqt, sujan bhi aa gayi hai turant."
Kaafi der khade rehne se ediyon mein bahut dard hone lagta hai.,Orthopaedic Surgeon (Bone),Original
Kaafi der khade rehne se ediyon mein bahut darad hone lagta hai.,Orthopaedic Surgeon (Bone),Spelling Variation of: Kaafi der khade rehne se ediyon mein bahut dard hone lagta hai.
Kaafi der khade rehne se ediyon mein bohot dard hone lagta hai.,Orthopaedic Surgeon (Bone),Spelling Variation of: Kaafi der khade rehne se ediyon mein bahut dard hone lagta hai.
Kaafi der khade rehne se ediyon mein bahut takleef hone lagta hai.,Orthopaedic Surgeon (Bone),Variation of: Kaafi der khade rehne se ediyon mein bahut dard hone lagta hai.
Peeth ke nichle hisse mein dard hai jo pair tak jata hai kabhi kabhi.,Orthopaedic Surgeon (Bone),Original
Peeth ke nichle hisse mein darad hai jo pair tak jata hai kabhi kabhi.,Orthopaedic Surgeon (Bone),Spelling Variation of: Peeth ke nichle hisse mein dard hai jo pair tak jata hai kabhi kabhi.
Peeth ke nichle hisse me dard hai jo pair tak jata hai kabhi kabhi.,Orthopaedic Surgeon (Bone),Spelling Variation of: Peeth ke nichle hisse mein dard hai jo pair tak jata hai kabhi kabhi.
Peeth ke nichle hisse mein takleef hai jo pair tak jata hai kabhi kabhi.,Orthopaedic Surgeon (Bone),Variation of: Peeth ke nichle hisse mein dard hai jo pair tak jata hai kabhi kabhi.
haddi ka doctor chahiye,Orthopaedic Surgeon (Bone),Specialist Term
haddi ka daktar chahiye,Orthopaedic Surgeon (Bone),Spelling Variation of: haddi ka doctor chahiye
haddi ka docter chahiye,Orthopaedic Surgeon (Bone),Spelling Variation of: haddi ka doctor chahiye
bone specialist ko dikhana hai,Orthopaedic Surgeon (Bone),Specialist Term
orthopaedic surgeon se milna hai,Orthopaedic Surgeon (Bone),Specialist Term
joint ka doctor,Orthopaedic Surgeon (Bone),Specialist Term
joint ka daktar,Orthopaedic Surgeon (Bone),Spelling Variation of: joint ka doctor
joint ka docter,Orthopaedic Surgeon (Bone),Spelling Variation of: joint ka doctor
ghutno mein dard,Orthopaedic Surgeon (Bone),Keyword Phrase
ghutno mein darad,Orthopaedic Surgeon (Bone),Spelling Variation of: ghutno mein dard
ghutno me dard,Orthopaedic Surgeon (Bone),Spelling Variation of: ghutno mein dard
kamar dard,Orthopaedic Surgeon (Bone),Keyword Phrase
kamar darad,Orthopaedic Surgeon (Bone),Spelling Variation of: kamar dard
joint pain,Orthopaedic Surgeon (Bone),Keyword Phrase
haddi mein chot,Orthopaedic Surgeon (Bone),Keyword Phrase
haddi me chot,Orthopaedic Surgeon (Bone),Spelling Variation of: haddi mein chot
fracture,Orthopaedic Surgeon (Bone),Keyword Phrase
peeth dard,Orthopaedic Surgeon (Bone),Keyword Phrase
peeth darad,Orthopaedic Surgeon (Bone),Spelling Variation of: peeth dard
Bhaari cheez uthate waqt back mein sudden jhatka mehsoos hua,Orthopaedic Surgeon (Bone),Variation of: Weight uthane par kamar mein jhatka sa laga
Big toe mein suddenly severe pain aur swelling ho gayi,Orthopaedic Surgeon (Bone),Variation of: Pair ke angoothe mein achanak zor ka dard aur soojan hui
Bone daktar,Orthopaedic Surgeon (Bone),Spelling Variation of: Bone doctor
Bone docter,Orthopaedic Surgeon (Bone),Spelling Variation of: Bone doctor
Bone doctor,Orthopaedic Surgeon (Bone),Specialist Term
Bruising ho gayi hai aur pair rakhne mein takleef hoti hai.,Orthopaedic Surgeon (Bone),Variation of: Neel pad gaya hai aur chalne mein dikkat ho rahi hai.
Chalte waqt lagta hai jaise ek leg doosri se short hai,Orthopaedic Surgeon (Bone),Variation of: Ek pair doosre se chhota lagta hai chalte waqt
"Chot lagne ke baad haath bahut soojh gaya hai, hilaya nahi ja raha.",Orthopaedic Surgeon (Bone),"Variation of: Girne ki wajah se haath/pair me severe swelling hai, lagta hai fracture hai."
"Chot lagne ke baad haath bohot soojh gaya hai, hilaya nahi ja raha.",Orthopaedic Surgeon (Bone),"Spelling Variation of: Chot lagne ke baad haath bahut soojh gaya hai, hilaya nahi ja raha."
Chot lagne ke jagah pe neela-kaala daag ban gaya hai.,Orthopaedic Surgeon (Bone),Variation of: Skin pe kaale-neele nishaan pad gaye hain.
Ek pair doosre se chhota lagta hai chalte waqt,Orthopaedic Surgeon (Bone),Original
Ek pair dusre se chhota lagta hai chalte waqt,Orthopaedic Surgeon (Bone),Spelling Variation of: Ek pair doosre se chhota lagta hai chalte waqt
Ghutno me chalte waqt ya stairs chadhne me bohot darad hota hai.,Orthopaedic Surgeon (Bone),Spelling Variation of: Ghutno me chalte waqt ya stairs chadhne me bohot dard hota hai.
Ghutno me chalte waqt ya stairs chadhne me bohot dard hota hai.,Orthopaedic Surgeon (Bone),Original
"Girne ki wajah se haath/pair me severe swelling hai, lagta hai fracture hai.",Orthopaedic Surgeon (Bone),Original
Haddi jodo ka doctor,Orthopaedic Surgeon (Bone),Spelling Variation of: Haddi-jodo ka doctor
Haddi ka daktar,Orthopaedic Surgeon (Bone),Spelling Variation of: Haddi ka doctor
Haddi ka doctor,Orthopaedic Surgeon (Bone),Specialist Term
Haddi-jodo ka doctor,Orthopaedic Surgeon (Bone),Specialist Term
Hadi ka docter,Orthopaedic Surgeon (Bone),Spelling Variation of: Haddi ka doctor
Hadi-jodon ka docter,Orthopaedic Surgeon (Bone),Spelling Variation of: Haddi-jodo ka doctor
Jahan chot lagi hai wahan chhoone se darad hota hai.,Orthopaedic Surgeon (Bone),Spelling Variation of: Jahan chot lagi hai wahan chhoone se dard hota hai.
Jahan chot lagi hai wahan chhoone se dard hota hai.,Orthopaedic Surgeon (Bone),Original
"Jodo mein akadan hai, hilana mushkil hai.",Orthopaedic Surgeon (Bone),Original
"Jodo mein dard aur soojan hai, hila nahi pa raha.",Orthopaedic Surgeon (Bone),Original
Jodo mein soojan aur dard bhi hai.,Orthopaedic Surgeon (Bone),Original
"Jodon mein akadan hai, hilana mushkil hai.",Orthopaedic Surgeon (Bone),"Spelling Variation of: Jodo mein akadan hai, hilana mushkil hai."
"Jodon mein darad aur soojan hai, hila nahi pa raha.",Orthopaedic Surgeon (Bone),"Spelling Variation of: Jodo mein dard aur soojan hai, hila nahi pa raha."
Jodon mein soojan aur darad bhi hai.,Orthopaedic Surgeon (Bone),Spelling Variation of: Jodo mein soojan aur dard bhi hai.
Joint mein swelling ke saath movement bhi limited ho gaya hai.,Orthopaedic Surgeon (Bone),"Variation of: Jodo mein dard aur soojan hai, hila nahi pa raha."
Joints mein swelling ke saath darad bhi mehsoos hota hai.,Orthopaedic Surgeon (Bone),Spelling Variation of: Joints mein swelling ke saath dard bhi mehsoos hota hai.
Joints mein swelling ke saath dard bhi mehsoos hota hai.,Orthopaedic Surgeon (Bone),Variation of: Jodo mein soojan aur dard bhi hai.
"Joints stiff ho gaye hain, movement mein dikkat hoti hai.",Orthopaedic Surgeon (Bone),"Variation of: Jodo mein akadan hai, hilana mushkil hai."
Kaam karte waqt fingers mein numbness feel hoti hai,Orthopaedic Surgeon (Bone),Variation of: Ungliyan sunn ho jaati hain kaam karte waqt
"Kamar ka dard pair tak kheenchta hai, uthna-baithna mushkil hai.",Orthopaedic Surgeon (Bone),Variation of: Lower back me constant dard rehta hai jo pair tak jata hai.
"Kamar se pair tak zor ka darad jaata hai, jhukne mein dikkat hoti hai",Orthopaedic Surgeon (Bone),"Spelling Variation of: Kamar se pair tak zor ka dard jaata hai, jhukne mein dikkat hoti hai"
"Kamar se pair tak zor ka dard jaata hai, jhukne mein dikkat hoti hai",Orthopaedic Surgeon (Bone),Original
"Kamr ka darad pair tak kheenchta hai, uthna-baithna mushkil hai.",Orthopaedic Surgeon (Bone),"Spelling Variation of: Kamar ka dard pair tak kheenchta hai, uthna-baithna mushkil hai."
"Kandha uthane mein bahut dard hota hai, movement kam ho gayi hai",Orthopaedic Surgeon (Bone),Original
"Kandha uthane mein bohot darad hota hai, movement kam ho gayi hai",Orthopaedic Surgeon (Bone),"Spelling Variation of: Kandha uthane mein bahut dard hota hai, movement kam ho gayi hai"
Lower back me constant darad rehta hai jo pair tak jata hai.,Orthopaedic Surgeon (Bone),Spelling Variation of: Lower back me constant dard rehta hai jo pair tak jata hai.
Lower back me constant dard rehta hai jo pair tak jata hai.,Orthopaedic Surgeon (Bone),Original
"Lower back se leg tak sharp pain jaata hai, bending mein problem hoti hai",Orthopaedic Surgeon (Bone),"Variation of: Kamar se pair tak zor ka dard jaata hai, jhukne mein dikkat hoti hai"
Morning stiffness hoti hai joints mein jo thodi der mein kam ho jaati hai,Orthopaedic Surgeon (Bone),Variation of: Subah uthte hi jodo mein akadan lagti hai jo dheere theek hoti hai
Neel pad gaya hai aur chalne mein dikkat ho rahi hai.,Orthopaedic Surgeon (Bone),Original
Ortho doctor,Orthopaedic Surgeon (Bone),Spelling Variation of: Orthopedic specialist
Orthopedic specialist,Orthopaedic Surgeon (Bone),Specialist Term
Pair ke angoothe mein achanak zor ka darad aur sujan hui,Orthopaedic Surgeon (Bone),Spelling Variation of: Pair ke angoothe mein achanak zor ka dard aur soojan hui
Pair ke angoothe mein achanak zor ka dard aur soojan hui,Orthopaedic Surgeon (Bone),Original
Seedhi chadhte waqt ghutno me chubhan si hoti hai.,Orthopaedic Surgeon (Bone),Variation of: Ghutno me chalte waqt ya stairs chadhne me bohot dard hota hai.
"Shoulder lift karte waqt severe pain hota hai, range of motion kam ho gayi hai",Orthopaedic Surgeon (Bone),"Variation of: Kandha uthane mein bahut dard hota hai, movement kam ho gayi hai"
Skin pe kaale-neele nishaan pad gaye hain.,Orthopaedic Surgeon (Bone),Original
Subah uthte hi jodo mein akadan lagti hai jo dheere theek hoti hai,Orthopaedic Surgeon (Bone),Original
Subah uthte hi jodon mein akdan lagti hai jo dheere theek hoti hai,Orthopaedic Surgeon (Bone),Spelling Variation of: Subah uthte hi jodo mein akadan lagti hai jo dheere theek hoti hai
Ungliya sunn ho jaati hain kaam karte waqt,Orthopaedic Surgeon (Bone),Spelling Variation of: Ungliyan sunn ho jaati hain kaam karte waqt
Ungliyan sunn ho jaati hain kaam karte waqt,Orthopaedic Surgeon (Bone),Original
Us jagah ko touch karne se takleef hoti hai.,Orthopaedic Surgeon (Bone),Variation of: Jahan chot lagi hai wahan chhoone se dard hota hai.
Weight uthane par kamar mein jhatka sa laga,Orthopaedic Surgeon (Bone),Original
Weight uthane par kamr mein jhatka sa laga,Orthopaedic Surgeon (Bone),Spelling Variation of: Weight uthane par kamar mein jhatka sa laga
ghutne mai dard hai,Orthopaedic Surgeon (Bone),Original
ghutney mai darad hai,Orthopaedic Surgeon (Bone),Spelling Variation of: ghutne mai dard hai
ghutno mein darad rehta hai,Orthopaedic Surgeon (Bone),Spelling Variation of: ghutno mein dard rehta hai
ghutno mein dard rehta hai,Orthopaedic Surgeon (Bone),Variation of: ghutne mai dard hai
haath fracture ho gaya hai,Orthopaedic Surgeon (Bone),Variation of: haath tut gaya hai
haath tut gaya hai,Orthopaedic Surgeon (Bone),Original
haddi mai dard hai,Orthopaedic Surgeon (Bone),Original
haddi mein takleef hai,Orthopaedic Surgeon (Bone),Variation of: haddi mai dard hai
hadi mai darad hai,Orthopaedic Surgeon (Bone),Spelling Variation of: haddi mai dard hai
hadi mein takleef hai,Orthopaedic Surgeon (Bone),Spelling Variation of: haddi mein takleef hai
jodo mai dard hai,Orthopaedic Surgeon (Bone),Original
jodon mai darad hai,Orthopaedic Surgeon (Bone),Spelling Variation of: jodo mai dard hai
joints mein darad hota hai,Orthopaedic Surgeon (Bone),Spelling Variation of: joints mein dard hota hai
joints mein dard hota hai,Orthopaedic Surgeon (Bone),Variation of: jodo mai dard hai
kamar dukh rahi hai,Orthopaedic Surgeon (Bone),Original
kamar mein dard hai,Orthopaedic Surgeon (Bone),Variation of: kamar dukh rahi hai
kamr dukh rahi hai,Orthopaedic Surgeon (Bone),Spelling Variation of: kamar dukh rahi hai
kamr mein darad hai,Orthopaedic Surgeon (Bone),Spelling Variation of: kamar mein dard hai
peeth mai darad hai,Orthopaedic Surgeon (Bone),Spelling Variation of: peeth mai dard hai
peeth mai dard hai,Orthopaedic Surgeon (Bone),Original
peeth mein darad ho raha hai,Orthopaedic Surgeon (Bone),Spelling Variation of: peeth mein dard ho raha hai
peeth mein dard ho raha hai,Orthopaedic Surgeon (Bone),Variation of: peeth mai dard hai
Ghutno me chalte waqt kat-kat ki aawaz aati hai aur tez dard hota hai.,Orthopaedic Surgeon (Bone),Original
"Girne ki wajah se haath me kafi sujan aa gayi hai, shayad fracture hai.",Orthopaedic Surgeon (Bone),Original
Bacche ka pair paidaishi andar ki taraf muda hua hai (clubfoot).,Orthopaedic Surgeon (Bone),Original
"Kalai (wrist) aur ungliyon me bohot jhanjhanahat aur sunn-pan hota hai, hath se cheezein choot jati hain.",Orthopaedic Surgeon (Bone),Original
Halka sa jhukne ya khansne par kamar me achanak se severe chanak (jerk/fracture) aa gaya hai.,Orthopaedic Surgeon (Bone),Original
Haddi wale doctor.,Orthopaedic Surgeon (Bone),Original
Haddi-jod wale doctor.,Orthopaedic Surgeon (Bone),Original
Bone specialist.,Orthopaedic Surgeon (Bone),Original
Plaster wale doctor.,Orthopaedic Surgeon (Bone),Original
"Mere bacche ko do din se tez bukhar aa raha hai, khana bhi nahi kha raha.",Paediatrician,Original
"Mere bacche ko do din se tez bukhar aa raha hai, khana bhi nahin kha raha.",Paediatrician,"Spelling Variation of: Mere bacche ko do din se tez bukhar aa raha hai, khana bhi nahi kha raha."
"Mere bacche ko do din se tez bukhar aa raha hai, khana bhi nhi kha raha.",Paediatrician,"Spelling Variation of: Mere bacche ko do din se tez bukhar aa raha hai, khana bhi nahi kha raha."
"Mere bacche ko do din se tez fever aa raha hai, khana bhi nahi kha raha.",Paediatrician,"Variation of: Mere bacche ko do din se tez bukhar aa raha hai, khana bhi nahi kha raha."
6 mahine ke baby ko baar baar ulti ho rahi hai feed ke baad.,Paediatrician,Original
Bachhe ka weight pichle kai mahino se badh hi nahi raha.,Paediatrician,Original
Bachhe ka weight pichle kai mahino se badh hi nahin raha.,Paediatrician,Spelling Variation of: Bachhe ka weight pichle kai mahino se badh hi nahi raha.
Bachhe ka weight pichle kai mahino se badh hi nhi raha.,Paediatrician,Spelling Variation of: Bachhe ka weight pichle kai mahino se badh hi nahi raha.
Toddler ko raat ko neend nahi aati aur bahut rota rehta hai.,Paediatrician,Original
Toddler ko raat ko neend nahi aati aur bohot rota rehta hai.,Paediatrician,Spelling Variation of: Toddler ko raat ko neend nahi aati aur bahut rota rehta hai.
Toddler ko raat ko neend nahi aati aur bahot rota rehta hai.,Paediatrician,Spelling Variation of: Toddler ko raat ko neend nahi aati aur bahut rota rehta hai.
Toddler ko raat ko neend nahi aati aur kaafi rota rehta hai.,Paediatrician,Variation of: Toddler ko raat ko neend nahi aati aur bahut rota rehta hai.
"Bachhe ke gale mein infection lag gaya lagta hai, dood peene se mana kar raha.",Paediatrician,Original
"Bachhe ke gale me infection lag gaya lagta hai, dood peene se mana kar raha.",Paediatrician,"Spelling Variation of: Bachhe ke gale mein infection lag gaya lagta hai, dood peene se mana kar raha."
"Bachhe ke gale mein infection lag gaya lagta hai, dood peene se mana kar rha.",Paediatrician,"Spelling Variation of: Bachhe ke gale mein infection lag gaya lagta hai, dood peene se mana kar raha."
"Newborn ki skin peeli lag rahi hai, doctor ko dikhana zaroori hai kya.",Paediatrician,Original
"Newborn ki skin peeli lag rahi hai, daktar ko dikhana zaroori hai kya.",Paediatrician,"Spelling Variation of: Newborn ki skin peeli lag rahi hai, doctor ko dikhana zaroori hai kya."
"Newborn ki skin peeli lag rahi hai, docter ko dikhana zaroori hai kya.",Paediatrician,"Spelling Variation of: Newborn ki skin peeli lag rahi hai, doctor ko dikhana zaroori hai kya."
"Newborn ki skin peeli lag rahi hai, doctor ko consult karna zaroori hai kya.",Paediatrician,"Variation of: Newborn ki skin peeli lag rahi hai, doctor ko dikhana zaroori hai kya."
Bachhe ko vaccination ka schedule follow karna hai agla wala.,Paediatrician,Original
Meri beti ko school mein baar baar pet dard hota hai subah ke time.,Paediatrician,Original
Meri beti ko school mein baar baar pet darad hota hai subah ke time.,Paediatrician,Spelling Variation of: Meri beti ko school mein baar baar pet dard hota hai subah ke time.
Meri beti ko school me baar baar pet dard hota hai subah ke time.,Paediatrician,Spelling Variation of: Meri beti ko school mein baar baar pet dard hota hai subah ke time.
Meri beti ko school mein baar baar pet takleef hota hai subah ke time.,Paediatrician,Variation of: Meri beti ko school mein baar baar pet dard hota hai subah ke time.
Bacha bahut zyada rota hai aur pet fulaa hua lagta hai.,Paediatrician,Original
Bacha bohot zyada rota hai aur pet fulaa hua lagta hai.,Paediatrician,Spelling Variation of: Bacha bahut zyada rota hai aur pet fulaa hua lagta hai.
Bacha bahot zyada rota hai aur pet fulaa hua lagta hai.,Paediatrician,Spelling Variation of: Bacha bahut zyada rota hai aur pet fulaa hua lagta hai.
Bacha bahut zyada rota hai aur stomach fulaa hua lagta hai.,Paediatrician,Variation of: Bacha bahut zyada rota hai aur pet fulaa hua lagta hai.
Bachhe ko khansi ke saath ghrr ghrr ki awaaz aati hai saans lete waqt.,Paediatrician,Original
Bachhe ko khaansi ke saath ghrr ghrr ki awaaz aati hai saans lete waqt.,Paediatrician,Spelling Variation of: Bachhe ko khansi ke saath ghrr ghrr ki awaaz aati hai saans lete waqt.
Bachhe ko cough ke saath ghrr ghrr ki awaaz aati hai saans lete waqt.,Paediatrician,Variation of: Bachhe ko khansi ke saath ghrr ghrr ki awaaz aati hai saans lete waqt.
child specialist chahiye,Paediatrician,Specialist Term
child specialist chaiye,Paediatrician,Spelling Variation of: child specialist chahiye
child specialist chahye,Paediatrician,Spelling Variation of: child specialist chahiye
bachho ka doctor dikhana hai,Paediatrician,Specialist Term
bachho ka daktar dikhana hai,Paediatrician,Spelling Variation of: bachho ka doctor dikhana hai
bachho ka docter dikhana hai,Paediatrician,Spelling Variation of: bachho ka doctor dikhana hai
paediatrician se appointment chahiye,Paediatrician,Specialist Term
paediatrician se appointment chaiye,Paediatrician,Spelling Variation of: paediatrician se appointment chahiye
paediatrician se appointment chahye,Paediatrician,Spelling Variation of: paediatrician se appointment chahiye
baby doctor ko dikhana hai,Paediatrician,Specialist Term
baby daktar ko dikhana hai,Paediatrician,Spelling Variation of: baby doctor ko dikhana hai
baby docter ko dikhana hai,Paediatrician,Spelling Variation of: baby doctor ko dikhana hai
bacche ko bukhar,Paediatrician,Keyword Phrase
bacche ko bukhaar,Paediatrician,Spelling Variation of: bacche ko bukhar
baby ko ulti,Paediatrician,Keyword Phrase
bachhe ka weight nahi badh raha,Paediatrician,Keyword Phrase
bachhe ka weight nahin badh raha,Paediatrician,Spelling Variation of: bachhe ka weight nahi badh raha
bachhe ka weight nhi badh raha,Paediatrician,Spelling Variation of: bachhe ka weight nahi badh raha
infant ko rashes,Paediatrician,Keyword Phrase
bachhe ko khansi,Paediatrician,Keyword Phrase
bachhe ko khaansi,Paediatrician,Spelling Variation of: bachhe ko khansi
Baal chikitsak,Paediatrician,Spelling Variation of: Bal chikitsak
baby roti rehti hai,Paediatrician,Original
Baccha baar baar kaan khichta hai,Paediatrician,Spelling Variation of: Bachha baar baar kaan khinchta hai
Baccha khelte khelte achanak thak jata hai,Paediatrician,Spelling Variation of: Bachha khelte khelte achanak thak jata hai
Bacche ka pait phool gaya hai,Paediatrician,Spelling Variation of: Bacche ka pet phool gaya hai
Bacche ka pet phool gaya hai,Paediatrician,New Suggestion
Bacche ke pet mein gas bharne se phoolapan lagta hai,Paediatrician,"Variation of: Bachhe ka pet phoola hua lagta hai, gas jyada banti hai"
Bacche ki skin thodi peeli lag rahi hai,Paediatrician,Variation of: Bachhe ki twacha pe peela-pan hai
Bacche ko baar baar apna kaan pakadte dekha hai,Paediatrician,Variation of: Bachha baar baar kaan khinchta hai
bacche ko khaansi ho rahi hai,Paediatrician,Spelling Variation of: bacche ko khansi ho rahi hai
bacche ko khansi ho rahi hai,Paediatrician,Variation of: bache ko khansi hai
bacchi ko bukhaar hai,Paediatrician,Spelling Variation of: bacchi ko bukhar hai
bacchi ko bukhar hai,Paediatrician,Original
Bacchon ka doctor,Paediatrician,Specialist Term
Bachche ka docter,Paediatrician,Spelling Variation of: Bacchon ka doctor
"Bachche ka pet phoola hua lagta hai, gas jyada banti hai",Paediatrician,"Spelling Variation of: Bachhe ka pet phoola hua lagta hai, gas jyada banti hai"
Bachche ka pet phoola rehta hai aur motion mein keede dikhte hain,Paediatrician,Spelling Variation of: Bachhe ka pet phoola rehta hai aur motion mein keede dikhte hain
Bachche ke masudo mein sujan hai aur lar zyada aati hai,Paediatrician,Spelling Variation of: Bachhe ke masuudo mein soojan hai aur lar zyada aati hai
Bachche ke pure badan pe paani bhare daane nikal aaye hain,Paediatrician,Spelling Variation of: Bachhe ke pure badan pe pani bhare daane nikal aaye hain
Bachcho ka specialist,Paediatrician,Spelling Variation of: Child specialist
bache ka rona band nahi hota,Paediatrician,Variation of: baby roti rehti hai
bache ko khaansi hai,Paediatrician,Spelling Variation of: bache ko khansi hai
bache ko khansi hai,Paediatrician,Original
Bache ko ulti ho rahi hai,Paediatrician,New Suggestion
Bache ko ulty ho rahi hai,Paediatrician,Spelling Variation of: Bache ko ulti ho rahi hai
Bachha baar baar kaan khinchta hai,Paediatrician,Original
Bachha khelte khelte achanak thak jata hai,Paediatrician,Original
"Bachhe ka pet phoola hua lagta hai, gas jyada banti hai",Paediatrician,Original
Bachhe ka pet phoola rehta hai aur motion mein keede dikhte hain,Paediatrician,Original
Bachhe ke masuudo mein soojan hai aur lar zyada aati hai,Paediatrician,Original
Bachhe ke pure badan pe pani bhare daane nikal aaye hain,Paediatrician,Original
Bachhe ki twacha pe peela-pan hai,Paediatrician,Original
Bachhe ki twacha pe peelapan hai,Paediatrician,Spelling Variation of: Bachhe ki twacha pe peela-pan hai
Bachon ka doctor,Paediatrician,Spelling Variation of: Bacchon ka doctor
Bal chikitsak,Paediatrician,Specialist Term
Child ka stomach bloated rehta hai aur stool mein worms dikhte hain,Paediatrician,Variation of: Bachhe ka pet phoola rehta hai aur motion mein keede dikhte hain
Child ke gums mein swelling hai aur drooling zyada ho rahi hai,Paediatrician,Variation of: Bachhe ke masuudo mein soojan hai aur lar zyada aati hai
Child ke poore body par fluid filled daane nikal aaye hain,Paediatrician,Variation of: Bachhe ke pure badan pe pani bhare daane nikal aaye hain
Child specialist,Paediatrician,Specialist Term
Khelte waqt bacche ki energy achanak khatam ho jaati hai,Paediatrician,Variation of: Bachha khelte khelte achanak thak jata hai
Kids ka doctor,Paediatrician,Spelling Variation of: Kids' doctor
Kids' docter,Paediatrician,Spelling Variation of: Kids' doctor
Kids' doctor,Paediatrician,Specialist Term
ladki ko bukhaar hai,Paediatrician,Spelling Variation of: ladki ko bukhar hai
ladki ko bukhar hai,Paediatrician,Variation of: bacchi ko bukhar hai
naye bache ko loose motion ho rahe hain,Paediatrician,Variation of: newborn ko dast ho rahe hain
newborn ko daast ho rahe hain,Paediatrician,Spelling Variation of: newborn ko dast ho rahe hain
newborn ko dast ho rahe hain,Paediatrician,Original
Mera bacha kal raat se kuch kha nahi raha aur lagatar ro raha hai.,Paediatrician,Original
Bacche ko tez bukhar hai aur uski saans tez chal rahi hai.,Paediatrician,Original
"Bacche ko 5 din se tez bukhar hai, jeebh ekdum laal ho gayi hai aur hath-pair me daane hain.",Paediatrician,Original
Baccho wale doctor.,Paediatrician,Original
Child specialist.,Paediatrician,Original
Shishu rog visheshagya.,Paediatrician,Original
"Meri blood report aayi hai, samajh nahi aa raha values ka matlab kya hai.",Pathologist,Original
"Meri blood report aayi hai, samajh nahin aa raha values ka matlab kya hai.",Pathologist,"Spelling Variation of: Meri blood report aayi hai, samajh nahi aa raha values ka matlab kya hai."
"Meri blood report aayi hai, samajh nhi aa raha values ka matlab kya hai.",Pathologist,"Spelling Variation of: Meri blood report aayi hai, samajh nahi aa raha values ka matlab kya hai."
"Fasting blood sample dena hai kal subah, kahan jama karna hai.",Pathologist,Original
"Biopsy report abhi tak nahi aayi, kab tak milegi.",Pathologist,Original
"Biopsy report abhi tak nahin aayi, kab tak milegi.",Pathologist,"Spelling Variation of: Biopsy report abhi tak nahi aayi, kab tak milegi."
"Biopsy report abhi tak nhi aayi, kab tak milegi.",Pathologist,"Spelling Variation of: Biopsy report abhi tak nahi aayi, kab tak milegi."
"Lab test ke results normal range se bahar aaye hain, doctor ko dikhana hai.",Pathologist,Original
"Lab test ke results normal range se bahar aaye hain, daktar ko dikhana hai.",Pathologist,"Spelling Variation of: Lab test ke results normal range se bahar aaye hain, doctor ko dikhana hai."
"Lab test ke results normal range se bahar aaye hain, docter ko dikhana hai.",Pathologist,"Spelling Variation of: Lab test ke results normal range se bahar aaye hain, doctor ko dikhana hai."
"Lab test ke results normal range se bahar aaye hain, doctor ko consult karna hai.",Pathologist,"Variation of: Lab test ke results normal range se bahar aaye hain, doctor ko dikhana hai."
Urine culture test karwana hai infection check karne ke liye.,Pathologist,Original
"Histopathology report samajhni hai, doctor ne bola tha lab se le lo.",Pathologist,Original
"Histopathology report samajhni hai, daktar ne bola tha lab se le lo.",Pathologist,"Spelling Variation of: Histopathology report samajhni hai, doctor ne bola tha lab se le lo."
"Histopathology report samajhni hai, docter ne bola tha lab se le lo.",Pathologist,"Spelling Variation of: Histopathology report samajhni hai, doctor ne bola tha lab se le lo."
"Stool sample test karwana hai, kaha jama karein.",Pathologist,Original
"CBC report mein kuch values low aayi hain, matlab samajhna hai.",Pathologist,Original
"CBC report me kuch values low aayi hain, matlab samajhna hai.",Pathologist,"Spelling Variation of: CBC report mein kuch values low aayi hain, matlab samajhna hai."
"PCR test karwana hai, kitne din mein report milegi.",Pathologist,Original
"PCR test karwana hai, kitne din me report milegi.",Pathologist,"Spelling Variation of: PCR test karwana hai, kitne din mein report milegi."
Thyroid ka blood test karwana hai fasting mein ya normal.,Pathologist,Original
Thyroid ka blood test karwana hai fasting me ya normal.,Pathologist,Spelling Variation of: Thyroid ka blood test karwana hai fasting mein ya normal.
"Report mein ek value red mark ki hai, kitna serious hai janna hai.",Pathologist,Original
"Report me ek value red mark ki hai, kitna serious hai janna hai.",Pathologist,"Spelling Variation of: Report mein ek value red mark ki hai, kitna serious hai janna hai."
"Sugar test PP aur fasting dono karwane hain, ek hi din mein ho jayenge kya.",Pathologist,Original
"Sugar test PP aur fasting dono karwane hain, ek hi din me ho jayenge kya.",Pathologist,"Spelling Variation of: Sugar test PP aur fasting dono karwane hain, ek hi din mein ho jayenge kya."
"Allergy test karwana hai, kaunse kaunse cheezon se allergy hai pata karna hai.",Pathologist,Original
"Pregnancy test karwana hai lab mein, ghar wala test positive aaya tha.",Pathologist,Original
"Pregnancy test karwana hai lab me, ghar wala test positive aaya tha.",Pathologist,"Spelling Variation of: Pregnancy test karwana hai lab mein, ghar wala test positive aaya tha."
lab report checkup,Pathologist,Specialist Term
pathologist se report discuss karni hai,Pathologist,Specialist Term
sample test karwana hai,Pathologist,Specialist Term
lab wale doctor se baat karni hai,Pathologist,Specialist Term
lab wale daktar se baat karni hai,Pathologist,Spelling Variation of: lab wale doctor se baat karni hai
lab wale docter se baat karni hai,Pathologist,Spelling Variation of: lab wale doctor se baat karni hai
blood test report samajhni hai,Pathologist,Specialist Term
blood report,Pathologist,Keyword Phrase
lab test,Pathologist,Keyword Phrase
sample dena hai,Pathologist,Keyword Phrase
report samajhni hai,Pathologist,Keyword Phrase
culture test,Pathologist,Keyword Phrase
histopathology,Pathologist,Keyword Phrase
Mujhe apni blood test aur skin biopsy ki lab report check karwani hai.,Pathologist,Original
"Kal main blood sample deke gaya tha, uski CBC aur LFT report confirm karni hai.",Pathologist,Original
"Kal mai blood sample deke gaya tha, uski CBC aur LFT report confirm karni h.",Pathologist,"Spelling Variation of: Kal main blood sample deke gaya tha, uski CBC aur LFT report confirm karni hai."
Urine culture aur tissue biopsy ki lab investigation report collect karni hai.,Pathologist,"Variation of: Kal main blood sample deke gaya tha, uski CBC aur LFT report confirm karni hai."
Mujhe apni lab se pap smear aur tissue biopsy ki diagnosis report collect karni hai.,Pathologist,Original
Khoon jaanch wale doctor.,Pathologist,Original
Lab wale doctor.,Pathologist,Original
Report wale doctor.,Pathologist,Original
"Operation ke baad se ghutna hilana mushkil hai, exercises karni hain shayad.",Physiotherapist / Rehab,Original
"Kandha jam sa gaya hai, movement bahut kam ho gayi hai.",Physiotherapist / Rehab,Original
"Kandha jam sa gaya hai, movement bohot kam ho gayi hai.",Physiotherapist / Rehab,"Spelling Variation of: Kandha jam sa gaya hai, movement bahut kam ho gayi hai."
"Kandha jam sa gaya hai, movement bahot kam ho gayi hai.",Physiotherapist / Rehab,"Spelling Variation of: Kandha jam sa gaya hai, movement bahut kam ho gayi hai."
"Kandha jam sa gaya hai, movement kaafi kam ho gayi hai.",Physiotherapist / Rehab,"Variation of: Kandha jam sa gaya hai, movement bahut kam ho gayi hai."
Doctor ne bola tha physiotherapy karo par kaafi time se nahi ki.,Physiotherapist / Rehab,Original
daktar ne bola tha physiotherapy karo par kaafi time se nahi ki.,Physiotherapist / Rehab,Spelling Variation of: Doctor ne bola tha physiotherapy karo par kaafi time se nahi ki.
docter ne bola tha physiotherapy karo par kaafi time se nahi ki.,Physiotherapist / Rehab,Spelling Variation of: Doctor ne bola tha physiotherapy karo par kaafi time se nahi ki.
"Stroke ke baad ek side kamzor ho gayi hai, chalna practice karna hai.",Physiotherapist / Rehab,Original
"Kamar ke dard mein exercise se hi aaram milta hai, dawai se nahi.",Physiotherapist / Rehab,Original
"Kamar ke darad mein exercise se hi aaram milta hai, dawai se nahi.",Physiotherapist / Rehab,"Spelling Variation of: Kamar ke dard mein exercise se hi aaram milta hai, dawai se nahi."
"Kamar ke dard mein exercise se hi aram milta hai, dawai se nahi.",Physiotherapist / Rehab,"Spelling Variation of: Kamar ke dard mein exercise se hi aaram milta hai, dawai se nahi."
"Kamar ke takleef mein exercise se hi aaram milta hai, dawai se nahi.",Physiotherapist / Rehab,"Variation of: Kamar ke dard mein exercise se hi aaram milta hai, dawai se nahi."
Sports injury ke baad muscle strength wapas laani hai dheere dheere.,Physiotherapist / Rehab,Original
"Accident ke baad chalna phirna bhool gaye hain, dobara sikhna hai.",Physiotherapist / Rehab,Original
"Frozen shoulder hai bola doctor ne, exercises se hi thik hoga.",Physiotherapist / Rehab,Original
"Frozen shoulder hai bola daktar ne, exercises se hi thik hoga.",Physiotherapist / Rehab,"Spelling Variation of: Frozen shoulder hai bola doctor ne, exercises se hi thik hoga."
"Frozen shoulder hai bola docter ne, exercises se hi thik hoga.",Physiotherapist / Rehab,"Spelling Variation of: Frozen shoulder hai bola doctor ne, exercises se hi thik hoga."
"Paralysis ke baad ek haath bilkul kaam nahi kar raha, therapy chahiye.",Physiotherapist / Rehab,Original
"Paralysis ke baad ek haath bilkul kaam nahi kar raha, therapy chaiye.",Physiotherapist / Rehab,"Spelling Variation of: Paralysis ke baad ek haath bilkul kaam nahi kar raha, therapy chahiye."
"Paralysis ke baad ek haath bilkul kaam nahi kar raha, therapy chahye.",Physiotherapist / Rehab,"Spelling Variation of: Paralysis ke baad ek haath bilkul kaam nahi kar raha, therapy chahiye."
"Paralysis ke baad ek hand bilkul kaam nahi kar raha, therapy chahiye.",Physiotherapist / Rehab,"Variation of: Paralysis ke baad ek haath bilkul kaam nahi kar raha, therapy chahiye."
Knee replacement ke baad chalna phir se sikhna hai proper tarike se.,Physiotherapist / Rehab,Original
"Bache ko cerebral palsy hai, uski movement therapy chalti rehti hai.",Physiotherapist / Rehab,Original
"Pairo mein weakness hai polio ke baad se, exercises se improve hota hai kya.",Physiotherapist / Rehab,Original
"Pairo me weakness hai polio ke baad se, exercises se improve hota hai kya.",Physiotherapist / Rehab,"Spelling Variation of: Pairo mein weakness hai polio ke baad se, exercises se improve hota hai kya."
"legs mein weakness hai polio ke baad se, exercises se improve hota hai kya.",Physiotherapist / Rehab,"Variation of: Pairo mein weakness hai polio ke baad se, exercises se improve hota hai kya."
"Ghar par hi physiotherapy karwa sakte hain kya, aana jaana mushkil hai.",Physiotherapist / Rehab,Original
"Neck ka dard hai desk job ki wajah se, posture theek karne wali exercises chahiye.",Physiotherapist / Rehab,Original
"Neck ka darad hai desk job ki wajah se, posture theek karne wali exercises chahiye.",Physiotherapist / Rehab,"Spelling Variation of: Neck ka dard hai desk job ki wajah se, posture theek karne wali exercises chahiye."
"Neck ka dard hai desk job ki wajah se, posture theek karne wali exercises chaiye.",Physiotherapist / Rehab,"Spelling Variation of: Neck ka dard hai desk job ki wajah se, posture theek karne wali exercises chahiye."
"Neck ka takleef hai desk job ki wajah se, posture theek karne wali exercises chahiye.",Physiotherapist / Rehab,"Variation of: Neck ka dard hai desk job ki wajah se, posture theek karne wali exercises chahiye."
physiotherapist chahiye,Physiotherapist / Rehab,Specialist Term
physiotherapist chaiye,Physiotherapist / Rehab,Spelling Variation of: physiotherapist chahiye
physiotherapist chahye,Physiotherapist / Rehab,Spelling Variation of: physiotherapist chahiye
rehab specialist se milna hai,Physiotherapist / Rehab,Specialist Term
exercise therapy wale doctor,Physiotherapist / Rehab,Specialist Term
exercise therapy wale daktar,Physiotherapist / Rehab,Spelling Variation of: exercise therapy wale doctor
exercise therapy wale docter,Physiotherapist / Rehab,Spelling Variation of: exercise therapy wale doctor
physio se appointment chahiye,Physiotherapist / Rehab,Specialist Term
physio se appointment chaiye,Physiotherapist / Rehab,Spelling Variation of: physio se appointment chahiye
physio se appointment chahye,Physiotherapist / Rehab,Spelling Variation of: physio se appointment chahiye
movement therapy specialist chahiye,Physiotherapist / Rehab,Specialist Term
movement therapy specialist chaiye,Physiotherapist / Rehab,Spelling Variation of: movement therapy specialist chahiye
movement therapy specialist chahye,Physiotherapist / Rehab,Spelling Variation of: movement therapy specialist chahiye
exercise se dard theek,Physiotherapist / Rehab,Keyword Phrase
exercise se darad theek,Physiotherapist / Rehab,Spelling Variation of: exercise se dard theek
physiotherapy chahiye,Physiotherapist / Rehab,Keyword Phrase
physiotherapy chaiye,Physiotherapist / Rehab,Spelling Variation of: physiotherapy chahiye
physiotherapy chahye,Physiotherapist / Rehab,Spelling Variation of: physiotherapy chahiye
movement kam ho gaya,Physiotherapist / Rehab,Keyword Phrase
operation ke baad rehab,Physiotherapist / Rehab,Keyword Phrase
"Operation ke baad ghutne me aithan (stiffness) aa gayi hai, exercise sikhni hai.",Physiotherapist / Rehab,Original
"Kamar dard kafi purana hai, doctor ne rozana sekai aur stretching batayi hai.",Physiotherapist / Rehab,Original
"Plaster katne ke baad se haath ekdum jaam ho gaya hai, theek se mud nahi raha.",Physiotherapist / Rehab,Original
"Plaster katne ke bad se haath ekdum jam ho gya hai, theek se mud nahi raha.",Physiotherapist / Rehab,"Spelling Variation of: Plaster katne ke baad se haath ekdum jaam ho gaya hai, theek se mud nahi raha."
Cast hatne ke baad joint me bohot stiffness hai aur poori range of motion nahi mil rahi.,Physiotherapist / Rehab,"Variation of: Plaster katne ke baad se haath ekdum jaam ho gaya hai, theek se mud nahi raha."
"Baccha apni umar ke hisaab se abhi tak khud se khada nahi ho pa raha hai, exercise sikhni hai.",Physiotherapist / Rehab,Original
Lagaatar laptop par kaam karne se gardan aur kandhe poori tarah jam gaye hain (cervical pain).,Physiotherapist / Rehab,Original
"Lakwa (stroke) maarne ke baad inke pair theek se chal nahi pa rahe, rehab exercise karwani hai.",Physiotherapist / Rehab,Original
Kasrat (exercise) wale doctor.,Physiotherapist / Rehab,Original
Physiotherapy wale bhaiya/doctor.,Physiotherapist / Rehab,Original
Sekai (fomentation) wale doctor.,Physiotherapist / Rehab,Original
"Jalne ke bahut gehre nishan reh gaye hain, unhe theek karwana hai.",Plastic Surgeon,Original
"Jalne ke bohot gehre nishan reh gaye hain, unhe theek karwana hai.",Plastic Surgeon,"Spelling Variation of: Jalne ke bahut gehre nishan reh gaye hain, unhe theek karwana hai."
"Jalne ke bahot gehre nishan reh gaye hain, unhe theek karwana hai.",Plastic Surgeon,"Spelling Variation of: Jalne ke bahut gehre nishan reh gaye hain, unhe theek karwana hai."
"Jalne ke kaafi gehre nishan reh gaye hain, unhe theek karwana hai.",Plastic Surgeon,"Variation of: Jalne ke bahut gehre nishan reh gaye hain, unhe theek karwana hai."
"Accident ke baad chehre par scar reh gaya hai, surgery se theek ho sakta hai kya.",Plastic Surgeon,Original
Cosmetic surgery ke baare mein consultation chahiye.,Plastic Surgeon,Original
Cosmetic surgery ke baare mein consultation chaiye.,Plastic Surgeon,Spelling Variation of: Cosmetic surgery ke baare mein consultation chahiye.
Cosmetic surgery ke baare mein consultation chahye.,Plastic Surgeon,Spelling Variation of: Cosmetic surgery ke baare mein consultation chahiye.
Cosmetic surgery ke baare mein consultation zaroorat hai.,Plastic Surgeon,Variation of: Cosmetic surgery ke baare mein consultation chahiye.
Skin graft karwana hai jalne wali jagah par.,Plastic Surgeon,Original
"Kaan ka shape thoda alag hai janam se, surgery se theek ho sakta hai kya.",Plastic Surgeon,Original
"Kaan ka shape thora alag hai janam se, surgery se theek ho sakta hai kya.",Plastic Surgeon,"Spelling Variation of: Kaan ka shape thoda alag hai janam se, surgery se theek ho sakta hai kya."
Mastectomy ke baad reconstruction ke baare mein baat karni hai.,Plastic Surgeon,Original
Mastectomy ke baad reconstruction ke baare me baat karni hai.,Plastic Surgeon,Spelling Variation of: Mastectomy ke baad reconstruction ke baare mein baat karni hai.
"Haath ki ungli kat gayi thi accident mein, usse theek karwana hai.",Plastic Surgeon,Original
"Haath ki ungli kat gayi thi accident me, usse theek karwana hai.",Plastic Surgeon,"Spelling Variation of: Haath ki ungli kat gayi thi accident mein, usse theek karwana hai."
"hand ki ungli kat gayi thi accident mein, usse theek karwana hai.",Plastic Surgeon,"Variation of: Haath ki ungli kat gayi thi accident mein, usse theek karwana hai."
"Nose ka shape thoda change karwana hai, cosmetic reasons se.",Plastic Surgeon,Original
"Nose ka shape thora change karwana hai, cosmetic reasons se.",Plastic Surgeon,"Spelling Variation of: Nose ka shape thoda change karwana hai, cosmetic reasons se."
"Dog bite ke baad chehre par gehra ghaav hai, plastic surgery se theek hoga kya.",Plastic Surgeon,Original
"Weight loss surgery ke baad skin loose ho gayi hai, tighten karwani hai.",Plastic Surgeon,Original
plastic surgeon ko dikhana hai,Plastic Surgeon,Specialist Term
cosmetic surgery specialist chahiye,Plastic Surgeon,Specialist Term
cosmetic surgery specialist chaiye,Plastic Surgeon,Spelling Variation of: cosmetic surgery specialist chahiye
cosmetic surgery specialist chahye,Plastic Surgeon,Spelling Variation of: cosmetic surgery specialist chahiye
reconstruction surgery ke baare mein baat karni hai,Plastic Surgeon,Specialist Term
reconstruction surgery ke baare me baat karni hai,Plastic Surgeon,Spelling Variation of: reconstruction surgery ke baare mein baat karni hai
skin graft specialist chahiye,Plastic Surgeon,Specialist Term
skin graft specialist chaiye,Plastic Surgeon,Spelling Variation of: skin graft specialist chahiye
skin graft specialist chahye,Plastic Surgeon,Spelling Variation of: skin graft specialist chahiye
jalne ke nishan,Plastic Surgeon,Keyword Phrase
cosmetic surgery,Plastic Surgeon,Keyword Phrase
chehre ki surgery,Plastic Surgeon,Keyword Phrase
scar hatana,Plastic Surgeon,Keyword Phrase
"Jalne (burn) ki wajah se chehre ki skin kharab ho gayi hai, reconstructive surgery karwani hai.",Plastic Surgeon,Original
"Aag me jalne ki wajah se haath ki skin buri tarah suhad gayi hai, grafting karwani hai.",Plastic Surgeon,Original
"Aag me jalne ki wajah se hath ki skin buri tarah suhad gayi hai, grafting karwani hai.",Plastic Surgeon,"Spelling Variation of: Aag me jalne ki wajah se haath ki skin buri tarah suhad gayi hai, grafting karwani hai."
Chehre par chot ke gehre nishan (scars) reh gaye hain jiske liye cosmetic theek karwana hai.,Plastic Surgeon,"Variation of: Aag me jalne ki wajah se haath ki skin buri tarah suhad gayi hai, grafting karwani hai."
Bacche ka upar ka honth (cleft lip) aur talwa paidaishi kata hua hai jiska operation hona hai.,Plastic Surgeon,Original
Accident ke baad chehre par bohot kharab mota nishan (keloid scar) ban gaya hai jise theek karwana hai.,Plastic Surgeon,Original
Bistar par lambe time se lete rehne ki wajah se kamar ke peeche bohot gehra ghaav (bed sore) ho gaya hai.,Plastic Surgeon,Original
Plastic surgery wale doctor.,Plastic Surgeon,Original
Jalne-katne ke nishan theek karne wale doctor.,Plastic Surgeon,Original
"Aajkal mann bahut udaas rehta hai, kisi kaam mein mann nahi lagta.",Psychiatrist,Original
"Aajkal mann bohot udaas rehta hai, kisi kaam mein mann nahi lagta.",Psychiatrist,"Spelling Variation of: Aajkal mann bahut udaas rehta hai, kisi kaam mein mann nahi lagta."
"Aajkal mann bahot udaas rehta hai, kisi kaam mein mann nahi lagta.",Psychiatrist,"Spelling Variation of: Aajkal mann bahut udaas rehta hai, kisi kaam mein mann nahi lagta."
"Aajkal mann kaafi udaas rehta hai, kisi kaam mein mann nahi lagta.",Psychiatrist,"Variation of: Aajkal mann bahut udaas rehta hai, kisi kaam mein mann nahi lagta."
"Raaton ko neend hi nahi aati, dimaag mein bohot vichar chalte rehte hain.",Psychiatrist,Original
"Raaton ko neend hi nahin aati, dimaag mein bohot vichar chalte rehte hain.",Psychiatrist,"Spelling Variation of: Raaton ko neend hi nahi aati, dimaag mein bohot vichar chalte rehte hain."
"Raaton ko neend hi nhi aati, dimaag mein bohot vichar chalte rehte hain.",Psychiatrist,"Spelling Variation of: Raaton ko neend hi nahi aati, dimaag mein bohot vichar chalte rehte hain."
"Bahut zyada ghabrahat hoti hai bina kisi wajah ke, dil tez chalne lagta hai achanak.",Psychiatrist,Original
"bohot zyada ghabrahat hoti hai bina kisi wajah ke, dil tez chalne lagta hai achanak.",Psychiatrist,"Spelling Variation of: Bahut zyada ghabrahat hoti hai bina kisi wajah ke, dil tez chalne lagta hai achanak."
"bahot zyada ghabrahat hoti hai bina kisi wajah ke, dil tez chalne lagta hai achanak.",Psychiatrist,"Spelling Variation of: Bahut zyada ghabrahat hoti hai bina kisi wajah ke, dil tez chalne lagta hai achanak."
"kaafi zyada ghabrahat hoti hai bina kisi wajah ke, dil tez chalne lagta hai achanak.",Psychiatrist,"Variation of: Bahut zyada ghabrahat hoti hai bina kisi wajah ke, dil tez chalne lagta hai achanak."
"Kisi se baat karne ka mann nahi karta, akela rehna acha lagta hai.",Psychiatrist,Original
"Kisi se baat karne ka mann nahin karta, akela rehna acha lagta hai.",Psychiatrist,"Spelling Variation of: Kisi se baat karne ka mann nahi karta, akela rehna acha lagta hai."
"Kisi se baat karne ka mann nhi karta, akela rehna acha lagta hai.",Psychiatrist,"Spelling Variation of: Kisi se baat karne ka mann nahi karta, akela rehna acha lagta hai."
Chhoti chhoti baaton par bahut gussa aa jata hai aajkal.,Psychiatrist,Original
Chhoti chhoti baaton par bohot gussa aa jata hai aajkal.,Psychiatrist,Spelling Variation of: Chhoti chhoti baaton par bahut gussa aa jata hai aajkal.
Chhoti chhoti baaton par bahot gussa aa jata hai aajkal.,Psychiatrist,Spelling Variation of: Chhoti chhoti baaton par bahut gussa aa jata hai aajkal.
Chhoti chhoti baaton par kaafi gussa aa jata hai aajkal.,Psychiatrist,Variation of: Chhoti chhoti baaton par bahut gussa aa jata hai aajkal.
Bhookh bilkul nahi lagti aur weight bhi kam ho gaya hai stress se.,Psychiatrist,Original
Bhookh bilkul nahin lagti aur weight bhi kam ho gaya hai stress se.,Psychiatrist,Spelling Variation of: Bhookh bilkul nahi lagti aur weight bhi kam ho gaya hai stress se.
Bhookh bilkul nhi lagti aur weight bhi kam ho gaya hai stress se.,Psychiatrist,Spelling Variation of: Bhookh bilkul nahi lagti aur weight bhi kam ho gaya hai stress se.
Mind mein baar baar wahi negative khayal ghoomte rehte hain.,Psychiatrist,Original
Mind me baar baar wahi negative khayal ghoomte rehte hain.,Psychiatrist,Spelling Variation of: Mind mein baar baar wahi negative khayal ghoomte rehte hain.
Office ke stress ki wajah se panic attacks aane lage hain.,Psychiatrist,Original
"Kabhi bahut high energy feel hoti hai, kabhi ekdum down ho jaata hoon.",Psychiatrist,Original
"Kabhi bohot high energy feel hoti hai, kabhi ekdum down ho jaata hoon.",Psychiatrist,"Spelling Variation of: Kabhi bahut high energy feel hoti hai, kabhi ekdum down ho jaata hoon."
"Kabhi bahot high energy feel hoti hai, kabhi ekdum down ho jaata hoon.",Psychiatrist,"Spelling Variation of: Kabhi bahut high energy feel hoti hai, kabhi ekdum down ho jaata hoon."
"Kabhi kaafi high energy feel hoti hai, kabhi ekdum down ho jaata hoon.",Psychiatrist,"Variation of: Kabhi bahut high energy feel hoti hai, kabhi ekdum down ho jaata hoon."
"Kisi cheez mein interest nahi bacha, hamesha thaka thaka lagta hai mentally.",Psychiatrist,Original
"Kisi cheez mein interest nahin bacha, hamesha thaka thaka lagta hai mentally.",Psychiatrist,"Spelling Variation of: Kisi cheez mein interest nahi bacha, hamesha thaka thaka lagta hai mentally."
"Kisi cheez mein interest nhi bacha, hamesha thaka thaka lagta hai mentally.",Psychiatrist,"Spelling Variation of: Kisi cheez mein interest nahi bacha, hamesha thaka thaka lagta hai mentally."
mental health doctor chahiye,Psychiatrist,Specialist Term
mental health daktar chahiye,Psychiatrist,Spelling Variation of: mental health doctor chahiye
mental health docter chahiye,Psychiatrist,Spelling Variation of: mental health doctor chahiye
psychiatrist se milna hai,Psychiatrist,Specialist Term
dimaagi doctor,Psychiatrist,Specialist Term
dimaagi daktar,Psychiatrist,Spelling Variation of: dimaagi doctor
dimaagi docter,Psychiatrist,Spelling Variation of: dimaagi doctor
counselor ya therapist chahiye,Psychiatrist,Specialist Term
counselor ya therapist chaiye,Psychiatrist,Spelling Variation of: counselor ya therapist chahiye
counselor ya therapist chahye,Psychiatrist,Spelling Variation of: counselor ya therapist chahiye
mansik rog ka doctor,Psychiatrist,Specialist Term
mansik rog ka daktar,Psychiatrist,Spelling Variation of: mansik rog ka doctor
mansik rog ka docter,Psychiatrist,Spelling Variation of: mansik rog ka doctor
mood off rehta hai,Psychiatrist,Keyword Phrase
neend nahi aati,Psychiatrist,Keyword Phrase
neend nahin aati,Psychiatrist,Spelling Variation of: neend nahi aati
neend nhi aati,Psychiatrist,Spelling Variation of: neend nahi aati
anxiety,Psychiatrist,Keyword Phrase
akela mehsoos hota hai,Psychiatrist,Keyword Phrase
negative thoughts,Psychiatrist,Keyword Phrase
depression jaisa lagta hai,Psychiatrist,Keyword Phrase
bahut tension rehti hai,Psychiatrist,Original
Bheed mein jaane se dar lagta hai,Psychiatrist,Original
Bhid mein jaane se dar lagta hai,Psychiatrist,Spelling Variation of: Bheed mein jaane se dar lagta hai
Bina baat ke ghabrahat hoti hai aur dil baithne lagta hai.,Psychiatrist,Original
"Bina kisi wajah ke anxiety ho jaati hai, dil dubta-sa lagta hai.",Psychiatrist,Variation of: Bina baat ke ghabrahat hoti hai aur dil baithne lagta hai.
bohot tension rehti hai,Psychiatrist,Spelling Variation of: bahut tension rehti hai
Cheez chhodna chahta hoon lekin baar baar craving hoti hai,Psychiatrist,Original
Cheez chhodna chahta hoon lekin baar baar kreving hoti hai,Psychiatrist,Spelling Variation of: Cheez chhodna chahta hoon lekin baar baar craving hoti hai
Chhoti chhoti baaton par bahut zyada react karta hoon,Psychiatrist,Original
Chhoti chhoti baaton par bohot zyada react karta hoon,Psychiatrist,Spelling Variation of: Chhoti chhoti baaton par bahut zyada react karta hoon
Concentration nahi ho pa raha,Psychiatrist,New Suggestion
Counsellor,Psychiatrist,Specialist Term
Counselor,Psychiatrist,Spelling Variation of: Counsellor
Crowded jagah par jaane se anxiety hoti hai,Psychiatrist,Variation of: Bheed mein jaane se dar lagta hai
Dil ghabrata hai bina wajah,Psychiatrist,New Suggestion
Dimagi doctor,Psychiatrist,Spelling Variation of: Dimaagi doctor
gussa bahut aata hai,Psychiatrist,Original
gussa bohot aata hai,Psychiatrist,Spelling Variation of: gussa bahut aata hai
Har raat sleep aane mein hours lag jaate hain,Psychiatrist,Variation of: Neend aane mein ghante lag jaate hain roz
irritation bahut hoti hai,Psychiatrist,Variation of: gussa bahut aata hai
irritation bohot hoti hai,Psychiatrist,Spelling Variation of: irritation bahut hoti hai
isolated feel hota hai,Psychiatrist,Variation of: akela mehsoos hota hai
Kabhee kabhee lagta hai jaise sab kuch dream jaisa hai,Psychiatrist,Spelling Variation of: Kabhi kabhi lagta hai jaise sab kuch dream jaisa hai
Kabhi bahut energetic mehsoos karta hoon kabhi bilkul low,Psychiatrist,Original
Kabhi bohot energetic mehsoos karta hoon kabhi bilkul low,Psychiatrist,Spelling Variation of: Kabhi bahut energetic mehsoos karta hoon kabhi bilkul low
Kabhi kabhi ek unreal feeling hoti hai jaise sab kuch sapna ho,Psychiatrist,Variation of: Kabhi kabhi lagta hai jaise sab kuch dream jaisa hai
Kabhi kabhi lagta hai jaise sab kuch dream jaisa hai,Psychiatrist,Original
"Khud ko baar baar cheak karna padta hai, satisfaction nahi milta",Psychiatrist,"Spelling Variation of: Khud ko baar baar check karna padta hai, satisfaction nahi milta"
"Khud ko baar baar check karna padta hai, satisfaction nahi milta",Psychiatrist,Original
"Kisi bhi kaam me mann nahi lagta, har waqt udaasi aur akelepan ka ehsaas hota hai.",Psychiatrist,Original
"Kisi kaam me interest nahi rehta, humesha akela aur udaas mehsoos hota hai.",Psychiatrist,"Variation of: Kisi bhi kaam me mann nahi lagta, har waqt udaasi aur akelepan ka ehsaas hota hai."
Man ka doctor,Psychiatrist,Spelling Variation of: Mann ka doctor
Mann ka docter,Psychiatrist,Spelling Variation of: Mann ka doctor
Mann ka doctor,Psychiatrist,Specialist Term
mann udaas rehta hai,Psychiatrist,Original
Mental health daktar,Psychiatrist,Spelling Variation of: Mental health doctor
Mental health docter,Psychiatrist,Spelling Variation of: Mental health doctor
Mental health doctor,Psychiatrist,Specialist Term
mood baar baar badalta hai,Psychiatrist,Variation of: mood swings ho rahe hain
mood down rehta hai,Psychiatrist,Variation of: mann udaas rehta hai
"Mood swings extreme hote hain, kabhi high energy kabhi bilkul down",Psychiatrist,Variation of: Kabhi bahut energetic mehsoos karta hoon kabhi bilkul low
mood swings ho rahe hain,Psychiatrist,Original
Neend aane mein ghante lag jaate hain roj,Psychiatrist,Spelling Variation of: Neend aane mein ghante lag jaate hain roz
Neend aane mein ghante lag jaate hain roz,Psychiatrist,Original
nind nahi aati,Psychiatrist,Spelling Variation of: neend nahi aati
Panic attacks aate hain,Psychiatrist,New Suggestion
"Poori raat neend nahi aati, dimaag me ulte-seedhe khayal ghoomte rehte hain.",Psychiatrist,"Variation of: Raat bhar neend nahi aati, dimaag me har waqt negative thoughts chalte hain."
"Poori raat nind nahi aati, dimaag me ulte-seedhe khayal ghoomte rehte hain.",Psychiatrist,"Spelling Variation of: Poori raat neend nahi aati, dimaag me ulte-seedhe khayal ghoomte rehte hain."
Quit karna chahta hoon lekin repeatedly urge hoti hai,Psychiatrist,Variation of: Cheez chhodna chahta hoon lekin baar baar craving hoti hai
"Raat bhar neend nahi aati, dimaag me har waqt negative thoughts chalte hain.",Psychiatrist,Original
"Raat bhar nind nahi aati, dimaag me har waqt negative thoughts chalte hain.",Psychiatrist,"Spelling Variation of: Raat bhar neend nahi aati, dimaag me har waqt negative thoughts chalte hain."
raaton ko neend nahi aati,Psychiatrist,Variation of: neend nahi aati
raaton ko nind nahi aati,Psychiatrist,Spelling Variation of: raaton ko neend nahi aati
"Repeatedly khud ko verify karna padta hai, mann nahi bharta",Psychiatrist,"Variation of: Khud ko baar baar check karna padta hai, satisfaction nahi milta"
Small small cheezon par overreact ho jaata hoon,Psychiatrist,Variation of: Chhoti chhoti baaton par bahut zyada react karta hoon
stress bahut rehta hai,Psychiatrist,Variation of: bahut tension rehti hai
stress bohot rehta hai,Psychiatrist,Spelling Variation of: stress bahut rehta hai
Raat ko neend nahi aati aur dimaag me ajeeb se negative khayal aate hain.,Psychiatrist,Original
Bina kisi baat ke ghabrahat (anxiety) hoti hai aur rone ka mann karta hai.,Psychiatrist,Original
"Baccha ek jagah tik ke nahi baithta, padhai me dhyan nahi lagata aur tod-phod bohot karta hai (ADHD).",Psychiatrist,Original
"Achanak se bohot ghabrahat hoti hai, dil dhadakta hai lagta hai jaise heart attack aa jayega (Panic).",Psychiatrist,Original
"Dadi ajeeb ajeeb baatein karti hain, logo par shaq karti hain aur raat me ghar se bahar nikal jati hain.",Psychiatrist,Original
Dimaagi doctor.,Psychiatrist,Original
Tension aur ghabrahat wale doctor.,Psychiatrist,Original
Neend aur neelam (psychiatric) wale doctor.,Psychiatrist,Original
"Kaafi hafton se khansi lagatar bani hui hai, jaati hi nahi.",Pulmonologist (Chest/Lungs),Original
"Kaafi hafton se khansi lagatar bani hui hai, jaati hi nahin.",Pulmonologist (Chest/Lungs),"Spelling Variation of: Kaafi hafton se khansi lagatar bani hui hai, jaati hi nahi."
"Kaafi hafton se khansi lagatar bani hui hai, jaati hi nhi.",Pulmonologist (Chest/Lungs),"Spelling Variation of: Kaafi hafton se khansi lagatar bani hui hai, jaati hi nahi."
"Kaafi hafton se cough lagatar bani hui hai, jaati hi nahi.",Pulmonologist (Chest/Lungs),"Variation of: Kaafi hafton se khansi lagatar bani hui hai, jaati hi nahi."
"Saans lene mein bahut dikkat hoti hai, seeti jaisi awaaz bhi aati hai.",Pulmonologist (Chest/Lungs),Original
"Saans lene mein bohot dikkat hoti hai, seeti jaisi awaaz bhi aati hai.",Pulmonologist (Chest/Lungs),"Spelling Variation of: Saans lene mein bahut dikkat hoti hai, seeti jaisi awaaz bhi aati hai."
"Saans lene mein bahot dikkat hoti hai, seeti jaisi awaaz bhi aati hai.",Pulmonologist (Chest/Lungs),"Spelling Variation of: Saans lene mein bahut dikkat hoti hai, seeti jaisi awaaz bhi aati hai."
"Saans lene mein kaafi dikkat hoti hai, seeti jaisi awaaz bhi aati hai.",Pulmonologist (Chest/Lungs),"Variation of: Saans lene mein bahut dikkat hoti hai, seeti jaisi awaaz bhi aati hai."
"Asthma ka attack aane wala lagta hai, chest tight ho gaya hai.",Pulmonologist (Chest/Lungs),Original
Khansi ke saath khoon bhi aa raha hai thoda thoda.,Pulmonologist (Chest/Lungs),Original
Khansi ke saath khoon bhi aa rha hai thoda thoda.,Pulmonologist (Chest/Lungs),Spelling Variation of: Khansi ke saath khoon bhi aa raha hai thoda thoda.
khaansi ke saath khoon bhi aa raha hai thoda thoda.,Pulmonologist (Chest/Lungs),Spelling Variation of: Khansi ke saath khoon bhi aa raha hai thoda thoda.
cough ke saath khoon bhi aa raha hai thoda thoda.,Pulmonologist (Chest/Lungs),Variation of: Khansi ke saath khoon bhi aa raha hai thoda thoda.
Raat ko sote waqt saans phool jaati hai achanak.,Pulmonologist (Chest/Lungs),Original
"Chest mein bahut congestion feel hota hai, balgam nikal nahi raha.",Pulmonologist (Chest/Lungs),Original
"Chest mein bohot congestion feel hota hai, balgam nikal nahi raha.",Pulmonologist (Chest/Lungs),"Spelling Variation of: Chest mein bahut congestion feel hota hai, balgam nikal nahi raha."
"Chest mein bahot congestion feel hota hai, balgam nikal nahi raha.",Pulmonologist (Chest/Lungs),"Spelling Variation of: Chest mein bahut congestion feel hota hai, balgam nikal nahi raha."
"Chest mein kaafi congestion feel hota hai, balgam nikal nahi raha.",Pulmonologist (Chest/Lungs),"Variation of: Chest mein bahut congestion feel hota hai, balgam nikal nahi raha."
Thodi si mehnat mein hi saans phool jaati hai kaafi dino se.,Pulmonologist (Chest/Lungs),Original
Thodi si mehnat me hi saans phool jaati hai kaafi dino se.,Pulmonologist (Chest/Lungs),Spelling Variation of: Thodi si mehnat mein hi saans phool jaati hai kaafi dino se.
"TB ka doubt hai, weight bhi kam ho raha hai aur raat ko paseena aata hai.",Pulmonologist (Chest/Lungs),Original
"TB ka doubt hai, weight bhi kam ho rha hai aur raat ko paseena aata hai.",Pulmonologist (Chest/Lungs),"Spelling Variation of: TB ka doubt hai, weight bhi kam ho raha hai aur raat ko paseena aata hai."
chest specialist chahiye,Pulmonologist (Chest/Lungs),Specialist Term
chest specialist chaiye,Pulmonologist (Chest/Lungs),Spelling Variation of: chest specialist chahiye
chest specialist chahye,Pulmonologist (Chest/Lungs),Spelling Variation of: chest specialist chahiye
lungs ka doctor dikhana hai,Pulmonologist (Chest/Lungs),Specialist Term
lungs ka daktar dikhana hai,Pulmonologist (Chest/Lungs),Spelling Variation of: lungs ka doctor dikhana hai
lungs ka docter dikhana hai,Pulmonologist (Chest/Lungs),Spelling Variation of: lungs ka doctor dikhana hai
pulmonologist se milna hai,Pulmonologist (Chest/Lungs),Specialist Term
saans ka doctor,Pulmonologist (Chest/Lungs),Specialist Term
saans ka daktar,Pulmonologist (Chest/Lungs),Spelling Variation of: saans ka doctor
saans ka docter,Pulmonologist (Chest/Lungs),Spelling Variation of: saans ka doctor
saans lene mein dikkat,Pulmonologist (Chest/Lungs),Keyword Phrase
saans lene me dikkat,Pulmonologist (Chest/Lungs),Spelling Variation of: saans lene mein dikkat
khansi lagatar,Pulmonologist (Chest/Lungs),Keyword Phrase
khaansi lagatar,Pulmonologist (Chest/Lungs),Spelling Variation of: khansi lagatar
asthma,Pulmonologist (Chest/Lungs),Keyword Phrase
chest congestion,Pulmonologist (Chest/Lungs),Keyword Phrase
wheezing,Pulmonologist (Chest/Lungs),Keyword Phrase
TB ka doubt,Pulmonologist (Chest/Lungs),Keyword Phrase
Aawaz mein ghar-ghar jaisi aawaz aati hai sans lete waqt,Pulmonologist (Chest/Lungs),Spelling Variation of: Awaaz mein ghar-ghar jaisi awaaz aati hai saans lete waqt
Asthma ki wajah se seenay me jakadan mehsoos hoti hai.,Pulmonologist (Chest/Lungs),Spelling Variation of: Asthma ki wajah se seene me jakadan mehsoos hoti hai.
Asthma ki wajah se seene me jakadan mehsoos hoti hai.,Pulmonologist (Chest/Lungs),Original
Awaaz badal gayi hai aur saans lene mein takleef hoti hai.,Pulmonologist (Chest/Lungs),Original
Awaaz badal gayi hai aur sans lene mein takleef hoti hai.,Pulmonologist (Chest/Lungs),Spelling Variation of: Awaaz badal gayi hai aur saans lene mein takleef hoti hai.
Awaaz baithi hui hai aur saans phoolti hai.,Pulmonologist (Chest/Lungs),Variation of: Awaaz badal gayi hai aur saans lene mein takleef hoti hai.
Awaaz baithi hui hai aur sans phoolti hai.,Pulmonologist (Chest/Lungs),Spelling Variation of: Awaaz baithi hui hai aur saans phoolti hai.
Awaaz mein ghar-ghar jaisi awaaz aati hai saans lete waqt,Pulmonologist (Chest/Lungs),Original
Bahut zyada khansi aati hai aur balgam bhi nikalta hai.,Pulmonologist (Chest/Lungs),Original
Bohot jyada khaansi aati hai aur balgam bhi nikalta hai.,Pulmonologist (Chest/Lungs),Spelling Variation of: Bahut zyada khansi aati hai aur balgam bhi nikalta hai.
Breathing ke waqt wheezing sound sunayi deti hai,Pulmonologist (Chest/Lungs),Variation of: Awaaz mein ghar-ghar jaisi awaaz aati hai saans lete waqt
Chest ka doctor,Pulmonologist (Chest/Lungs),Spelling Variation of: Chest specialist
"Chest mein darad mehsoos hota hai, sir bhi bhaari lagta hai.",Pulmonologist (Chest/Lungs),"Spelling Variation of: Chest mein dard mehsoos hota hai, sar bhi bhaari lagta hai."
"Chest mein dard mehsoos hota hai, sar bhi bhaari lagta hai.",Pulmonologist (Chest/Lungs),Variation of: Seene mein dard hai aur sar bhi dukh raha hai.
Chest specialist,Pulmonologist (Chest/Lungs),Specialist Term
Cold weather mein seena jakad jata hai,Pulmonologist (Chest/Lungs),Original
Cold weather mein sina jakad jata hai,Pulmonologist (Chest/Lungs),Spelling Variation of: Cold weather mein seena jakad jata hai
High fever ke saath chest pain aur breathlessness hoti hai,Pulmonologist (Chest/Lungs),Variation of: Tez bukhar ke saath seene mein dard aur saans phoolna
Kaafi weeks se khansi hai jisme khoon bhi aata hai kabhi kabhi,Pulmonologist (Chest/Lungs),Original
Kafi hafton se continuous khaansi hai jo theek nahi ho rahi.,Pulmonologist (Chest/Lungs),Spelling Variation of: Kafi hafton se continuous khansi hai jo theek nahi ho rahi.
Kafi hafton se continuous khansi hai jo theek nahi ho rahi.,Pulmonologist (Chest/Lungs),Original
Kafi weeks se khansi hai jisme khun bhi aata hai kabhi kabhi,Pulmonologist (Chest/Lungs),Spelling Variation of: Kaafi weeks se khansi hai jisme khoon bhi aata hai kabhi kabhi
Khaansi badhti ja rahi hai aur gale mein soojan hai.,Pulmonologist (Chest/Lungs),Spelling Variation of: Khansi badhti ja rahi hai aur gale mein soojan hai.
"Khaansi hafton se lagi hui hai, kisi dawa se theek nahi ho rahi.",Pulmonologist (Chest/Lungs),"Spelling Variation of: Khansi hafton se lagi hui hai, kisi dawa se theek nahi ho rahi."
"Khaansi kam nahi ho rahi, gaala bhi sooja hua lagta hai.",Pulmonologist (Chest/Lungs),"Spelling Variation of: Khansi kam nahi ho rahi, gala bhi sooja hua lagta hai."
Khaansi ke saath kaafi mucus/balgam bahar aata hai.,Pulmonologist (Chest/Lungs),Spelling Variation of: Khansi ke saath kaafi mucus/balgam bahar aata hai.
Khansi badhti ja rahi hai aur gale mein soojan hai.,Pulmonologist (Chest/Lungs),Original
"Khansi hafton se lagi hui hai, kisi dawa se theek nahi ho rahi.",Pulmonologist (Chest/Lungs),Variation of: Kafi hafton se continuous khansi hai jo theek nahi ho rahi.
"Khansi kam nahi ho rahi, gala bhi sooja hua lagta hai.",Pulmonologist (Chest/Lungs),Variation of: Khansi badhti ja rahi hai aur gale mein soojan hai.
Khansi ke saath kaafi mucus/balgam bahar aata hai.,Pulmonologist (Chest/Lungs),Variation of: Bahut zyada khansi aati hai aur balgam bhi nikalta hai.
Lung specialist,Pulmonologist (Chest/Lungs),Specialist Term
Lungs ka doctor,Pulmonologist (Chest/Lungs),Spelling Variation of: Lung specialist
Lying down par breathing mein dikkat hoti hai raat ko,Pulmonologist (Chest/Lungs),Variation of: Raat ko lait kar saans lena mushkil hota hai
Phepdo ka doctor,Pulmonologist (Chest/Lungs),Spelling Variation of: Phephdo ka doctor
Phephdo ka docter,Pulmonologist (Chest/Lungs),Spelling Variation of: Phephdo ka doctor
Phephdo ka doctor,Pulmonologist (Chest/Lungs),Specialist Term
Raat ko lait kar saans lena mushkil hota hai,Pulmonologist (Chest/Lungs),Original
Raat ko lait kar sans lena mushkil hota hai,Pulmonologist (Chest/Lungs),Spelling Variation of: Raat ko lait kar saans lena mushkil hota hai
Saans lene mein takleef ho rahi hai,Pulmonologist (Chest/Lungs),New Suggestion
Saans lete waqt cheez-cheez ki awaaz aati hai chest se.,Pulmonologist (Chest/Lungs),Variation of: Saas lete waqt seene se seeti jaisi aawaz aati hai.
Saas lete waqt seenay se seeti jaisi aawaz aati hai.,Pulmonologist (Chest/Lungs),Spelling Variation of: Saas lete waqt seene se seeti jaisi aawaz aati hai.
Saas lete waqt seene se seeti jaisi aawaz aati hai.,Pulmonologist (Chest/Lungs),Original
Sans ka docter,Pulmonologist (Chest/Lungs),Spelling Variation of: Saans ka doctor
Sans lene mein takleef ho rahi hai,Pulmonologist (Chest/Lungs),Spelling Variation of: Saans lene mein takleef ho rahi hai
Sans lete waqt cheez-cheez ki awaaz aati hai chest se.,Pulmonologist (Chest/Lungs),Spelling Variation of: Saans lete waqt cheez-cheez ki awaaz aati hai chest se.
"Seena bahut tight lagta hai, saans lena bhaari mehsoos hota hai.",Pulmonologist (Chest/Lungs),Variation of: Asthma ki wajah se seene me jakadan mehsoos hoti hai.
"Seena bohot tight lagta hai, sans lena bhaari mehsoos hota hai.",Pulmonologist (Chest/Lungs),"Spelling Variation of: Seena bahut tight lagta hai, saans lena bhaari mehsoos hota hai."
Seenay mein darad hai aur sir bhi dukh raha hai.,Pulmonologist (Chest/Lungs),Spelling Variation of: Seene mein dard hai aur sar bhi dukh raha hai.
Seene mein dard hai aur sar bhi dukh raha hai.,Pulmonologist (Chest/Lungs),Original
Several weeks se persistent cough hai jisme occasionally blood bhi aata hai,Pulmonologist (Chest/Lungs),Variation of: Kaafi weeks se khansi hai jisme khoon bhi aata hai kabhi kabhi
"Sleep ke dauran breathing temporarily ruk jaati hai, morning mein fatigue hoti hai",Pulmonologist (Chest/Lungs),"Variation of: Sote waqt saans ruk jaati hai, subah thakaan lagti hai"
Slight dust exposure se bhi coughing start ho jaati hai,Pulmonologist (Chest/Lungs),Variation of: Thodi si dhool se bhi khansi shuru ho jaati hai
"Sote waqt saans ruk jaati hai, subah thakaan lagti hai",Pulmonologist (Chest/Lungs),Original
"Sote waqt sans ruk jaati hai, subah thakan lagti hai",Pulmonologist (Chest/Lungs),"Spelling Variation of: Sote waqt saans ruk jaati hai, subah thakaan lagti hai"
Tez bukhar ke saath seene mein darad aur sans phoolna,Pulmonologist (Chest/Lungs),Spelling Variation of: Tez bukhar ke saath seene mein dard aur saans phoolna
Tez bukhar ke saath seene mein dard aur saans phoolna,Pulmonologist (Chest/Lungs),Original
Thand ke mausam mein chest tight ho jaata hai,Pulmonologist (Chest/Lungs),Variation of: Cold weather mein seena jakad jata hai
Thodi si dhool se bhi khansi shuru ho jaati hai,Pulmonologist (Chest/Lungs),Original
Thodi si dhul se bhi khansi shuru ho jaati hai,Pulmonologist (Chest/Lungs),Spelling Variation of: Thodi si dhool se bhi khansi shuru ho jaati hai
Kafi dino se khansi theek nahi ho rahi aur chalne par saans phool rahi hai.,Pulmonologist (Chest/Lungs),Original
Asthma ki wajah se seene me jakdan hai aur seeti jaisi aawaz aati hai.,Pulmonologist (Chest/Lungs),Original
Saans lene mein seeti jaisi awaz aati hai aur chhati jam gayi hai.,Pulmonologist (Chest/Lungs),Original
Sans lene me seeti jaisi aawaz aati hai aur chhati jam gayi hai.,Pulmonologist (Chest/Lungs),Spelling Variation of: Saans lene mein seeti jaisi awaz aati hai aur chhati jam gayi hai.
Saans khinchte waqt whistle jaisi aawaz aati hai aur chest bhari lagta hai.,Pulmonologist (Chest/Lungs),Variation of: Saans lene mein seeti jaisi awaz aati hai aur chhati jam gayi hai.
Bacche ko lagatar khansi rehti hai aur uske pasine me bohot namak (salty skin) aata hai.,Pulmonologist (Chest/Lungs),Original
Dhool-mitti ya factory me kaam karne se saans bohot phoolti hai aur seene me jakdan hoti hai.,Pulmonologist (Chest/Lungs),Original
Beedi-cigarette peene ki wajah se seene me bohot ghad-ghad awaz aur din bhar balgam (phlegm) aata hai.,Pulmonologist (Chest/Lungs),Original
Seene wale doctor.,Pulmonologist (Chest/Lungs),Original
Saans aur dama (asthma) wale doctor.,Pulmonologist (Chest/Lungs),Original
T.B. aur fefde wale doctor.,Pulmonologist (Chest/Lungs),Original
"Doctor ne MRI karwane ko bola hai, kahan achi facility milegi.",Radiologist,Original
"daktar ne MRI karwane ko bola hai, kahan achi facility milegi.",Radiologist,"Spelling Variation of: Doctor ne MRI karwane ko bola hai, kahan achi facility milegi."
"docter ne MRI karwane ko bola hai, kahan achi facility milegi.",Radiologist,"Spelling Variation of: Doctor ne MRI karwane ko bola hai, kahan achi facility milegi."
"Haath mein fracture lag raha hai, X-ray karwana hai turant.",Radiologist,Original
"Haath me fracture lag raha hai, X-ray karwana hai turant.",Radiologist,"Spelling Variation of: Haath mein fracture lag raha hai, X-ray karwana hai turant."
"Haath mein fracture lag rha hai, X-ray karwana hai turant.",Radiologist,"Spelling Variation of: Haath mein fracture lag raha hai, X-ray karwana hai turant."
"hand mein fracture lag raha hai, X-ray karwana hai turant.",Radiologist,"Variation of: Haath mein fracture lag raha hai, X-ray karwana hai turant."
Pregnancy ka sonography karwana hai is mahine ka.,Radiologist,Original
"CT scan ki report samajhni hai, kya nikla hai usme.",Radiologist,Original
"Ultrasound mein kuch clear nahi dikha, dobara karwana padega kya.",Radiologist,Original
"Ultrasound mein kuch clear nahin dikha, dobara karwana padega kya.",Radiologist,"Spelling Variation of: Ultrasound mein kuch clear nahi dikha, dobara karwana padega kya."
"Ultrasound mein kuch clear nhi dikha, dobara karwana padega kya.",Radiologist,"Spelling Variation of: Ultrasound mein kuch clear nahi dikha, dobara karwana padega kya."
Mammography karwani hai routine checkup ke liye.,Radiologist,Original
"Doppler test karwana hai pairo ki naso ka, doctor ne bola hai.",Radiologist,Original
"Doppler test karwana hai pairo ki naso ka, daktar ne bola hai.",Radiologist,"Spelling Variation of: Doppler test karwana hai pairo ki naso ka, doctor ne bola hai."
"Doppler test karwana hai pairo ki naso ka, docter ne bola hai.",Radiologist,"Spelling Variation of: Doppler test karwana hai pairo ki naso ka, doctor ne bola hai."
"Doppler test karwana hai legs ki naso ka, doctor ne bola hai.",Radiologist,"Variation of: Doppler test karwana hai pairo ki naso ka, doctor ne bola hai."
"Bone density test karwana hai, budhape mein haddi kamzor ho rahi hai.",Radiologist,Original
"Bone density test karwana hai, budhape me haddi kamzor ho rahi hai.",Radiologist,"Spelling Variation of: Bone density test karwana hai, budhape mein haddi kamzor ho rahi hai."
"PET scan karwana hai, doctor ne cancer follow-up ke liye bola hai.",Radiologist,Original
"PET scan karwana hai, daktar ne cancer follow-up ke liye bola hai.",Radiologist,"Spelling Variation of: PET scan karwana hai, doctor ne cancer follow-up ke liye bola hai."
"PET scan karwana hai, docter ne cancer follow-up ke liye bola hai.",Radiologist,"Spelling Variation of: PET scan karwana hai, doctor ne cancer follow-up ke liye bola hai."
"stomach scan karwana hai, doctor ne cancer follow-up ke liye bola hai.",Radiologist,"Variation of: PET scan karwana hai, doctor ne cancer follow-up ke liye bola hai."
Ghutne ka MRI karwana hai ligament check karne ke liye.,Radiologist,Original
Bache ke fracture ka X-ray dobara karwana hai healing check karne.,Radiologist,Original
"Echo test karwana hai heart ka, doctor ne bataya hai.",Radiologist,Original
"Echo test karwana hai heart ka, daktar ne bataya hai.",Radiologist,"Spelling Variation of: Echo test karwana hai heart ka, doctor ne bataya hai."
"Echo test karwana hai heart ka, docter ne bataya hai.",Radiologist,"Spelling Variation of: Echo test karwana hai heart ka, doctor ne bataya hai."
"Brain ka MRI karwana hai, sar dard bahut zyada rehta hai.",Radiologist,Original
"Brain ka MRI karwana hai, sar darad bahut zyada rehta hai.",Radiologist,"Spelling Variation of: Brain ka MRI karwana hai, sar dard bahut zyada rehta hai."
"Brain ka MRI karwana hai, sar dard bohot zyada rehta hai.",Radiologist,"Spelling Variation of: Brain ka MRI karwana hai, sar dard bahut zyada rehta hai."
"Brain ka MRI karwana hai, sar takleef bahut zyada rehta hai.",Radiologist,"Variation of: Brain ka MRI karwana hai, sar dard bahut zyada rehta hai."
"Report mein kya nikla hai, radiologist se khud baat kar sakte hain kya.",Radiologist,Original
"Report me kya nikla hai, radiologist se khud baat kar sakte hain kya.",Radiologist,"Spelling Variation of: Report mein kya nikla hai, radiologist se khud baat kar sakte hain kya."
scan karwana hai,Radiologist,Specialist Term
radiologist se report discuss karni hai,Radiologist,Specialist Term
imaging center jana hai,Radiologist,Specialist Term
MRI center ka pata chahiye,Radiologist,Specialist Term
MRI center ka pata chaiye,Radiologist,Spelling Variation of: MRI center ka pata chahiye
MRI center ka pata chahye,Radiologist,Spelling Variation of: MRI center ka pata chahiye
scan report samajhni hai,Radiologist,Specialist Term
MRI karwani hai,Radiologist,Keyword Phrase
X-ray karwana hai,Radiologist,Keyword Phrase
CT scan,Radiologist,Keyword Phrase
ultrasound,Radiologist,Keyword Phrase
sonography,Radiologist,Keyword Phrase
mammography,Radiologist,Keyword Phrase
bone density test,Radiologist,Keyword Phrase
Doctor ne pet ka ultrasound aur MRI karwane ko bola hai taaki andar ka pata chale.,Radiologist,Original
"Doctor ne pairo ki chot ke baad MRI karwane ko bola hai, kahan se karwau?",Radiologist,Original
"Doctor ne pairo ki chot ke bad MRI karwane ko bola hai, kahan se karwau?",Radiologist,"Spelling Variation of: Doctor ne pairo ki chot ke baad MRI karwane ko bola hai, kahan se karwau?"
Mujhe pet dard ke kaaran ultrasound scan karwana hai report ke liye.,Radiologist,"Variation of: Doctor ne pairo ki chot ke baad MRI karwane ko bola hai, kahan se karwau?"
Doctor ne bacche ke hath ka x-ray ya pregnancy ka ultrasound scan karwane ko bola hai.,Radiologist,Original
Haddi ki mazbooti check karwani hai (DEXA scan) aur dimaag me chot ka CT scan hona hai.,Radiologist,Original
X-ray wale doctor.,Radiologist,Original
Ultrasound wale doctor.,Radiologist,Original
City-scan (CT scan) wale doctor.,Radiologist,Original
Kai joints mein ek saath soojan aur dard rehta hai kaafi dino se.,Rheumatologist,Original
Kai joints mein ek saath soojan aur darad rehta hai kaafi dino se.,Rheumatologist,Spelling Variation of: Kai joints mein ek saath soojan aur dard rehta hai kaafi dino se.
Kai joints me ek saath soojan aur dard rehta hai kaafi dino se.,Rheumatologist,Spelling Variation of: Kai joints mein ek saath soojan aur dard rehta hai kaafi dino se.
Kai joints mein ek saath soojan aur takleef rehta hai kaafi dino se.,Rheumatologist,Variation of: Kai joints mein ek saath soojan aur dard rehta hai kaafi dino se.
Subah uthte hi ek ghante tak joints akde hue lagte hain.,Rheumatologist,Original
"Arthritis ka doubt hai, ungliyon ke joints mein bhi dard hone laga hai.",Rheumatologist,Original
"Arthritis ka doubt hai, ungliyon ke joints mein bhi darad hone laga hai.",Rheumatologist,"Spelling Variation of: Arthritis ka doubt hai, ungliyon ke joints mein bhi dard hone laga hai."
"Arthritis ka doubt hai, ungliyon ke joints me bhi dard hone laga hai.",Rheumatologist,"Spelling Variation of: Arthritis ka doubt hai, ungliyon ke joints mein bhi dard hone laga hai."
"Arthritis ka doubt hai, ungliyon ke joints mein bhi takleef hone laga hai.",Rheumatologist,"Variation of: Arthritis ka doubt hai, ungliyon ke joints mein bhi dard hone laga hai."
Dono haathon ke chhote joints mein symmetrical dard rehta hai.,Rheumatologist,Original
Dono haathon ke chhote joints mein symmetrical darad rehta hai.,Rheumatologist,Spelling Variation of: Dono haathon ke chhote joints mein symmetrical dard rehta hai.
Dono haathon ke chhote joints me symmetrical dard rehta hai.,Rheumatologist,Spelling Variation of: Dono haathon ke chhote joints mein symmetrical dard rehta hai.
Dono haathon ke chhote joints mein symmetrical takleef rehta hai.,Rheumatologist,Variation of: Dono haathon ke chhote joints mein symmetrical dard rehta hai.
"Doctor ne bola auto-immune ho sakta hai, joints ke saath skin par bhi rash hai.",Rheumatologist,Original
"daktar ne bola auto-immune ho sakta hai, joints ke saath skin par bhi rash hai.",Rheumatologist,"Spelling Variation of: Doctor ne bola auto-immune ho sakta hai, joints ke saath skin par bhi rash hai."
"docter ne bola auto-immune ho sakta hai, joints ke saath skin par bhi rash hai.",Rheumatologist,"Spelling Variation of: Doctor ne bola auto-immune ho sakta hai, joints ke saath skin par bhi rash hai."
Bahut thakaan rehti hai aur haath ki ungliyan subah akdi hui lagti hain.,Rheumatologist,Original
bohot thakaan rehti hai aur haath ki ungliyan subah akdi hui lagti hain.,Rheumatologist,Spelling Variation of: Bahut thakaan rehti hai aur haath ki ungliyan subah akdi hui lagti hain.
bahot thakaan rehti hai aur haath ki ungliyan subah akdi hui lagti hain.,Rheumatologist,Spelling Variation of: Bahut thakaan rehti hai aur haath ki ungliyan subah akdi hui lagti hain.
kaafi thakaan rehti hai aur haath ki ungliyan subah akdi hui lagti hain.,Rheumatologist,Variation of: Bahut thakaan rehti hai aur haath ki ungliyan subah akdi hui lagti hain.
Joints mein dard ke saath saath halka bukhar bhi rehta hai kaafi dino se.,Rheumatologist,Original
Joints mein darad ke saath saath halka bukhar bhi rehta hai kaafi dino se.,Rheumatologist,Spelling Variation of: Joints mein dard ke saath saath halka bukhar bhi rehta hai kaafi dino se.
Joints me dard ke saath saath halka bukhar bhi rehta hai kaafi dino se.,Rheumatologist,Spelling Variation of: Joints mein dard ke saath saath halka bukhar bhi rehta hai kaafi dino se.
Joints mein takleef ke saath saath halka bukhar bhi rehta hai kaafi dino se.,Rheumatologist,Variation of: Joints mein dard ke saath saath halka bukhar bhi rehta hai kaafi dino se.
Ghutno ke saath kalai aur ungliyon mein bhi soojan aa gayi hai.,Rheumatologist,Original
Ghutno ke saath kalai aur ungliyon me bhi soojan aa gayi hai.,Rheumatologist,Spelling Variation of: Ghutno ke saath kalai aur ungliyon mein bhi soojan aa gayi hai.
"Lupus ka doubt hai, joints ke saath chehre par bhi rash hai dhoop mein.",Rheumatologist,Original
"Lupus ka doubt hai, joints ke saath chehre par bhi rash hai dhoop me.",Rheumatologist,"Spelling Variation of: Lupus ka doubt hai, joints ke saath chehre par bhi rash hai dhoop mein."
"Gout ki problem hai, pair ke angoothe mein achanak bahut tez dard hota hai.",Rheumatologist,Original
"Gout ki problem hai, pair ke angoothe mein achanak bahut tez darad hota hai.",Rheumatologist,"Spelling Variation of: Gout ki problem hai, pair ke angoothe mein achanak bahut tez dard hota hai."
"Gout ki problem hai, pair ke angoothe mein achanak bohot tez dard hota hai.",Rheumatologist,"Spelling Variation of: Gout ki problem hai, pair ke angoothe mein achanak bahut tez dard hota hai."
"Gout ki problem hai, pair ke angoothe mein achanak bahut tez takleef hota hai.",Rheumatologist,"Variation of: Gout ki problem hai, pair ke angoothe mein achanak bahut tez dard hota hai."
"Kandhe aur kamar dono mein akadan rehti hai, movement kam ho gayi hai.",Rheumatologist,Original
"Kandhe aur kamar dono me akadan rehti hai, movement kam ho gayi hai.",Rheumatologist,"Spelling Variation of: Kandhe aur kamar dono mein akadan rehti hai, movement kam ho gayi hai."
Doctor ne blood test mein RA factor check karne ko bola hai.,Rheumatologist,Original
daktar ne blood test mein RA factor check karne ko bola hai.,Rheumatologist,Spelling Variation of: Doctor ne blood test mein RA factor check karne ko bola hai.
docter ne blood test mein RA factor check karne ko bola hai.,Rheumatologist,Spelling Variation of: Doctor ne blood test mein RA factor check karne ko bola hai.
rheumatologist ko dikhana hai,Rheumatologist,Specialist Term
joint aur auto-immune specialist chahiye,Rheumatologist,Specialist Term
joint aur auto-immune specialist chaiye,Rheumatologist,Spelling Variation of: joint aur auto-immune specialist chahiye
joint aur auto-immune specialist chahye,Rheumatologist,Spelling Variation of: joint aur auto-immune specialist chahiye
arthritis specialist se milna hai,Rheumatologist,Specialist Term
gout specialist se milna hai,Rheumatologist,Specialist Term
joints mein soojan,Rheumatologist,Keyword Phrase
joints me soojan,Rheumatologist,Spelling Variation of: joints mein soojan
arthritis,Rheumatologist,Keyword Phrase
subah akadan,Rheumatologist,Keyword Phrase
auto-immune,Rheumatologist,Keyword Phrase
joint pain multiple,Rheumatologist,Keyword Phrase
Subah uthte hi haath-pair ki ungliyan jaam (stiff) ho jati hain aur sujan aa jati hai.,Rheumatologist,Original
Autoimmune bimari ki wajah se mere saare jodo (joints) me hamesha dard rehta hai.,Rheumatologist,Original
Subah uthte hi poore badan ke joints me aithan (stiffness) hoti hai aur mutthi band nahi hoti.,Rheumatologist,Original
Subah uthte hi pure badan ke joints me aithan hoti hai aur mutthi band nahi hoti.,Rheumatologist,Spelling Variation of: Subah uthte hi poore badan ke joints me aithan (stiffness) hoti hai aur mutthi band nahi hoti.
Gathiya (arthritis) ki wajah se ungliyon ke jodo me laal-pan aur asahniya dard rehta hai.,Rheumatologist,Variation of: Subah uthte hi poore badan ke joints me aithan (stiffness) hoti hai aur mutthi band nahi hoti.
Baccha subah uthne par theek se chal nahi pata aur uske ghutne me sujan aa jati hai.,Rheumatologist,Original
Poore badan ki maanspeshiyon me asahniya dard aur chehre par butterfly jaisa laal nishan hai (Lupus).,Rheumatologist,Original
Subah uthte hi kandho aur kule (hips) me itni jakdan hoti hai ki utha nahi jata.,Rheumatologist,Original
Gathiya (arthritis) wale doctor.,Rheumatologist,Original
Jodo ke dard aur sujan wale doctor.,Rheumatologist,Original
"Football khelte waqt ghutna mud gaya, ab chalna mushkil ho raha hai.",Sports Medicine Specialist,Original
"Football khelte waqt ghutna mud gaya, ab chalna mushkil ho rha hai.",Sports Medicine Specialist,"Spelling Variation of: Football khelte waqt ghutna mud gaya, ab chalna mushkil ho raha hai."
Gym mein weight uthate waqt kandhe mein kuch chatak gaya jaisa laga.,Sports Medicine Specialist,Original
Gym me weight uthate waqt kandhe mein kuch chatak gaya jaisa laga.,Sports Medicine Specialist,Spelling Variation of: Gym mein weight uthate waqt kandhe mein kuch chatak gaya jaisa laga.
"Running karte waqt ankle twist ho gaya, sujan bhi aa gayi hai.",Sports Medicine Specialist,Original
"Running karte waqt ankle twist ho gaya, soojan bhi aa gayi hai.",Sports Medicine Specialist,"Spelling Variation of: Running karte waqt ankle twist ho gaya, sujan bhi aa gayi hai."
"Cricket khelte waqt haath mein ball lag gayi thi, ab bhi dard hai.",Sports Medicine Specialist,Original
"Cricket khelte waqt haath mein ball lag gayi thi, ab bhi darad hai.",Sports Medicine Specialist,"Spelling Variation of: Cricket khelte waqt haath mein ball lag gayi thi, ab bhi dard hai."
"Cricket khelte waqt haath me ball lag gayi thi, ab bhi dard hai.",Sports Medicine Specialist,"Spelling Variation of: Cricket khelte waqt haath mein ball lag gayi thi, ab bhi dard hai."
"Cricket khelte waqt haath mein ball lag gayi thi, ab bhi takleef hai.",Sports Medicine Specialist,"Variation of: Cricket khelte waqt haath mein ball lag gayi thi, ab bhi dard hai."
"Muscle pull ho gaya hai practice ke doraan, kal se bahut dard hai.",Sports Medicine Specialist,Original
"Muscle pull ho gaya hai practice ke doraan, kal se bahut darad hai.",Sports Medicine Specialist,"Spelling Variation of: Muscle pull ho gaya hai practice ke doraan, kal se bahut dard hai."
"Muscle pull ho gaya hai practice ke doraan, kal se bohot dard hai.",Sports Medicine Specialist,"Spelling Variation of: Muscle pull ho gaya hai practice ke doraan, kal se bahut dard hai."
"Muscle pull ho gaya hai practice ke doraan, kal se bahut takleef hai.",Sports Medicine Specialist,"Variation of: Muscle pull ho gaya hai practice ke doraan, kal se bahut dard hai."
"Ligament mein chot lagi thi match ke doraan, ab tak poora recover nahi hua.",Sports Medicine Specialist,Original
"Ligament mein chot lagi thi match ke doraan, ab tak poora recover nahin hua.",Sports Medicine Specialist,"Spelling Variation of: Ligament mein chot lagi thi match ke doraan, ab tak poora recover nahi hua."
"Ligament mein chot lagi thi match ke doraan, ab tak poora recover nhi hua.",Sports Medicine Specialist,"Spelling Variation of: Ligament mein chot lagi thi match ke doraan, ab tak poora recover nahi hua."
Marathon practice ke baad ghutno mein bahut dard rehta hai roz.,Sports Medicine Specialist,Original
Marathon practice ke baad ghutno mein bahut darad rehta hai roz.,Sports Medicine Specialist,Spelling Variation of: Marathon practice ke baad ghutno mein bahut dard rehta hai roz.
Marathon practice ke baad ghutno mein bohot dard rehta hai roz.,Sports Medicine Specialist,Spelling Variation of: Marathon practice ke baad ghutno mein bahut dard rehta hai roz.
Marathon practice ke baad ghutno mein bahut takleef rehta hai roz.,Sports Medicine Specialist,Variation of: Marathon practice ke baad ghutno mein bahut dard rehta hai roz.
Gym mein injury ke baad wapas training start karni hai safely.,Sports Medicine Specialist,Original
Gym me injury ke baad wapas training start karni hai safely.,Sports Medicine Specialist,Spelling Variation of: Gym mein injury ke baad wapas training start karni hai safely.
"Badminton khelte waqt kalai mud gayi thi, ab bhi weak lagti hai.",Sports Medicine Specialist,Original
Swimming karte waqt kandhe mein dard shuru ho gaya hai roz roz.,Sports Medicine Specialist,Original
Swimming karte waqt kandhe mein darad shuru ho gaya hai roz roz.,Sports Medicine Specialist,Spelling Variation of: Swimming karte waqt kandhe mein dard shuru ho gaya hai roz roz.
Swimming karte waqt kandhe me dard shuru ho gaya hai roz roz.,Sports Medicine Specialist,Spelling Variation of: Swimming karte waqt kandhe mein dard shuru ho gaya hai roz roz.
Swimming karte waqt kandhe mein takleef shuru ho gaya hai roz roz.,Sports Medicine Specialist,Variation of: Swimming karte waqt kandhe mein dard shuru ho gaya hai roz roz.
Trekking ke baad pairo mein bahut soojan aur dard hai kai din se.,Sports Medicine Specialist,Original
Trekking ke baad pairo mein bahut soojan aur darad hai kai din se.,Sports Medicine Specialist,Spelling Variation of: Trekking ke baad pairo mein bahut soojan aur dard hai kai din se.
Trekking ke baad pairo mein bohot soojan aur dard hai kai din se.,Sports Medicine Specialist,Spelling Variation of: Trekking ke baad pairo mein bahut soojan aur dard hai kai din se.
Trekking ke baad pairo mein bahut soojan aur takleef hai kai din se.,Sports Medicine Specialist,Variation of: Trekking ke baad pairo mein bahut soojan aur dard hai kai din se.
"College tournament ke liye jaldi recover hona hai, injury management chahiye.",Sports Medicine Specialist,Original
"College tournament ke liye jaldi recover hona hai, injury management chaiye.",Sports Medicine Specialist,"Spelling Variation of: College tournament ke liye jaldi recover hona hai, injury management chahiye."
"College tournament ke liye jaldi recover hona hai, injury management chahye.",Sports Medicine Specialist,"Spelling Variation of: College tournament ke liye jaldi recover hona hai, injury management chahiye."
"College tournament ke liye jaldi recover hona hai, injury management zaroorat hai.",Sports Medicine Specialist,"Variation of: College tournament ke liye jaldi recover hona hai, injury management chahiye."
Weightlifting karte waqt kamar mein kuch kadak gaya jaisa laga.,Sports Medicine Specialist,Original
Weightlifting karte waqt kamar me kuch kadak gaya jaisa laga.,Sports Medicine Specialist,Spelling Variation of: Weightlifting karte waqt kamar mein kuch kadak gaya jaisa laga.
sports injury specialist chahiye,Sports Medicine Specialist,Specialist Term
sports injury specialist chaiye,Sports Medicine Specialist,Spelling Variation of: sports injury specialist chahiye
sports injury specialist chahye,Sports Medicine Specialist,Spelling Variation of: sports injury specialist chahiye
sports medicine doctor ko dikhana hai,Sports Medicine Specialist,Specialist Term
sports medicine daktar ko dikhana hai,Sports Medicine Specialist,Spelling Variation of: sports medicine doctor ko dikhana hai
sports medicine docter ko dikhana hai,Sports Medicine Specialist,Spelling Variation of: sports medicine doctor ko dikhana hai
athlete injury specialist chahiye,Sports Medicine Specialist,Specialist Term
athlete injury specialist chaiye,Sports Medicine Specialist,Spelling Variation of: athlete injury specialist chahiye
athlete injury specialist chahye,Sports Medicine Specialist,Spelling Variation of: athlete injury specialist chahiye
fitness aur injury doctor chahiye,Sports Medicine Specialist,Specialist Term
fitness aur injury daktar chahiye,Sports Medicine Specialist,Spelling Variation of: fitness aur injury doctor chahiye
fitness aur injury docter chahiye,Sports Medicine Specialist,Spelling Variation of: fitness aur injury doctor chahiye
khelte waqt chot,Sports Medicine Specialist,Keyword Phrase
gym mein chot lagi,Sports Medicine Specialist,Keyword Phrase
gym me chot lagi,Sports Medicine Specialist,Spelling Variation of: gym mein chot lagi
muscle pull,Sports Medicine Specialist,Keyword Phrase
ligament injury,Sports Medicine Specialist,Keyword Phrase
sports injury,Sports Medicine Specialist,Keyword Phrase
Football khelte waqt ghutne ki nas (ACL ligament) khich gayi hai.,Sports Medicine Specialist,Original
Gym me heavy weight uthane se kandhe (shoulder) me severe injury ho gayi hai.,Sports Medicine Specialist,Original
Khelte waqt achanak thigh ki maanspeshi (muscle) khich gayi aur ab chalna mushkil hai.,Sports Medicine Specialist,Original
Khelte waqt achanak thigh ki muscle khich gayi aur ab chalna mushkil hai.,Sports Medicine Specialist,Spelling Variation of: Khelte waqt achanak thigh ki maanspeshi (muscle) khich gayi aur ab chalna mushkil hai.
Ground me daudte time pair ki nas chadh gayi aur severe cramp aa gaya hai.,Sports Medicine Specialist,Variation of: Khelte waqt achanak thigh ki maanspeshi (muscle) khich gayi aur ab chalna mushkil hai.
Cricket me ball phekne ki wajah se bacche ki kohni (elbow) me tez dard hota hai aur theek se mudti nahi.,Sports Medicine Specialist,Original
Daudte waqt ghutne me achanak 'pop' ki aawaz aayi (ligament tear) aur uske baad sujan aa gayi.,Sports Medicine Specialist,Original
Knee replacement surgery se pehle doctor ne ghutne ke muscles strong karne ki exercises boli hain.,Sports Medicine Specialist,Original
Khel-kood ki chot wale doctor.,Sports Medicine Specialist,Original
Sports injury wale doctor.,Sports Medicine Specialist,Original
Peshaab karte waqt bahut jalan hoti hai kai dino se.,Urologist,Original
Peshaab karte waqt bohot jalan hoti hai kai dino se.,Urologist,Spelling Variation of: Peshaab karte waqt bahut jalan hoti hai kai dino se.
Peshaab karte waqt bahot jalan hoti hai kai dino se.,Urologist,Spelling Variation of: Peshaab karte waqt bahut jalan hoti hai kai dino se.
Peshaab karte waqt kaafi jalan hoti hai kai dino se.,Urologist,Variation of: Peshaab karte waqt bahut jalan hoti hai kai dino se.
"Peshaab mein khoon dikha aaj, dar lag raha hai.",Urologist,Original
"Peshaab me khoon dikha aaj, dar lag raha hai.",Urologist,"Spelling Variation of: Peshaab mein khoon dikha aaj, dar lag raha hai."
"Peshaab mein khoon dikha aaj, dar lag rha hai.",Urologist,"Spelling Variation of: Peshaab mein khoon dikha aaj, dar lag raha hai."
"Baar baar peshaab jaana padta hai, raat ko bhi kai baar uthna padta hai.",Urologist,Original
"Baar baar peshab jaana padta hai, raat ko bhi kai baar uthna padta hai.",Urologist,"Spelling Variation of: Baar baar peshaab jaana padta hai, raat ko bhi kai baar uthna padta hai."
"Kamar ke ek side mein achanak bahut tez dard hua, kidney stone lagta hai.",Urologist,Original
"Kamar ke ek side mein achanak bahut tez darad hua, kidney stone lagta hai.",Urologist,"Spelling Variation of: Kamar ke ek side mein achanak bahut tez dard hua, kidney stone lagta hai."
"Kamar ke ek side mein achanak bohot tez dard hua, kidney stone lagta hai.",Urologist,"Spelling Variation of: Kamar ke ek side mein achanak bahut tez dard hua, kidney stone lagta hai."
"Kamar ke ek side mein achanak bahut tez takleef hua, kidney stone lagta hai.",Urologist,"Variation of: Kamar ke ek side mein achanak bahut tez dard hua, kidney stone lagta hai."
Peshaab ruk ruk kar aata hai aur poora khali bhi nahi hota lagta.,Urologist,Original
Peshaab ruk ruk kar aata hai aur poora khali bhi nahin hota lagta.,Urologist,Spelling Variation of: Peshaab ruk ruk kar aata hai aur poora khali bhi nahi hota lagta.
Peshaab ruk ruk kar aata hai aur poora khali bhi nhi hota lagta.,Urologist,Spelling Variation of: Peshaab ruk ruk kar aata hai aur poora khali bhi nahi hota lagta.
"Prostate badh gaya hai lagta hai, peshaab ka flow kamzor ho gaya hai.",Urologist,Original
"Prostate badh gaya hai lagta hai, peshab ka flow kamzor ho gaya hai.",Urologist,"Spelling Variation of: Prostate badh gaya hai lagta hai, peshaab ka flow kamzor ho gaya hai."
Peshaab mein badbu aur jhaag zyada aa raha hai aajkal.,Urologist,Original
Peshaab mein badbu aur jhaag jyada aa raha hai aajkal.,Urologist,Spelling Variation of: Peshaab mein badbu aur jhaag zyada aa raha hai aajkal.
Peshaab mein badbu aur jhaag jyaada aa raha hai aajkal.,Urologist,Spelling Variation of: Peshaab mein badbu aur jhaag zyada aa raha hai aajkal.
urologist ko dikhana hai,Urologist,Specialist Term
kidney aur peshaab ka doctor,Urologist,Specialist Term
kidney aur peshaab ka daktar,Urologist,Spelling Variation of: kidney aur peshaab ka doctor
kidney aur peshaab ka docter,Urologist,Spelling Variation of: kidney aur peshaab ka doctor
prostate specialist chahiye,Urologist,Specialist Term
prostate specialist chaiye,Urologist,Spelling Variation of: prostate specialist chahiye
prostate specialist chahye,Urologist,Spelling Variation of: prostate specialist chahiye
peshaab mein jalan,Urologist,Keyword Phrase
peshaab me jalan,Urologist,Spelling Variation of: peshaab mein jalan
peshab mein jalan,Urologist,Spelling Variation of: peshaab mein jalan
kidney stone,Urologist,Keyword Phrase
peshaab baar baar,Urologist,Keyword Phrase
peshab baar baar,Urologist,Spelling Variation of: peshaab baar baar
prostate,Urologist,Keyword Phrase
peshaab mein khoon,Urologist,Keyword Phrase
peshaab me khoon,Urologist,Spelling Variation of: peshaab mein khoon
peshab mein khoon,Urologist,Spelling Variation of: peshaab mein khoon
Baar baar peshaab aata hai,Urologist,Spelling Variation of: Baar baar peshab aata hai
Baar baar peshaab jaana padta hai aur pait ke niche darad hota hai.,Urologist,Spelling Variation of: Baar baar peshab jaana padta hai aur pet ke niche dard hota hai.
Baar baar peshab aata hai,Urologist,New Suggestion
Baar baar peshab jaana padta hai aur pet ke niche dard hota hai.,Urologist,Original
Back mein suddenly severe pain uthta hai jo abdomen tak radiate karta hai,Urologist,Variation of: Peeth mein achanak zor ka dard uthta hai jo pet tak jata hai
Kidney ka daktar,Urologist,Spelling Variation of: Kidney ka doctor
Kidney ka docter,Urologist,Spelling Variation of: Kidney ka doctor
Kidney ka doctor,Urologist,Specialist Term
Lower back ya side me severe darad hai (Kidney stone ka shak).,Urologist,Spelling Variation of: Lower back ya side me severe dard hai (Kidney stone ka shak).
Lower back ya side me severe dard hai (Kidney stone ka shak).,Urologist,Original
"Peeth ke ek side me asahniya darad hota hai, stone lagta hai.",Urologist,"Spelling Variation of: Peeth ke ek side me asahniya dard hota hai, stone lagta hai."
"Peeth ke ek side me asahniya dard hota hai, stone lagta hai.",Urologist,Variation of: Lower back ya side me severe dard hai (Kidney stone ka shak).
Peeth mein achanak zor ka darad uthta hai jo pet tak jata hai,Urologist,Spelling Variation of: Peeth mein achanak zor ka dard uthta hai jo pet tak jata hai
Peeth mein achanak zor ka dard uthta hai jo pet tak jata hai,Urologist,Original
Peshaab ka docter,Urologist,Spelling Variation of: Peshab ka doctor
Peshaab ka doctor,Urologist,Spelling Variation of: Peshab ka doctor
Peshaab karte waqt bohot jalan hoti hai.,Urologist,Spelling Variation of: Peshab karte waqt bahut jalan hoti hai.
Peshaab karte waqt jalan hoti hai aur rang bhi ajeeb hai.,Urologist,Spelling Variation of: Peshab karte waqt jalan hoti hai aur rang bhi ajeeb hai.
Peshaab ki dhar kamzor ho gayi hai aur baar baar jana padta hai,Urologist,Spelling Variation of: Peshab ki dhar kamzor ho gayi hai aur baar baar jaana padta hai
Peshaab mein jalan ho rahi hai,Urologist,Spelling Variation of: Peshab mein jalan ho rahi hai
Peshaab mein khoon aa raha hai,Urologist,Spelling Variation of: Peshab mein khoon aa raha hai
"Peshaab rok nahi paata, achanak zoron ka pressure aata hai.",Urologist,"Spelling Variation of: Peshab rok nahi paata, achanak zoron ka pressure aata hai."
Peshab ka doctor,Urologist,Specialist Term
Peshab karte waqt bahut jalan hoti hai.,Urologist,Variation of: Urine paas karte waqt bohot tez jalan ya dard hota hai.
Peshab karte waqt jalan hoti hai aur rang bhi ajeeb hai.,Urologist,Original
Peshab ki dhar kamzor ho gayi hai aur baar baar jaana padta hai,Urologist,Original
Peshab mein jalan ho rahi hai,Urologist,New Suggestion
Peshab mein khoon aa raha hai,Urologist,New Suggestion
"Peshab rok nahi paata, achanak zoron ka pressure aata hai.",Urologist,"Variation of: Urine ko hold karne me problem hoti hai, achanak se pressure banta hai."
"Thodi thodi der mein washroom jaana padta hai, pelvic area mein bhi darad hai.",Urologist,"Spelling Variation of: Thodi thodi der mein washroom jaana padta hai, pelvic area mein bhi dard hai."
"Thodi thodi der mein washroom jaana padta hai, pelvic area mein bhi dard hai.",Urologist,Variation of: Baar baar peshab jaana padta hai aur pet ke niche dard hota hai.
Urinary specialist,Urologist,Specialist Term
Urine ka doctor,Urologist,Spelling Variation of: Urinary specialist
"Urine ko hold karne me problem hoti hai, achanak se pressure banta hai.",Urologist,Original
Urine paas karte waqt bohot tez jalan ya dard hota hai.,Urologist,Original
Urine pas karte waqt bohot tez jalan ya darad hota hai.,Urologist,Spelling Variation of: Urine paas karte waqt bohot tez jalan ya dard hota hai.
Urine pass karte waqt bahut jalan hoti hai aur smell bhi aati hai.,Urologist,Variation of: Peshab karte waqt jalan hoti hai aur rang bhi ajeeb hai.
Urine pass karte waqt bohot jalan hoti hai aur smell bhi aati hai.,Urologist,Spelling Variation of: Urine pass karte waqt bahut jalan hoti hai aur smell bhi aati hai.
Urine stream weak ho gayi hai aur frequently washroom jaana padta hai,Urologist,Variation of: Peshab ki dhar kamzor ho gayi hai aur baar baar jaana padta hai
Peeth ke lower side me achanak tez dard utha hai jo aage pet aur groin tak ja raha hai.,Urologist,Original
Urine karte waqt bohot tez dard hota hai aur urine me laal rang (blood) aaya hai.,Urologist,Original
Urine paas karte waqt bohot tez jalan aur chubhan (burning sensation) hoti hai.,Urologist,Original
Baar-baar bathroom jana padta hai par urine bohot thoda sa hi aata hai.,Urologist,Original
Raat ko 4-5 baar urine ke liye uthna padta hai aur flow bohot weak ho gaya hai.,Urologist,Original
"Urine karne ke baad bhi lagta hai ki bladder poora khali nahi hua, pressure rehta hai.",Urologist,Original
Kamar me peeche ki taraf dard hai aur kafi tez thand lag kar bukhar aa raha hai.,Urologist,Original
Urine ka color ekdum cloudy hai aur usme se bohot gandi smell aa rahi hai.,Urologist,Original
"Urine ka pressure bante hi control nahi hota, bathroom pahunchne se pehle leak ho jata hai.",Urologist,Original
Peshab ki nali aur niche ke hisse (perineum) me kafi dard aur bhari-pan rehta hai.,Urologist,Original
Bina kisi dard ke urine ka color ekdum laal (red) ya dark brown aa raha hai.,Urologist,Original
Pairo aur chehre par sujan aa gayi hai aur urine aana bilkul band ho gaya hai.,Urologist,Original
Urine karte waqt bohot tez jalan hoti hai aur ruk-ruk ke aata hai.,Urologist,Original
Urine paas karte waqt tez jalan hoti hai aur lower abdomen me bhari-pan hai.,Urologist,Original
Peshab paas karte waqt tez jalan hoti hai aur lower abdomen me bhari-pan hai.,Urologist,Spelling Variation of: Urine paas karte waqt tez jalan hoti hai aur lower abdomen me bhari-pan hai.
Toilet karte time chubhan aur jalan hoti hai aur pet ke nichle hisse me dard hai.,Urologist,Variation of: Urine paas karte waqt tez jalan hoti hai aur lower abdomen me bhari-pan hai.
Bacche ka ek andkosh (testicle) paidaishi theek jagah par (scrotum me) nahi hai.,Urologist,Original
Urine ruk-ruk ke aata hai aur relation banane me kamzori (ED) mehsoos ho rahi hai.,Urologist,Original
Peshab ki dhaar bohot patli ho gayi hai aur raat ko kai baar majboori me bathroom bhagna padta hai (BPH).,Urologist,Original
Peshab ki nali wale doctor.,Urologist,Original
Prostate wale doctor.,Urologist,Original
Mutra rog visheshagya.,Urologist,Original
Gupt rog wale doctor.,Urologist,Original
"Pairo ki nasein phool kar bahar dikhne lagi hain, khade rehne se dard hota hai.",Vascular Surgeon,Original
"Pairo ki nasein phool kar bahar dikhne lagi hain, khade rehne se darad hota hai.",Vascular Surgeon,"Spelling Variation of: Pairo ki nasein phool kar bahar dikhne lagi hain, khade rehne se dard hota hai."
"Pairo ki nasein phool kar bahar dikhne lagi hain, khade rehne se takleef hota hai.",Vascular Surgeon,"Variation of: Pairo ki nasein phool kar bahar dikhne lagi hain, khade rehne se dard hota hai."
"Pair mein achanak sujan aur dard hua hai, blood clot ka dar hai.",Vascular Surgeon,Original
"Pair mein achanak sujan aur darad hua hai, blood clot ka dar hai.",Vascular Surgeon,"Spelling Variation of: Pair mein achanak sujan aur dard hua hai, blood clot ka dar hai."
"Pair me achanak sujan aur dard hua hai, blood clot ka dar hai.",Vascular Surgeon,"Spelling Variation of: Pair mein achanak sujan aur dard hua hai, blood clot ka dar hai."
"Pair mein achanak sujan aur takleef hua hai, blood clot ka dar hai.",Vascular Surgeon,"Variation of: Pair mein achanak sujan aur dard hua hai, blood clot ka dar hai."
"Chalte waqt pairon mein dard hota hai, thodi der rukne se aaram milta hai.",Vascular Surgeon,Original
"Chalte waqt pairon mein darad hota hai, thodi der rukne se aaram milta hai.",Vascular Surgeon,"Spelling Variation of: Chalte waqt pairon mein dard hota hai, thodi der rukne se aaram milta hai."
"Chalte waqt pairon mein dard hota hai, thodi der rukne se aram milta hai.",Vascular Surgeon,"Spelling Variation of: Chalte waqt pairon mein dard hota hai, thodi der rukne se aaram milta hai."
"Chalte waqt pairon mein takleef hota hai, thodi der rukne se aaram milta hai.",Vascular Surgeon,"Variation of: Chalte waqt pairon mein dard hota hai, thodi der rukne se aaram milta hai."
"Ek pair doosre se zyada thanda rehta hai, colour bhi halka nila lagta hai.",Vascular Surgeon,Original
"Ek pair doosre se jyada thanda rehta hai, colour bhi halka nila lagta hai.",Vascular Surgeon,"Spelling Variation of: Ek pair doosre se zyada thanda rehta hai, colour bhi halka nila lagta hai."
"Ek pair doosre se jyaada thanda rehta hai, colour bhi halka nila lagta hai.",Vascular Surgeon,"Spelling Variation of: Ek pair doosre se zyada thanda rehta hai, colour bhi halka nila lagta hai."
"Pairo ki nasein neeli aur ubhri hui dikhti hain, dekhne mein bhi ajeeb lagti hain.",Vascular Surgeon,Original
"Pairo ki nasein neeli aur ubhri hui dikhti hain, dekhne me bhi ajeeb lagti hain.",Vascular Surgeon,"Spelling Variation of: Pairo ki nasein neeli aur ubhri hui dikhti hain, dekhne mein bhi ajeeb lagti hain."
"legs ki nasein neeli aur ubhri hui dikhti hain, dekhne mein bhi ajeeb lagti hain.",Vascular Surgeon,"Variation of: Pairo ki nasein neeli aur ubhri hui dikhti hain, dekhne mein bhi ajeeb lagti hain."
Ghaav pair mein hai jo bahut dino se bhar hi nahi raha.,Vascular Surgeon,Original
Ghaav pair mein hai jo bohot dino se bhar hi nahi raha.,Vascular Surgeon,Spelling Variation of: Ghaav pair mein hai jo bahut dino se bhar hi nahi raha.
Ghaav pair mein hai jo bahot dino se bhar hi nahi raha.,Vascular Surgeon,Spelling Variation of: Ghaav pair mein hai jo bahut dino se bhar hi nahi raha.
Ghaav pair mein hai jo kaafi dino se bhar hi nahi raha.,Vascular Surgeon,Variation of: Ghaav pair mein hai jo bahut dino se bhar hi nahi raha.
"Chalne mein bahut takleef hoti hai, doctor ne blood flow check karne bola.",Vascular Surgeon,Original
"Chalne mein bahut takleef hoti hai, daktar ne blood flow check karne bola.",Vascular Surgeon,"Spelling Variation of: Chalne mein bahut takleef hoti hai, doctor ne blood flow check karne bola."
"Chalne mein bahut takleef hoti hai, docter ne blood flow check karne bola.",Vascular Surgeon,"Spelling Variation of: Chalne mein bahut takleef hoti hai, doctor ne blood flow check karne bola."
"Chalne mein kaafi takleef hoti hai, doctor ne blood flow check karne bola.",Vascular Surgeon,"Variation of: Chalne mein bahut takleef hoti hai, doctor ne blood flow check karne bola."
"Diabetes hai aur pair ka ghaav thik nahi ho raha, kaala bhi pad raha hai jagah jagah.",Vascular Surgeon,Original
"Diabetes hai aur pair ka ghaav thik nahin ho raha, kaala bhi pad raha hai jagah jagah.",Vascular Surgeon,"Spelling Variation of: Diabetes hai aur pair ka ghaav thik nahi ho raha, kaala bhi pad raha hai jagah jagah."
"Diabetes hai aur pair ka ghaav thik nhi ho raha, kaala bhi pad raha hai jagah jagah.",Vascular Surgeon,"Spelling Variation of: Diabetes hai aur pair ka ghaav thik nahi ho raha, kaala bhi pad raha hai jagah jagah."
"Gardan ki artery mein blockage bataya doctor ne, operation ki baat kar rahe hain.",Vascular Surgeon,Original
"Gardan ki artery mein blockage bataya daktar ne, operation ki baat kar rahe hain.",Vascular Surgeon,"Spelling Variation of: Gardan ki artery mein blockage bataya doctor ne, operation ki baat kar rahe hain."
"Gardan ki artery mein blockage bataya docter ne, operation ki baat kar rahe hain.",Vascular Surgeon,"Spelling Variation of: Gardan ki artery mein blockage bataya doctor ne, operation ki baat kar rahe hain."
Varicose veins ki wajah se pairo mein bhaari-pan aur dard rehta hai poora din.,Vascular Surgeon,Original
Varicose veins ki wajah se pairo mein bhaari-pan aur darad rehta hai poora din.,Vascular Surgeon,Spelling Variation of: Varicose veins ki wajah se pairo mein bhaari-pan aur dard rehta hai poora din.
Varicose veins ki wajah se pairo me bhaari-pan aur dard rehta hai poora din.,Vascular Surgeon,Spelling Variation of: Varicose veins ki wajah se pairo mein bhaari-pan aur dard rehta hai poora din.
Varicose veins ki wajah se pairo mein bhaari-pan aur takleef rehta hai poora din.,Vascular Surgeon,Variation of: Varicose veins ki wajah se pairo mein bhaari-pan aur dard rehta hai poora din.
vascular surgeon ko dikhana hai,Vascular Surgeon,Specialist Term
varicose veins ka doctor,Vascular Surgeon,Specialist Term
varicose veins ka daktar,Vascular Surgeon,Spelling Variation of: varicose veins ka doctor
varicose veins ka docter,Vascular Surgeon,Spelling Variation of: varicose veins ka doctor
blood vessel specialist se milna hai,Vascular Surgeon,Specialist Term
varicose veins specialist chahiye,Vascular Surgeon,Specialist Term
varicose veins specialist chaiye,Vascular Surgeon,Spelling Variation of: varicose veins specialist chahiye
varicose veins specialist chahye,Vascular Surgeon,Spelling Variation of: varicose veins specialist chahiye
nason ka phoolna,Vascular Surgeon,Keyword Phrase
varicose veins,Vascular Surgeon,Keyword Phrase
pairo ki naso mein dard,Vascular Surgeon,Keyword Phrase
pairo ki naso mein darad,Vascular Surgeon,Spelling Variation of: pairo ki naso mein dard
pairo ki naso me dard,Vascular Surgeon,Spelling Variation of: pairo ki naso mein dard
blood clot pair mein,Vascular Surgeon,Keyword Phrase
blood clot pair me,Vascular Surgeon,Spelling Variation of: blood clot pair mein
Pairon ki naso mein soojan aur neeli-neeli nasein dikhti hain,Vascular Surgeon,Original
Pairon ki naso mein sujan aur neeli-neeli nasein dikhti hain,Vascular Surgeon,Spelling Variation of: Pairon ki naso mein soojan aur neeli-neeli nasein dikhti hain
Pairo ki nasein (veins) bohot guccha ban ban gayi hain aur neeli pad gayi hain (Varicose).,Vascular Surgeon,Original
"Pairo ki nasein neeli aur guccho me ubhar aayi hain, khade hone par dard hota hai.",Vascular Surgeon,Original
"Pairo ki veins neeli aur guchho me ubhar aayi hain, khade hone par dard hota hai.",Vascular Surgeon,"Spelling Variation of: Pairo ki nasein neeli aur guccho me ubhar aayi hain, khade hone par dard hota hai."
Pair me varicose veins ki wajah se swelling aa gayi hai aur nasein ajeeb si fool gayi hain.,Vascular Surgeon,"Variation of: Pairo ki nasein neeli aur guccho me ubhar aayi hain, khade hone par dard hota hai."
Bacche ki skin ke neeche neeli naso (veins) ka ek ajeeb sa guccha paidaishi ban raha hai.,Vascular Surgeon,Original
"Lambe safar ke baad pair ki pindli (calf muscle) me achanak bohot tez sujan, dard aur laal-pan aa gaya hai.",Vascular Surgeon,Original
Thoda sa chalne par pair ki muscles me aithan aur dard hota hai jo rukne par theek ho jata hai.,Vascular Surgeon,Original
Naso (veins) ke operation wale doctor.,Vascular Surgeon,Original
Phooli hui naso (varicose) wale doctor.,Vascular Surgeon,Original
Face par baar baar pimples nikal rahe hain aur nishaan bhi reh jaate hain.,Dermatologist (Skin),New Suggestion
Hath par ek chhota sa til hai jiska size dheere dheere badh raha hai.,Dermatologist (Skin),New Suggestion
Tang par ek boil ho gaya hai jisme bahut dard aur sujan hai.,Dermatologist (Skin),New Suggestion
"Peeth par abscess ban gaya hai, pus bhi nikal raha hai.",Dermatologist (Skin),New Suggestion
Jaangh ke paas furuncle jaisa daana hai jo chhoone se bahut dard karta hai.,Dermatologist (Skin),New Suggestion
"Gardan par kaafi purane se mole hain, unki jaanch karani hai ki kahin cancer to nahi.",Dermatologist (Skin),New Suggestion
Bagal mein ek gaanth ho gayi hai jisme pus bhara hua lagta hai.,Dermatologist (Skin),New Suggestion
Chehre par bade bade pimples ho gaye hain jo phootne ke baad daag chhod jaate hain.,Dermatologist (Skin),New Suggestion
Pair ke talwe mein ek boil hai jisse chalna mushkil ho raha hai.,Dermatologist (Skin),New Suggestion
Kohni ke paas ek furuncle nikla hai jo baar baar wapas aa jata hai.,Dermatologist (Skin),New Suggestion
"Body par jagah jagah chhote chhote til hain, kya ye normal hai check karana hai.",Dermatologist (Skin),New Suggestion
Kamar ke niche ek bada abscess ban gaya hai jisme bukhar bhi aa raha hai.,Dermatologist (Skin),New Suggestion
Hath ki ungli ke paas ek daana ho gaya hai jisme pus aur dard dono hai.,Dermatologist (Skin),New Suggestion
Maathe par ek naya mole ubhar aaya hai jiska color badal raha hai.,Dermatologist (Skin),New Suggestion
"Jaw line ke paas baar baar boils nikalte hain, permanent ilaaj chahiye.",Dermatologist (Skin),New Suggestion
"Achanak se poore body mein garmi ka jhonka aata hai aur paseena chhoot jaata hai, ye kaafi der se ho raha hai.",Gynaecologist,New Suggestion
Raat ko sote waqt achanak bahut garmi lagne lagti hai aur paseena aane lagta hai.,Gynaecologist,New Suggestion
"Umar ke is padaav mein baar baar hot flashes hote hain, din mein kai baar.",Gynaecologist,New Suggestion
"Chehre aur gardan par achanak garmi aur laalpan aa jaata hai, kuch minute mein khatm ho jaata hai.",Gynaecologist,New Suggestion
50 saal ki umar ke baad se achanak garmi ke jhonke aur paseena aana shuru ho gaya hai.,Gynaecologist,New Suggestion
Neend ke beech mein achanak paseena aane se aankh khul jaati hai.,Gynaecologist,New Suggestion
Din mein bina wajah achanak badan garam ho jaata hai aur dil dhadakne lagta hai.,Gynaecologist,New Suggestion
Hot flashes ke saath saath chidchidapan aur neend na aana bhi ho raha hai.,Gynaecologist,New Suggestion
"Periods pichle kai mahino se bilkul band ho gaye hain, umar bhi 48 ke aas paas hai.",Gynaecologist,New Suggestion
Menopause ke baad se mood swings aur chidchidapan bahut badh gaya hai.,Gynaecologist,New Suggestion
Periods band hone ke baad se vagina mein sookhapan aur dard mehsoos hota hai.,Gynaecologist,New Suggestion
"Menopause ke symptoms ke baare mein baat karni hai, hot flashes aur neend ki problem ho rahi hai.",Gynaecologist,New Suggestion
"Umar ke saath periods irregular hoke ab bilkul band ho gaye hain, kya ye normal hai.",Gynaecologist,New Suggestion
Menopause ke baad se haddiyon mein kamzori aur dard mehsoos hone laga hai.,Gynaecologist,New Suggestion
Periods band hone ke baad weight bhi badh raha hai aur mood bhi theek nahi rehta.,Gynaecologist,New Suggestion
Menopause ke doraan bahut zyada thakan aur concentration mein dikkat ho rahi hai.,Gynaecologist,New Suggestion
Periods ruk gaye hain aur saath mein baalon ka jhadna bhi badh gaya hai.,Gynaecologist,New Suggestion
"Menopause ke baad se sex ke doraan dard hone laga hai, consultation chahiye.",Gynaecologist,New Suggestion
Periods se pehle har mahine bahut zyada mood swings aur irritation hoti hai.,Gynaecologist,New Suggestion
Periods aane se pehle stomach mein cramps aur bloating ho jaati hai.,Gynaecologist,New Suggestion
PMS ke doraan breasts mein sujan aur dard mehsoos hota hai.,Gynaecologist,New Suggestion
Periods se ek hafta pehle bahut zyada thakan aur sar dard hota hai.,Gynaecologist,New Suggestion
Periods ke pehle chidchidapan aur rone ka man karta hai bina wajah.,Gynaecologist,New Suggestion
Har mahine periods se pehle acne aur skin problems badh jaati hain.,Gynaecologist,New Suggestion
PMS mein cravings bahut badh jaati hain aur neend bhi disturb hoti hai.,Gynaecologist,New Suggestion
"Periods se pehle kamar aur pait mein bahut dard hota hai, normal hai kya.",Gynaecologist,New Suggestion
Mahine ke us waqt se pehle anxiety aur restlessness bahut hoti hai.,Gynaecologist,New Suggestion
Periods se pehle bahut zyada bloating aur weight badhne jaisa lagta hai.,Gynaecologist,New Suggestion
"Periods ke doraan bahut zyada bleeding hoti hai, clots bhi aate hain.",Gynaecologist,New Suggestion
"Pet ke niche ek gaanth jaisi mehsoos hoti hai, fibroid ka shaq hai.",Gynaecologist,New Suggestion
Periods ke alawa bhi beech beech mein spotting ho jaati hai.,Gynaecologist,New Suggestion
Pelvic area mein lagataar dard rehta hai kai hafton se.,Gynaecologist,New Suggestion
Periods bahut lambe chalte hain aur kaafi paining bhi hote hain.,Gynaecologist,New Suggestion
"Uterus mein cyst hone ka doctor ne shaq jataya tha, dobara check karana hai.",Gynaecologist,New Suggestion
"Sex ke baad halka bleeding hota hai, uterus ki problem lagti hai.",Gynaecologist,New Suggestion
Periods ke time itna zyada dard hota hai ki kaam karna mushkil ho jaata hai.,Gynaecologist,New Suggestion
Pet phoola hua rehta hai aur pelvic pressure jaisa mehsoos hota hai.,Gynaecologist,New Suggestion
"Uterus mein infection ka shaq hai, discharge bhi ho raha hai.",Gynaecologist,New Suggestion
Umar ke saath paas ki cheezein padhne mein bahut dikkat hone lagi hai.,Ophthalmologist (Eye),New Suggestion
Raat ko gaadi chalate waqt saamne se aane wali lights bahut chubhti hain.,Ophthalmologist (Eye),New Suggestion
"Aankhon ke saamne dhundlapan sa rehta hai, cataract ka shaq hai.",Ophthalmologist (Eye),New Suggestion
Doosron logo ke chehre pehchanne mein dikkat ho rahi hai door se.,Ophthalmologist (Eye),New Suggestion
Aankhon mein dryness aur khujli rehti hai poore din.,Ophthalmologist (Eye),New Suggestion
"Seedhi lines tedhi dikhti hain kabhi kabhi, macular degeneration ka dar hai.",Ophthalmologist (Eye),New Suggestion
Chashma badalne ke baad bhi saaf dikhna band ho gaya hai.,Ophthalmologist (Eye),New Suggestion
Umar badhne ke saath night vision bahut kamzor ho gayi hai.,Ophthalmologist (Eye),New Suggestion
"Aankhon mein pressure jaisa mehsoos hota hai, glaucoma check karana hai.",Ophthalmologist (Eye),New Suggestion
Padhte waqt letters double dikhte hain kabhi kabhi.,Ophthalmologist (Eye),New Suggestion
Shaadi ko 2 saal ho gaye hain lekin pregnancy nahi ho pa rahi.,Gynaecologist,New Suggestion
Periods regular hone ke baad bhi conceive nahi kar pa rahe hain.,Gynaecologist,New Suggestion
"Doctor ne bataya tha PCOS hai, isi wajah se pregnancy mein dikkat aa rahi hai lagta hai.",Gynaecologist,New Suggestion
Kai mahino ki koshish ke baad bhi pregnancy test negative aata hai.,Gynaecologist,New Suggestion
"Infertility ke tests karwane hain, natural tareeke se pregnancy nahi ho rahi.",Gynaecologist,New Suggestion
Ovulation tracking karne ke baad bhi conceive nahi ho paa raha.,Gynaecologist,New Suggestion
Pehle miscarriage ho chuka hai aur ab dobara pregnant nahi ho pa rahi.,Gynaecologist,New Suggestion
"Fertility specialist se milna hai, kaafi time se try kar rahe hain.",Gynaecologist,New Suggestion
"Tubes block hone ka shaq hai, isliye pregnancy nahi ho rahi shayad.",Gynaecologist,New Suggestion
"IVF ke baare mein jaankari chahiye, natural tareeke se result nahi mil raha.",Gynaecologist,New Suggestion
Sperm count kam hone ki wajah se pregnancy mein dikkat aa rahi hai shayad.,Urologist,New Suggestion
Fertility test mein pata chala tha sperm quality theek nahi hai.,Urologist,New Suggestion
"Kaafi time se try kar rahe hain lekin wife pregnant nahi ho pa rahi, mujhe bhi check karana hai.",Urologist,New Suggestion
Varicocele ki wajah se fertility par asar padne ka shaq hai.,Urologist,New Suggestion
"Semen analysis karwana hai, infertility ka issue lag raha hai.",Urologist,New Suggestion
Hormone imbalance ki wajah se sperm production kam hai shayad.,Urologist,New Suggestion
Testicles mein swelling hai jo fertility ko affect kar sakti hai.,Urologist,New Suggestion
Doctor ne bola tha low testosterone infertility ki wajah ho sakta hai.,Urologist,New Suggestion
"Haath cooking gas se jal gaya hai, turant chhale pad gaye hain.",Emergency Medicine Specialist,New Suggestion
Garam tel giraane se tang par gehra jalne ka nishan ban gaya hai abhi abhi.,Emergency Medicine Specialist,New Suggestion
"Bachhe ka haath garam paani se jal gaya hai, skin lal ho gayi hai.",Emergency Medicine Specialist,New Suggestion
Electric shock lagne ke baad haath par jalne ke nishan hain.,Emergency Medicine Specialist,New Suggestion
"Kitchen mein accident se chehra jal gaya hai, turant madad chahiye.",Emergency Medicine Specialist,New Suggestion
"Gehri jalne ki wajah se skin poori tarah kaali pad gayi hai, emergency hai.",Emergency Medicine Specialist,New Suggestion
"Purani jalne ki chot ke nishan haath par reh gaye hain, unhe theek karwana hai.",Plastic Surgeon,New Suggestion
"Jalne ke baad skin ekdum tight ho gayi hai, movement mein dikkat ho rahi hai.",Plastic Surgeon,New Suggestion
"Bachpan mein jalne wali jagah par ab bhi gehra scar hai, surgery se theek ho sakta hai kya.",Plastic Surgeon,New Suggestion
Jalne ke baad skin grafting ke baare mein consultation chahiye.,Plastic Surgeon,New Suggestion
"Chehre par jalne ka purana daag hai, cosmetic treatment karwana hai.",Plastic Surgeon,New Suggestion
Second degree burn ke baad se skin discolor ho gayi hai permanently.,Plastic Surgeon,New Suggestion
Skin par safed safed patches ban rahe hain jo dheere dheere badh rahe hain.,Dermatologist (Skin),New Suggestion
"Hathon par safed daag ho gaye hain, doctor ne vitiligo bataya tha.",Dermatologist (Skin),New Suggestion
Chehre par safed patch aaya hai jisse pigment poori tarah gayab lagta hai.,Dermatologist (Skin),New Suggestion
"Body par jagah jagah white patches phail rahe hain, ilaaj karana hai.",Dermatologist (Skin),New Suggestion
Ungliyon ke paas skin ka color halka hoke safed ho gaya hai.,Dermatologist (Skin),New Suggestion
"Vitiligo ke liye koi naya treatment hai kya, patches badh rahe hain.",Dermatologist (Skin),New Suggestion
"Honth ke paas ki skin ka color ud gaya hai, safed dikhta hai.",Dermatologist (Skin),New Suggestion
Ek chhota safed patch tha jo ab poore hath par phail gaya hai.,Dermatologist (Skin),New Suggestion
Khana khane ke baad seene mein jalan hoti hai roz roz.,Gastroenterologist,New Suggestion
Khatte dakaar aane ke saath seene mein bhi jalan mehsoos hoti hai.,Gastroenterologist,New Suggestion
Raat ko lete waqt seene mein bahut jalan hoti hai.,Gastroenterologist,New Suggestion
Masaledar khana khane ke baad heartburn ho jaata hai har baar.,Gastroenterologist,New Suggestion
Seene mein jalan ke saath gale tak khatta pani aa jaata hai.,Gastroenterologist,New Suggestion
Khana khate hi seene ke beech mein jalan shuru ho jaati hai.,Gastroenterologist,New Suggestion
Acidity aur heartburn ki problem roz ho rahi hai khane ke baad.,Gastroenterologist,New Suggestion
Chai peene ke baad bhi seene mein jalan hone lagti hai aajkal.,Gastroenterologist,New Suggestion
"Pacemaker lagwaya tha pichle saal, ab chest mein halka dard ho raha hai.",Cardiologist (Heart),New Suggestion
"Pacemaker ki battery check karwani hai, kitne saal chalegi janna hai.",Cardiologist (Heart),New Suggestion
Dil ki dhadkan pacemaker lagne ke baad bhi kabhi kabhi irregular lagti hai.,Cardiologist (Heart),New Suggestion
"ICD device lagwaya tha, uska follow up check karana hai.",Cardiologist (Heart),New Suggestion
Pacemaker ke aas paas ki skin mein sujan aur dard hai.,Cardiologist (Heart),New Suggestion
Device lagne ke baad se chakkar aur weakness mehsoos hoti hai kabhi kabhi.,Cardiologist (Heart),New Suggestion
"Pacemaker ka alarm baj raha tha ghar par, samajh nahi aaya kya karein.",Cardiologist (Heart),New Suggestion
"Stent dalwaya tha kuch mahine pehle, ab seene mein halka discomfort hai.",Cardiologist (Heart),New Suggestion
haath mein phora ho gya hai,Dermatologist (Skin),Original
haath mein phora hai,Dermatologist (Skin),Original
Tang mein phora ho gya hai.,Dermatologist (Skin),New Suggestion
Tang mein phora hai.,Dermatologist (Skin),New Suggestion
Pair mein phora ho gya hai.,Dermatologist (Skin),New Suggestion
Pair mein phora hai.,Dermatologist (Skin),New Suggestion
Chehre mein phora ho gya hai.,Dermatologist (Skin),New Suggestion
Chehre mein phora hai.,Dermatologist (Skin),New Suggestion
Peeth mein phora ho gya hai.,Dermatologist (Skin),New Suggestion
Peeth mein phora hai.,Dermatologist (Skin),New Suggestion
Gardan mein phora ho gya hai.,Dermatologist (Skin),New Suggestion
Gardan mein phora hai.,Dermatologist (Skin),New Suggestion
Pet mein phora ho gya hai.,Dermatologist (Skin),New Suggestion
Pet mein phora hai.,Dermatologist (Skin),New Suggestion
Jaangh mein phora ho gya hai.,Dermatologist (Skin),New Suggestion
Jaangh mein phora hai.,Dermatologist (Skin),New Suggestion
Kohni mein phora ho gya hai.,Dermatologist (Skin),New Suggestion
Kohni mein phora hai.,Dermatologist (Skin),New Suggestion
Kamar mein phora ho gya hai.,Dermatologist (Skin),New Suggestion
Kamar mein phora hai.,Dermatologist (Skin),New Suggestion
Bagal mein phora ho gya hai.,Dermatologist (Skin),New Suggestion
Bagal mein phora hai.,Dermatologist (Skin),New Suggestion
Ungli mein phora ho gya hai.,Dermatologist (Skin),New Suggestion
Ungli mein phora hai.,Dermatologist (Skin),New Suggestion
Maathe mein phora ho gya hai.,Dermatologist (Skin),New Suggestion
Maathe mein phora hai.,Dermatologist (Skin),New Suggestion
Ghutne mein phora ho gya hai.,Dermatologist (Skin),New Suggestion
Ghutne mein phora hai.,Dermatologist (Skin),New Suggestion
Kandhe mein phora ho gya hai.,Dermatologist (Skin),New Suggestion
Kandhe mein phora hai.,Dermatologist (Skin),New Suggestion
Seene mein phora ho gya hai.,Dermatologist (Skin),New Suggestion
Seene mein phora hai.,Dermatologist (Skin),New Suggestion
Kaan mein phora ho gya hai.,Dermatologist (Skin),New Suggestion
Kaan mein phora hai.,Dermatologist (Skin),New Suggestion
Naak mein phora ho gya hai.,Dermatologist (Skin),New Suggestion
Naak mein phora hai.,Dermatologist (Skin),New Suggestion
Thodi mein phora ho gya hai.,Dermatologist (Skin),New Suggestion
Thodi mein phora hai.,Dermatologist (Skin),New Suggestion
Gaal mein phora ho gya hai.,Dermatologist (Skin),New Suggestion
Gaal mein phora hai.,Dermatologist (Skin),New Suggestion
Kulhe mein phora ho gya hai.,Dermatologist (Skin),New Suggestion
Kulhe mein phora hai.,Dermatologist (Skin),New Suggestion
Sar mein phora ho gya hai.,Dermatologist (Skin),New Suggestion
Sar mein phora hai.,Dermatologist (Skin),New Suggestion
Baju mein phora ho gya hai.,Dermatologist (Skin),New Suggestion
Baju mein phora hai.,Dermatologist (Skin),New Suggestion
Tang mein phoda ho gya hai.,Dermatologist (Skin),Spelling Variation of: Tang mein phora ho gya hai.
Tang mein phoda hai.,Dermatologist (Skin),Spelling Variation of: Tang mein phora hai.
Tang mein pora ho gya hai.,Dermatologist (Skin),Spelling Variation of: Tang mein phora ho gya hai.
Tang mein pora hai.,Dermatologist (Skin),Spelling Variation of: Tang mein phora hai.
Pair mein phoda ho gya hai.,Dermatologist (Skin),Spelling Variation of: Pair mein phora ho gya hai.
Pair mein phoda hai.,Dermatologist (Skin),Spelling Variation of: Pair mein phora hai.
Pair mein pora ho gya hai.,Dermatologist (Skin),Spelling Variation of: Pair mein phora ho gya hai.
Pair mein pora hai.,Dermatologist (Skin),Spelling Variation of: Pair mein phora hai.
Chehre mein phoda ho gya hai.,Dermatologist (Skin),Spelling Variation of: Chehre mein phora ho gya hai.
Chehre mein phoda hai.,Dermatologist (Skin),Spelling Variation of: Chehre mein phora hai.
Chehre mein pora ho gya hai.,Dermatologist (Skin),Spelling Variation of: Chehre mein phora ho gya hai.
Chehre mein pora hai.,Dermatologist (Skin),Spelling Variation of: Chehre mein phora hai.
Peeth mein phoda ho gya hai.,Dermatologist (Skin),Spelling Variation of: Peeth mein phora ho gya hai.
Peeth mein phoda hai.,Dermatologist (Skin),Spelling Variation of: Peeth mein phora hai.
Peeth mein pora ho gya hai.,Dermatologist (Skin),Spelling Variation of: Peeth mein phora ho gya hai.
Peeth mein pora hai.,Dermatologist (Skin),Spelling Variation of: Peeth mein phora hai.
Gardan mein phoda ho gya hai.,Dermatologist (Skin),Spelling Variation of: Gardan mein phora ho gya hai.
Gardan mein phoda hai.,Dermatologist (Skin),Spelling Variation of: Gardan mein phora hai.
Gardan mein pora ho gya hai.,Dermatologist (Skin),Spelling Variation of: Gardan mein phora ho gya hai.
Gardan mein pora hai.,Dermatologist (Skin),Spelling Variation of: Gardan mein phora hai.
Pet mein phoda ho gya hai.,Dermatologist (Skin),Spelling Variation of: Pet mein phora ho gya hai.
Pet mein phoda hai.,Dermatologist (Skin),Spelling Variation of: Pet mein phora hai.
Pet mein pora ho gya hai.,Dermatologist (Skin),Spelling Variation of: Pet mein phora ho gya hai.
Pet mein pora hai.,Dermatologist (Skin),Spelling Variation of: Pet mein phora hai.
Jaangh mein phoda ho gya hai.,Dermatologist (Skin),Spelling Variation of: Jaangh mein phora ho gya hai.
Jaangh mein phoda hai.,Dermatologist (Skin),Spelling Variation of: Jaangh mein phora hai.
Jaangh mein pora ho gya hai.,Dermatologist (Skin),Spelling Variation of: Jaangh mein phora ho gya hai.
Jaangh mein pora hai.,Dermatologist (Skin),Spelling Variation of: Jaangh mein phora hai.
Kohni mein phoda ho gya hai.,Dermatologist (Skin),Spelling Variation of: Kohni mein phora ho gya hai.
Kohni mein phoda hai.,Dermatologist (Skin),Spelling Variation of: Kohni mein phora hai.
Kohni mein pora ho gya hai.,Dermatologist (Skin),Spelling Variation of: Kohni mein phora ho gya hai.
Kohni mein pora hai.,Dermatologist (Skin),Spelling Variation of: Kohni mein phora hai.
Kamar mein phoda ho gya hai.,Dermatologist (Skin),Spelling Variation of: Kamar mein phora ho gya hai.
Kamar mein phoda hai.,Dermatologist (Skin),Spelling Variation of: Kamar mein phora hai.
Kamar mein pora ho gya hai.,Dermatologist (Skin),Spelling Variation of: Kamar mein phora ho gya hai.
Kamar mein pora hai.,Dermatologist (Skin),Spelling Variation of: Kamar mein phora hai.
Bagal mein phoda ho gya hai.,Dermatologist (Skin),Spelling Variation of: Bagal mein phora ho gya hai.
Bagal mein phoda hai.,Dermatologist (Skin),Spelling Variation of: Bagal mein phora hai.
Bagal mein pora ho gya hai.,Dermatologist (Skin),Spelling Variation of: Bagal mein phora ho gya hai.
Bagal mein pora hai.,Dermatologist (Skin),Spelling Variation of: Bagal mein phora hai.
Ungli mein phoda ho gya hai.,Dermatologist (Skin),Spelling Variation of: Ungli mein phora ho gya hai.
Ungli mein phoda hai.,Dermatologist (Skin),Spelling Variation of: Ungli mein phora hai.
Ungli mein pora ho gya hai.,Dermatologist (Skin),Spelling Variation of: Ungli mein phora ho gya hai.
Ungli mein pora hai.,Dermatologist (Skin),Spelling Variation of: Ungli mein phora hai.
Maathe mein phoda ho gya hai.,Dermatologist (Skin),Spelling Variation of: Maathe mein phora ho gya hai.
Maathe mein phoda hai.,Dermatologist (Skin),Spelling Variation of: Maathe mein phora hai.
Maathe mein pora ho gya hai.,Dermatologist (Skin),Spelling Variation of: Maathe mein phora ho gya hai.
Maathe mein pora hai.,Dermatologist (Skin),Spelling Variation of: Maathe mein phora hai.
Ghutne mein phoda ho gya hai.,Dermatologist (Skin),Spelling Variation of: Ghutne mein phora ho gya hai.
Ghutne mein phoda hai.,Dermatologist (Skin),Spelling Variation of: Ghutne mein phora hai.
Ghutne mein pora ho gya hai.,Dermatologist (Skin),Spelling Variation of: Ghutne mein phora ho gya hai.
Ghutne mein pora hai.,Dermatologist (Skin),Spelling Variation of: Ghutne mein phora hai.
Kandhe mein phoda ho gya hai.,Dermatologist (Skin),Spelling Variation of: Kandhe mein phora ho gya hai.
Kandhe mein phoda hai.,Dermatologist (Skin),Spelling Variation of: Kandhe mein phora hai.
Kandhe mein pora ho gya hai.,Dermatologist (Skin),Spelling Variation of: Kandhe mein phora ho gya hai.
Kandhe mein pora hai.,Dermatologist (Skin),Spelling Variation of: Kandhe mein phora hai.
Seene mein phoda ho gya hai.,Dermatologist (Skin),Spelling Variation of: Seene mein phora ho gya hai.
Seene mein phoda hai.,Dermatologist (Skin),Spelling Variation of: Seene mein phora hai.
Seene mein pora ho gya hai.,Dermatologist (Skin),Spelling Variation of: Seene mein phora ho gya hai.
Seene mein pora hai.,Dermatologist (Skin),Spelling Variation of: Seene mein phora hai.
Kaan mein phoda ho gya hai.,Dermatologist (Skin),Spelling Variation of: Kaan mein phora ho gya hai.
Kaan mein phoda hai.,Dermatologist (Skin),Spelling Variation of: Kaan mein phora hai.
Kaan mein pora ho gya hai.,Dermatologist (Skin),Spelling Variation of: Kaan mein phora ho gya hai.
Kaan mein pora hai.,Dermatologist (Skin),Spelling Variation of: Kaan mein phora hai.
Naak mein phoda ho gya hai.,Dermatologist (Skin),Spelling Variation of: Naak mein phora ho gya hai.
Naak mein phoda hai.,Dermatologist (Skin),Spelling Variation of: Naak mein phora hai.
Naak mein pora ho gya hai.,Dermatologist (Skin),Spelling Variation of: Naak mein phora ho gya hai.
Naak mein pora hai.,Dermatologist (Skin),Spelling Variation of: Naak mein phora hai.
Thodi mein phoda ho gya hai.,Dermatologist (Skin),Spelling Variation of: Thodi mein phora ho gya hai.
Thodi mein phoda hai.,Dermatologist (Skin),Spelling Variation of: Thodi mein phora hai.
Thodi mein pora ho gya hai.,Dermatologist (Skin),Spelling Variation of: Thodi mein phora ho gya hai.
Thodi mein pora hai.,Dermatologist (Skin),Spelling Variation of: Thodi mein phora hai.
Gaal mein phoda ho gya hai.,Dermatologist (Skin),Spelling Variation of: Gaal mein phora ho gya hai.
Gaal mein phoda hai.,Dermatologist (Skin),Spelling Variation of: Gaal mein phora hai.
Gaal mein pora ho gya hai.,Dermatologist (Skin),Spelling Variation of: Gaal mein phora ho gya hai.
Gaal mein pora hai.,Dermatologist (Skin),Spelling Variation of: Gaal mein phora hai.
Kulhe mein phoda ho gya hai.,Dermatologist (Skin),Spelling Variation of: Kulhe mein phora ho gya hai.
Kulhe mein phoda hai.,Dermatologist (Skin),Spelling Variation of: Kulhe mein phora hai.
Kulhe mein pora ho gya hai.,Dermatologist (Skin),Spelling Variation of: Kulhe mein phora ho gya hai.
Kulhe mein pora hai.,Dermatologist (Skin),Spelling Variation of: Kulhe mein phora hai.
Sar mein phoda ho gya hai.,Dermatologist (Skin),Spelling Variation of: Sar mein phora ho gya hai.
Sar mein phoda hai.,Dermatologist (Skin),Spelling Variation of: Sar mein phora hai.
Sar mein pora ho gya hai.,Dermatologist (Skin),Spelling Variation of: Sar mein phora ho gya hai.
Sar mein pora hai.,Dermatologist (Skin),Spelling Variation of: Sar mein phora hai.
Baju mein phoda ho gya hai.,Dermatologist (Skin),Spelling Variation of: Baju mein phora ho gya hai.
Baju mein phoda hai.,Dermatologist (Skin),Spelling Variation of: Baju mein phora hai.
Baju mein pora ho gya hai.,Dermatologist (Skin),Spelling Variation of: Baju mein phora ho gya hai.
Baju mein pora hai.,Dermatologist (Skin),Spelling Variation of: Baju mein phora hai.
haath mein phoda ho gya hai,Dermatologist (Skin),Spelling Variation of: haath mein phora ho gya hai
haath mein phoda hai,Dermatologist (Skin),Spelling Variation of: haath mein phora hai
haath mein pora ho gya hai,Dermatologist (Skin),Spelling Variation of: haath mein phora ho gya hai
haath mein pora hai,Dermatologist (Skin),Spelling Variation of: haath mein phora hai
hath mein phora ho gya hai,Dermatologist (Skin),Spelling Variation of: haath mein phora ho gya hai
hath mein phora hai,Dermatologist (Skin),Spelling Variation of: haath mein phora hai
hath mein phoda ho gya hai,Dermatologist (Skin),Spelling Variation of: haath mein phora ho gya hai
hath mein phoda hai,Dermatologist (Skin),Spelling Variation of: haath mein phora hai
hath mein pora ho gya hai,Dermatologist (Skin),Spelling Variation of: haath mein phora ho gya hai
hath mein pora hai,Dermatologist (Skin),Spelling Variation of: haath mein phora hai
hand mein phora ho gya hai,Dermatologist (Skin),Variation of: haath mein phora ho gya hai
hand mein phora hai,Dermatologist (Skin),Variation of: haath mein phora hai
hand mein phoda ho gya hai,Dermatologist (Skin),Variation of: haath mein phora ho gya hai
hand mein phoda hai,Dermatologist (Skin),Variation of: haath mein phora hai
hand mein pora ho gya hai,Dermatologist (Skin),Variation of: haath mein phora ho gya hai
hand mein pora hai,Dermatologist (Skin),Variation of: haath mein phora hai
Ghutna mein phora ho gya hai.,Dermatologist (Skin),Spelling Variation of: Ghutne mein phora ho gya hai.
Ghutna mein phora hai.,Dermatologist (Skin),Spelling Variation of: Ghutne mein phora hai.
Ghutna mein phoda ho gya hai.,Dermatologist (Skin),Spelling Variation of: Ghutne mein phora ho gya hai.
Ghutna mein phoda hai.,Dermatologist (Skin),Spelling Variation of: Ghutne mein phora hai.
Ghutna mein pora ho gya hai.,Dermatologist (Skin),Spelling Variation of: Ghutne mein phora ho gya hai.
Ghutna mein pora hai.,Dermatologist (Skin),Spelling Variation of: Ghutne mein phora hai.
Kandha mein phora ho gya hai.,Dermatologist (Skin),Spelling Variation of: Kandhe mein phora ho gya hai.
Kandha mein phora hai.,Dermatologist (Skin),Spelling Variation of: Kandhe mein phora hai.
Kandha mein phoda ho gya hai.,Dermatologist (Skin),Spelling Variation of: Kandhe mein phora ho gya hai.
Kandha mein phoda hai.,Dermatologist (Skin),Spelling Variation of: Kandhe mein phora hai.
Kandha mein pora ho gya hai.,Dermatologist (Skin),Spelling Variation of: Kandhe mein phora ho gya hai.
Kandha mein pora hai.,Dermatologist (Skin),Spelling Variation of: Kandhe mein phora hai.
Sir mein phora ho gya hai.,Dermatologist (Skin),Spelling Variation of: Sar mein phora ho gya hai.
Sir mein phora hai.,Dermatologist (Skin),Spelling Variation of: Sar mein phora hai.
Sir mein phoda ho gya hai.,Dermatologist (Skin),Spelling Variation of: Sar mein phora ho gya hai.
Sir mein phoda hai.,Dermatologist (Skin),Spelling Variation of: Sar mein phora hai.
Sir mein pora ho gya hai.,Dermatologist (Skin),Spelling Variation of: Sar mein phora ho gya hai.
Sir mein pora hai.,Dermatologist (Skin),Spelling Variation of: Sar mein phora hai.
